Started GET "/" for 127.0.0.1 at 2026-05-19 08:36:55 +0530
  [1m[35m (2.6ms)[0m  [1m[35mCREATE TABLE "schema_migrations" ("version" varchar NOT NULL PRIMARY KEY) /*application='StremioYoutubeManager'*/[0m
  [1m[35m (0.3ms)[0m  [1m[35mCREATE TABLE "ar_internal_metadata" ("key" varchar NOT NULL PRIMARY KEY, "value" varchar, "created_at" datetime(6) NOT NULL, "updated_at" datetime(6) NOT NULL) /*application='StremioYoutubeManager'*/[0m
  [1m[36mActiveRecord::SchemaMigration Load (0.4ms)[0m  [1m[34mSELECT "schema_migrations"."version" FROM "schema_migrations" ORDER BY "schema_migrations"."version" ASC /*application='StremioYoutubeManager'*/[0m
Processing by Rails::WelcomeController#index as HTML
  Rendering /home/shaswat/repo/github/stremio-youtube-addon/.gems/ruby/3.3.0/gems/railties-8.1.3/lib/rails/templates/rails/welcome/index.html.erb
  Rendered /home/shaswat/repo/github/stremio-youtube-addon/.gems/ruby/3.3.0/gems/railties-8.1.3/lib/rails/templates/rails/welcome/index.html.erb (Duration: 1.7ms | GC: 0.0ms)
Completed 200 OK in 72ms (Views: 15.2ms | ActiveRecord: 0.0ms (0 queries, 0 cached) | GC: 31.2ms)


Started GET "/" for 127.0.0.1 at 2026-05-19 09:02:13 +0530
  [1m[36mActiveRecord::SchemaMigration Load (0.5ms)[0m  [1m[34mSELECT "schema_migrations"."version" FROM "schema_migrations" ORDER BY "schema_migrations"."version" ASC /*application='StremioYoutubeManager'*/[0m
  
ActiveRecord::PendingMigrationError (

Migrations are pending. To resolve this issue, run:

        bin/rails db:migrate

You have 1 pending migration:

db/migrate/20260519033201_create_movies.rb


):
  
activerecord (8.1.3) lib/active_record/migration.rb:743:in `check_pending_migrations'
activerecord (8.1.3) lib/active_record/migration.rb:660:in `block (2 levels) in call'
activesupport (8.1.3) lib/active_support/file_update_checker.rb:88:in `execute'
activerecord (8.1.3) lib/active_record/migration.rb:665:in `block in call'
activerecord (8.1.3) lib/active_record/migration.rb:657:in `synchronize'
activerecord (8.1.3) lib/active_record/migration.rb:657:in `call'
actionpack (8.1.3) lib/action_dispatch/middleware/callbacks.rb:31:in `block in call'
activesupport (8.1.3) lib/active_support/callbacks.rb:101:in `run_callbacks'
actionpack (8.1.3) lib/action_dispatch/middleware/callbacks.rb:30:in `call'
actionpack (8.1.3) lib/action_dispatch/middleware/executor.rb:20:in `call'
actionpack (8.1.3) lib/action_dispatch/middleware/actionable_exceptions.rb:18:in `call'
actionpack (8.1.3) lib/action_dispatch/middleware/debug_exceptions.rb:31:in `call'
web-console (4.3.0) lib/web_console/middleware.rb:132:in `call_app'
web-console (4.3.0) lib/web_console/middleware.rb:28:in `block in call'
web-console (4.3.0) lib/web_console/middleware.rb:17:in `catch'
web-console (4.3.0) lib/web_console/middleware.rb:17:in `call'
actionpack (8.1.3) lib/action_dispatch/middleware/show_exceptions.rb:32:in `call'
railties (8.1.3) lib/rails/rack/logger.rb:41:in `call_app'
railties (8.1.3) lib/rails/rack/logger.rb:29:in `call'
propshaft (1.3.2) lib/propshaft/quiet_assets.rb:11:in `call'
actionpack (8.1.3) lib/action_dispatch/middleware/remote_ip.rb:98:in `call'
actionpack (8.1.3) lib/action_dispatch/middleware/request_id.rb:34:in `call'
rack (3.2.6) lib/rack/method_override.rb:28:in `call'
rack (3.2.6) lib/rack/runtime.rb:24:in `call'
activesupport (8.1.3) lib/active_support/cache/strategy/local_cache_middleware.rb:30:in `call'
actionpack (8.1.3) lib/action_dispatch/middleware/server_timing.rb:61:in `block in call'
actionpack (8.1.3) lib/action_dispatch/middleware/server_timing.rb:26:in `collect_events'
actionpack (8.1.3) lib/action_dispatch/middleware/server_timing.rb:60:in `call'
actionpack (8.1.3) lib/action_dispatch/middleware/executor.rb:20:in `call'
propshaft (1.3.2) lib/propshaft/server.rb:37:in `call'
actionpack (8.1.3) lib/action_dispatch/middleware/static.rb:27:in `call'
rack (3.2.6) lib/rack/sendfile.rb:131:in `call'
actionpack (8.1.3) lib/action_dispatch/middleware/host_authorization.rb:143:in `call'
railties (8.1.3) lib/rails/engine.rb:534:in `call'
puma (8.0.1) lib/puma/configuration.rb:305:in `call'
puma (8.0.1) lib/puma/response.rb:79:in `block in handle_request'
puma (8.0.1) lib/puma/thread_pool.rb:434:in `with_force_shutdown'
puma (8.0.1) lib/puma/response.rb:78:in `handle_request'
puma (8.0.1) lib/puma/server.rb:508:in `process_client'
puma (8.0.1) lib/puma/server.rb:263:in `block in run'
puma (8.0.1) lib/puma/thread_pool.rb:246:in `block in spawn_thread'
Started GET "/favicon.ico" for 127.0.0.1 at 2026-05-19 09:02:13 +0530
  [1m[36mActiveRecord::SchemaMigration Load (0.5ms)[0m  [1m[34mSELECT "schema_migrations"."version" FROM "schema_migrations" ORDER BY "schema_migrations"."version" ASC /*application='StremioYoutubeManager'*/[0m
  
ActiveRecord::PendingMigrationError (

Migrations are pending. To resolve this issue, run:

        bin/rails db:migrate

You have 1 pending migration:

db/migrate/20260519033201_create_movies.rb


):
  
activerecord (8.1.3) lib/active_record/migration.rb:743:in `check_pending_migrations'
activerecord (8.1.3) lib/active_record/migration.rb:660:in `block (2 levels) in call'
activesupport (8.1.3) lib/active_support/file_update_checker.rb:88:in `execute'
activerecord (8.1.3) lib/active_record/migration.rb:665:in `block in call'
activerecord (8.1.3) lib/active_record/migration.rb:657:in `synchronize'
activerecord (8.1.3) lib/active_record/migration.rb:657:in `call'
actionpack (8.1.3) lib/action_dispatch/middleware/callbacks.rb:31:in `block in call'
activesupport (8.1.3) lib/active_support/callbacks.rb:101:in `run_callbacks'
actionpack (8.1.3) lib/action_dispatch/middleware/callbacks.rb:30:in `call'
actionpack (8.1.3) lib/action_dispatch/middleware/executor.rb:20:in `call'
actionpack (8.1.3) lib/action_dispatch/middleware/actionable_exceptions.rb:18:in `call'
actionpack (8.1.3) lib/action_dispatch/middleware/debug_exceptions.rb:31:in `call'
web-console (4.3.0) lib/web_console/middleware.rb:132:in `call_app'
web-console (4.3.0) lib/web_console/middleware.rb:28:in `block in call'
web-console (4.3.0) lib/web_console/middleware.rb:17:in `catch'
web-console (4.3.0) lib/web_console/middleware.rb:17:in `call'
actionpack (8.1.3) lib/action_dispatch/middleware/show_exceptions.rb:32:in `call'
railties (8.1.3) lib/rails/rack/logger.rb:41:in `call_app'
railties (8.1.3) lib/rails/rack/logger.rb:29:in `call'
propshaft (1.3.2) lib/propshaft/quiet_assets.rb:11:in `call'
actionpack (8.1.3) lib/action_dispatch/middleware/remote_ip.rb:98:in `call'
actionpack (8.1.3) lib/action_dispatch/middleware/request_id.rb:34:in `call'
rack (3.2.6) lib/rack/method_override.rb:28:in `call'
rack (3.2.6) lib/rack/runtime.rb:24:in `call'
activesupport (8.1.3) lib/active_support/cache/strategy/local_cache_middleware.rb:30:in `call'
actionpack (8.1.3) lib/action_dispatch/middleware/server_timing.rb:61:in `block in call'
actionpack (8.1.3) lib/action_dispatch/middleware/server_timing.rb:26:in `collect_events'
actionpack (8.1.3) lib/action_dispatch/middleware/server_timing.rb:60:in `call'
actionpack (8.1.3) lib/action_dispatch/middleware/executor.rb:20:in `call'
propshaft (1.3.2) lib/propshaft/server.rb:37:in `call'
actionpack (8.1.3) lib/action_dispatch/middleware/static.rb:27:in `call'
rack (3.2.6) lib/rack/sendfile.rb:131:in `call'
actionpack (8.1.3) lib/action_dispatch/middleware/host_authorization.rb:143:in `call'
railties (8.1.3) lib/rails/engine.rb:534:in `call'
puma (8.0.1) lib/puma/configuration.rb:305:in `call'
puma (8.0.1) lib/puma/response.rb:79:in `block in handle_request'
puma (8.0.1) lib/puma/thread_pool.rb:434:in `with_force_shutdown'
puma (8.0.1) lib/puma/response.rb:78:in `handle_request'
puma (8.0.1) lib/puma/server.rb:508:in `process_client'
puma (8.0.1) lib/puma/server.rb:263:in `block in run'
puma (8.0.1) lib/puma/thread_pool.rb:246:in `block in spawn_thread'
  [1m[36mActiveRecord::InternalMetadata Load (0.5ms)[0m  [1m[34mSELECT * FROM "ar_internal_metadata" WHERE "ar_internal_metadata"."key" = 'environment' ORDER BY "ar_internal_metadata"."key" ASC LIMIT 1 /*application='StremioYoutubeManager'*/[0m
  [1m[36mActiveRecord::InternalMetadata Create (4.2ms)[0m  [1m[32mINSERT INTO "ar_internal_metadata" ("key", "value", "created_at", "updated_at") VALUES ('environment', 'development', '2026-05-19 03:32:31.150060', '2026-05-19 03:32:31.150066') RETURNING "key" /*application='StremioYoutubeManager'*/[0m
  [1m[36mActiveRecord::SchemaMigration Load (0.3ms)[0m  [1m[34mSELECT "schema_migrations"."version" FROM "schema_migrations" ORDER BY "schema_migrations"."version" ASC /*application='StremioYoutubeManager'*/[0m
Migrating to CreateMovies (20260519033201)
  [1m[36mTRANSACTION (0.2ms)[0m  [1m[35mBEGIN immediate TRANSACTION /*application='StremioYoutubeManager'*/[0m
  [1m[35m (2.5ms)[0m  [1m[35mCREATE TABLE "movies" ("id" integer PRIMARY KEY AUTOINCREMENT NOT NULL, "title" varchar, "imdb_id" varchar, "youtube_link" varchar, "is_embeddable" boolean, "created_at" datetime(6) NOT NULL, "updated_at" datetime(6) NOT NULL) /*application='StremioYoutubeManager'*/[0m
  [1m[35m (0.3ms)[0m  [1m[35mCREATE INDEX "index_movies_on_imdb_id" ON "movies" ("imdb_id") /*application='StremioYoutubeManager'*/[0m
  [1m[36mActiveRecord::SchemaMigration Create (0.3ms)[0m  [1m[32mINSERT INTO "schema_migrations" ("version") VALUES ('20260519033201') RETURNING "version" /*application='StremioYoutubeManager'*/[0m
  [1m[36mTRANSACTION (0.2ms)[0m  [1m[35mCOMMIT TRANSACTION /*application='StremioYoutubeManager'*/[0m
  [1m[36mActiveRecord::SchemaMigration Load (0.1ms)[0m  [1m[34mSELECT "schema_migrations"."version" FROM "schema_migrations" ORDER BY "schema_migrations"."version" ASC /*application='StremioYoutubeManager'*/[0m
Started GET "/" for 127.0.0.1 at 2026-05-19 09:02:42 +0530
  [1m[36mActiveRecord::SchemaMigration Load (0.4ms)[0m  [1m[34mSELECT "schema_migrations"."version" FROM "schema_migrations" ORDER BY "schema_migrations"."version" ASC /*application='StremioYoutubeManager'*/[0m
Processing by Rails::WelcomeController#index as HTML
  Rendering /home/shaswat/repo/github/stremio-youtube-addon/.gems/ruby/3.3.0/gems/railties-8.1.3/lib/rails/templates/rails/welcome/index.html.erb
  Rendered /home/shaswat/repo/github/stremio-youtube-addon/.gems/ruby/3.3.0/gems/railties-8.1.3/lib/rails/templates/rails/welcome/index.html.erb (Duration: 1.4ms | GC: 0.0ms)
Completed 200 OK in 55ms (Views: 6.0ms | ActiveRecord: 0.0ms (0 queries, 0 cached) | GC: 40.0ms)


Started GET "/" for 127.0.0.1 at 2026-05-19 09:03:45 +0530
  [1m[36mActiveRecord::SchemaMigration Load (0.5ms)[0m  [1m[34mSELECT "schema_migrations"."version" FROM "schema_migrations" ORDER BY "schema_migrations"."version" ASC /*application='StremioYoutubeManager'*/[0m
Processing by MoviesController#index as HTML
  Rendering layout layouts/application.html.erb
  Rendering movies/index.html.erb within layouts/application
  [1m[36mMovie Load (2.0ms)[0m  [1m[34mSELECT "movies".* FROM "movies" /*action='index',application='StremioYoutubeManager',controller='movies'*/[0m
  ↳ app/views/movies/index.html.erb:9
  Rendered movies/index.html.erb within layouts/application (Duration: 9.7ms | GC: 1.3ms)
  Rendered layout layouts/application.html.erb (Duration: 32.8ms | GC: 14.3ms)
Completed 200 OK in 146ms (Views: 36.8ms | ActiveRecord: 2.8ms (1 query, 0 cached) | GC: 60.8ms)


Started GET "/movies/new" for 127.0.0.1 at 2026-05-19 09:03:47 +0530
Processing by MoviesController#new as HTML
  Rendering layout layouts/application.html.erb
  Rendering movies/new.html.erb within layouts/application
  Rendered movies/_form.html.erb (Duration: 57.1ms | GC: 28.9ms)
  Rendered movies/new.html.erb within layouts/application (Duration: 59.1ms | GC: 28.9ms)
  Rendered layout layouts/application.html.erb (Duration: 60.1ms | GC: 28.9ms)
Completed 200 OK in 132ms (Views: 63.0ms | ActiveRecord: 4.6ms (0 queries, 0 cached) | GC: 75.5ms)


Started GET "/api/v1/movies/index" for 127.0.0.1 at 2026-05-19 09:12:02 +0530
Processing by Api::V1::MoviesController#show as HTML
  Parameters: {"id"=>"index"}
  [1m[36mMovie Load (0.8ms)[0m  [1m[34mSELECT "movies".* FROM "movies" WHERE "movies"."id" = NULL LIMIT 1 /*action='show',application='StremioYoutubeManager',controller='movies'*/[0m
  ↳ app/controllers/api/v1/movies_controller.rb:40:in `set_movie'
Filter chain halted as :set_movie rendered or redirected
Completed 404 Not Found in 7ms (Views: 0.2ms | ActiveRecord: 0.8ms (1 query, 0 cached) | GC: 0.0ms)


Started GET "/favicon.ico" for 127.0.0.1 at 2026-05-19 09:12:02 +0530
  
ActionController::RoutingError (No route matches [GET] "/favicon.ico"):
  
Started GET "/api/v1/movies" for 127.0.0.1 at 2026-05-19 09:12:21 +0530
Processing by Api::V1::MoviesController#index as HTML
  [1m[36mMovie Load (0.2ms)[0m  [1m[34mSELECT "movies".* FROM "movies" /*action='index',application='StremioYoutubeManager',controller='movies'*/[0m
  ↳ app/controllers/api/v1/movies_controller.rb:8:in `index'
Completed 200 OK in 3ms (Views: 1.6ms | ActiveRecord: 0.2ms (1 query, 0 cached) | GC: 0.0ms)


Started GET "/favicon.ico" for 127.0.0.1 at 2026-05-19 09:12:22 +0530
  
ActionController::RoutingError (No route matches [GET] "/favicon.ico"):
  
Started GET "/" for 127.0.0.1 at 2026-05-19 09:14:23 +0530
Processing by MoviesController#index as HTML
  Rendering layout layouts/application.html.erb
  Rendering movies/index.html.erb within layouts/application
  [1m[36mMovie Load (0.3ms)[0m  [1m[34mSELECT "movies".* FROM "movies" /*action='index',application='StremioYoutubeManager',controller='movies'*/[0m
  ↳ app/views/movies/index.html.erb:9
  Rendered movies/index.html.erb within layouts/application (Duration: 4.1ms | GC: 0.0ms)
  Rendered layout layouts/application.html.erb (Duration: 6.1ms | GC: 0.0ms)
Completed 200 OK in 11ms (Views: 8.6ms | ActiveRecord: 0.3ms (1 query, 0 cached) | GC: 0.0ms)


Started GET "/movies/new" for 127.0.0.1 at 2026-05-19 09:14:25 +0530
Processing by MoviesController#new as HTML
  Rendering layout layouts/application.html.erb
  Rendering movies/new.html.erb within layouts/application
  Rendered movies/_form.html.erb (Duration: 2.9ms | GC: 0.0ms)
  Rendered movies/new.html.erb within layouts/application (Duration: 3.9ms | GC: 0.0ms)
  Rendered layout layouts/application.html.erb (Duration: 4.7ms | GC: 0.0ms)
Completed 200 OK in 9ms (Views: 5.4ms | ActiveRecord: 0.0ms (0 queries, 0 cached) | GC: 0.0ms)


Started POST "/movies" for 127.0.0.1 at 2026-05-19 09:16:13 +0530
Processing by MoviesController#create as HTML
  Parameters: {"authenticity_token"=>"[FILTERED]", "movie"=>{"title"=>"Hindi Medium", "imdb_id"=>"tt5764096", "youtube_link"=>"https://www.youtube.com/watch?v=6M191qGTZA4&pp=ygUTbW92aWVzIGhpbmRpIG1lZGl1bQ%3D%3D", "is_embeddable"=>"1"}, "commit"=>"Create Movie"}
  [1m[36mTRANSACTION (0.1ms)[0m  [1m[35mBEGIN immediate TRANSACTION /*action='create',application='StremioYoutubeManager',controller='movies'*/[0m
  ↳ app/controllers/movies_controller.rb:27:in `block in create'
  [1m[36mMovie Create (1.6ms)[0m  [1m[32mINSERT INTO "movies" ("title", "imdb_id", "youtube_link", "is_embeddable", "created_at", "updated_at") VALUES ('Hindi Medium', 'tt5764096', 'https://www.youtube.com/watch?v=6M191qGTZA4&pp=ygUTbW92aWVzIGhpbmRpIG1lZGl1bQ%3D%3D', TRUE, '2026-05-19 03:46:13.195377', '2026-05-19 03:46:13.195377') RETURNING "id" /*action='create',application='StremioYoutubeManager',controller='movies'*/[0m
  ↳ app/controllers/movies_controller.rb:27:in `block in create'
  [1m[36mTRANSACTION (3.3ms)[0m  [1m[35mCOMMIT TRANSACTION /*action='create',application='StremioYoutubeManager',controller='movies'*/[0m
  ↳ app/controllers/movies_controller.rb:27:in `block in create'
Redirected to http://localhost:3000/movies/1
↳ app/controllers/movies_controller.rb:28:in `block (2 levels) in create'
Completed 302 Found in 12ms (ActiveRecord: 4.9ms (1 query, 0 cached) | GC: 0.0ms)


Started GET "/movies/1" for 127.0.0.1 at 2026-05-19 09:16:13 +0530
Processing by MoviesController#show as HTML
  Parameters: {"id"=>"1"}
  [1m[36mMovie Load (0.3ms)[0m  [1m[34mSELECT "movies".* FROM "movies" WHERE "movies"."id" = 1 LIMIT 1 /*action='show',application='StremioYoutubeManager',controller='movies'*/[0m
  ↳ app/controllers/movies_controller.rb:63:in `set_movie'
  Rendering layout layouts/application.html.erb
  Rendering movies/show.html.erb within layouts/application
  Rendered movies/_movie.html.erb (Duration: 0.5ms | GC: 0.0ms)
  Rendered movies/show.html.erb within layouts/application (Duration: 3.9ms | GC: 0.0ms)
  Rendered layout layouts/application.html.erb (Duration: 4.8ms | GC: 0.0ms)
Completed 200 OK in 9ms (Views: 5.5ms | ActiveRecord: 0.3ms (1 query, 0 cached) | GC: 0.0ms)


Started GET "/movies/1/edit" for 127.0.0.1 at 2026-05-19 09:16:17 +0530
Processing by MoviesController#edit as HTML
  Parameters: {"id"=>"1"}
  [1m[36mMovie Load (0.3ms)[0m  [1m[34mSELECT "movies".* FROM "movies" WHERE "movies"."id" = 1 LIMIT 1 /*action='edit',application='StremioYoutubeManager',controller='movies'*/[0m
  ↳ app/controllers/movies_controller.rb:63:in `set_movie'
  Rendering layout layouts/application.html.erb
  Rendering movies/edit.html.erb within layouts/application
  Rendered movies/_form.html.erb (Duration: 2.5ms | GC: 0.0ms)
  Rendered movies/edit.html.erb within layouts/application (Duration: 3.8ms | GC: 0.0ms)
  Rendered layout layouts/application.html.erb (Duration: 5.2ms | GC: 0.0ms)
Completed 200 OK in 9ms (Views: 5.9ms | ActiveRecord: 0.3ms (1 query, 0 cached) | GC: 0.0ms)


Started PATCH "/movies/1" for 127.0.0.1 at 2026-05-19 09:16:28 +0530
Processing by MoviesController#update as HTML
  Parameters: {"authenticity_token"=>"[FILTERED]", "movie"=>{"title"=>"Hindi Medium", "imdb_id"=>"tt5764096", "youtube_link"=>"https://www.youtube.com/watch?v=6M191qGTZA4", "is_embeddable"=>"1"}, "commit"=>"Update Movie", "id"=>"1"}
  [1m[36mMovie Load (0.3ms)[0m  [1m[34mSELECT "movies".* FROM "movies" WHERE "movies"."id" = 1 LIMIT 1 /*action='update',application='StremioYoutubeManager',controller='movies'*/[0m
  ↳ app/controllers/movies_controller.rb:63:in `set_movie'
  [1m[36mTRANSACTION (0.1ms)[0m  [1m[35mBEGIN immediate TRANSACTION /*action='update',application='StremioYoutubeManager',controller='movies'*/[0m
  ↳ app/controllers/movies_controller.rb:40:in `block in update'
  [1m[36mMovie Update (1.3ms)[0m  [1m[33mUPDATE "movies" SET "youtube_link" = 'https://www.youtube.com/watch?v=6M191qGTZA4', "updated_at" = '2026-05-19 03:46:28.795278' WHERE "movies"."id" = 1 /*action='update',application='StremioYoutubeManager',controller='movies'*/[0m
  ↳ app/controllers/movies_controller.rb:40:in `block in update'
  [1m[36mTRANSACTION (0.1ms)[0m  [1m[35mCOMMIT TRANSACTION /*action='update',application='StremioYoutubeManager',controller='movies'*/[0m
  ↳ app/controllers/movies_controller.rb:40:in `block in update'
Redirected to http://localhost:3000/movies/1
↳ app/controllers/movies_controller.rb:41:in `block (2 levels) in update'
Completed 303 See Other in 37ms (ActiveRecord: 1.8ms (2 queries, 0 cached) | GC: 23.5ms)


Started GET "/movies/1" for 127.0.0.1 at 2026-05-19 09:16:28 +0530
Processing by MoviesController#show as HTML
  Parameters: {"id"=>"1"}
  [1m[36mMovie Load (0.3ms)[0m  [1m[34mSELECT "movies".* FROM "movies" WHERE "movies"."id" = 1 LIMIT 1 /*action='show',application='StremioYoutubeManager',controller='movies'*/[0m
  ↳ app/controllers/movies_controller.rb:63:in `set_movie'
  Rendering layout layouts/application.html.erb
  Rendering movies/show.html.erb within layouts/application
  Rendered movies/_movie.html.erb (Duration: 0.1ms | GC: 0.0ms)
  Rendered movies/show.html.erb within layouts/application (Duration: 1.6ms | GC: 0.0ms)
  Rendered layout layouts/application.html.erb (Duration: 2.1ms | GC: 0.0ms)
Completed 200 OK in 7ms (Views: 2.6ms | ActiveRecord: 0.3ms (1 query, 0 cached) | GC: 1.8ms)


Started GET "/movies/1" for 127.0.0.1 at 2026-05-19 09:20:33 +0530
Processing by MoviesController#show as HTML
  Parameters: {"id"=>"1"}
  [1m[36mMovie Load (0.1ms)[0m  [1m[34mSELECT "movies".* FROM "movies" WHERE "movies"."id" = 1 LIMIT 1 /*action='show',application='StremioYoutubeManager',controller='movies'*/[0m
  ↳ app/controllers/movies_controller.rb:63:in `set_movie'
  Rendering layout layouts/application.html.erb
  Rendering movies/show.html.erb within layouts/application
  Rendered movies/_movie.html.erb (Duration: 0.6ms | GC: 0.0ms)
  Rendered movies/show.html.erb within layouts/application (Duration: 3.2ms | GC: 0.5ms)
  Rendered layout layouts/application.html.erb (Duration: 4.2ms | GC: 0.5ms)
Completed 200 OK in 15ms (Views: 5.5ms | ActiveRecord: 1.2ms (1 query, 0 cached) | GC: 1.2ms)


Started GET "/movies/1" for 127.0.0.1 at 2026-05-19 09:21:09 +0530
Processing by MoviesController#show as HTML
  Parameters: {"id"=>"1"}
  [1m[36mMovie Load (0.3ms)[0m  [1m[34mSELECT "movies".* FROM "movies" WHERE "movies"."id" = 1 LIMIT 1 /*action='show',application='StremioYoutubeManager',controller='movies'*/[0m
  ↳ app/controllers/movies_controller.rb:63:in `set_movie'
  Rendering layout layouts/application.html.erb
  Rendering movies/show.html.erb within layouts/application
  Rendered movies/_movie.html.erb (Duration: 1.0ms | GC: 0.0ms)
  Rendered movies/show.html.erb within layouts/application (Duration: 2.7ms | GC: 0.0ms)
  Rendered layout layouts/application.html.erb (Duration: 2.9ms | GC: 0.0ms)
Completed 500 Internal Server Error in 14ms (ActiveRecord: 1.3ms (1 query, 0 cached) | GC: 0.0ms)


  
ActionView::Template::Error (undefined local variable or method `movies' for an instance of #<Class:0x00007fffcacb0008>)
Caused by: NameError (undefined local variable or method `movies' for an instance of #<Class:0x00007fffcacb0008>)

Information for: ActionView::Template::Error (undefined local variable or method `movies' for an instance of #<Class:0x00007fffcacb0008>):
    15:       <%= movie.youtube_link %>
    16:     </a>
    17:     <%= link_to movies.youtube_link%>
    18:   </div>
    19: 
    20:   <div>
    21:     <strong>Is embeddable:</strong>
  
app/views/movies/_movie.html.erb:18
app/views/movies/show.html.erb:4

Information for cause: NameError (undefined local variable or method `movies' for an instance of #<Class:0x00007fffcacb0008>):
  
app/views/movies/_movie.html.erb:18
app/views/movies/show.html.erb:4
Started GET "/movies/1" for 127.0.0.1 at 2026-05-19 09:21:17 +0530
Processing by MoviesController#show as HTML
  Parameters: {"id"=>"1"}
  [1m[36mMovie Load (0.2ms)[0m  [1m[34mSELECT "movies".* FROM "movies" WHERE "movies"."id" = 1 LIMIT 1 /*action='show',application='StremioYoutubeManager',controller='movies'*/[0m
  ↳ app/controllers/movies_controller.rb:63:in `set_movie'
  Rendering layout layouts/application.html.erb
  Rendering movies/show.html.erb within layouts/application
  Rendered movies/_movie.html.erb (Duration: 1.5ms | GC: 0.0ms)
  Rendered movies/show.html.erb within layouts/application (Duration: 3.5ms | GC: 0.0ms)
  Rendered layout layouts/application.html.erb (Duration: 4.5ms | GC: 0.0ms)
Completed 200 OK in 16ms (Views: 5.7ms | ActiveRecord: 1.2ms (1 query, 0 cached) | GC: 0.9ms)


Started GET "/movies/1" for 127.0.0.1 at 2026-05-19 09:21:19 +0530
Processing by MoviesController#show as HTML
  Parameters: {"id"=>"1"}
  [1m[36mMovie Load (0.2ms)[0m  [1m[34mSELECT "movies".* FROM "movies" WHERE "movies"."id" = 1 LIMIT 1 /*action='show',application='StremioYoutubeManager',controller='movies'*/[0m
  ↳ app/controllers/movies_controller.rb:63:in `set_movie'
  Rendering layout layouts/application.html.erb
  Rendering movies/show.html.erb within layouts/application
  Rendered movies/_movie.html.erb (Duration: 0.4ms | GC: 0.0ms)
  Rendered movies/show.html.erb within layouts/application (Duration: 1.8ms | GC: 0.0ms)
  Rendered layout layouts/application.html.erb (Duration: 2.4ms | GC: 0.0ms)
Completed 200 OK in 6ms (Views: 3.0ms | ActiveRecord: 0.2ms (1 query, 0 cached) | GC: 0.0ms)


Started GET "/movies/1" for 127.0.0.1 at 2026-05-19 09:21:21 +0530
Processing by MoviesController#show as HTML
  Parameters: {"id"=>"1"}
  [1m[36mMovie Load (0.2ms)[0m  [1m[34mSELECT "movies".* FROM "movies" WHERE "movies"."id" = 1 LIMIT 1 /*action='show',application='StremioYoutubeManager',controller='movies'*/[0m
  ↳ app/controllers/movies_controller.rb:63:in `set_movie'
  Rendering layout layouts/application.html.erb
  Rendering movies/show.html.erb within layouts/application
  Rendered movies/_movie.html.erb (Duration: 0.4ms | GC: 0.0ms)
  Rendered movies/show.html.erb within layouts/application (Duration: 2.0ms | GC: 0.0ms)
  Rendered layout layouts/application.html.erb (Duration: 2.8ms | GC: 0.0ms)
Completed 200 OK in 6ms (Views: 3.6ms | ActiveRecord: 0.2ms (1 query, 0 cached) | GC: 0.0ms)


Started GET "/movies/1" for 127.0.0.1 at 2026-05-19 09:21:29 +0530
Processing by MoviesController#show as HTML
  Parameters: {"id"=>"1"}
  [1m[36mMovie Load (0.2ms)[0m  [1m[34mSELECT "movies".* FROM "movies" WHERE "movies"."id" = 1 LIMIT 1 /*action='show',application='StremioYoutubeManager',controller='movies'*/[0m
  ↳ app/controllers/movies_controller.rb:63:in `set_movie'
  Rendering layout layouts/application.html.erb
  Rendering movies/show.html.erb within layouts/application
  Rendered movies/_movie.html.erb (Duration: 0.7ms | GC: 0.0ms)
  Rendered movies/show.html.erb within layouts/application (Duration: 2.1ms | GC: 0.0ms)
  Rendered layout layouts/application.html.erb (Duration: 2.3ms | GC: 0.0ms)
Completed 500 Internal Server Error in 14ms (ActiveRecord: 1.3ms (1 query, 0 cached) | GC: 0.8ms)


  
ActionView::Template::Error (undefined method `button' for an instance of #<Class:0x00007fffca9d32b8>)
Caused by: NoMethodError (undefined method `button' for an instance of #<Class:0x00007fffca9d32b8>)

Information for: ActionView::Template::Error (undefined method `button' for an instance of #<Class:0x00007fffca9d32b8>):
    15:       <%= movie.youtube_link %>
    16:     </a>
    17:     <%= button movie.youtube_link%>
    18:   </div>
    19: 
    20:   <div>
    21:     <strong>Is embeddable:</strong>
  
app/views/movies/_movie.html.erb:18
app/views/movies/show.html.erb:4

Information for cause: NoMethodError (undefined method `button' for an instance of #<Class:0x00007fffca9d32b8>):
  
app/views/movies/_movie.html.erb:18
app/views/movies/show.html.erb:4
Started GET "/movies/1" for 127.0.0.1 at 2026-05-19 09:21:54 +0530
Processing by MoviesController#show as HTML
  Parameters: {"id"=>"1"}
  [1m[36mMovie Load (0.1ms)[0m  [1m[34mSELECT "movies".* FROM "movies" WHERE "movies"."id" = 1 LIMIT 1 /*action='show',application='StremioYoutubeManager',controller='movies'*/[0m
  ↳ app/controllers/movies_controller.rb:63:in `set_movie'
  Rendering layout layouts/application.html.erb
  Rendering movies/show.html.erb within layouts/application
  Rendered movies/_movie.html.erb (Duration: 0.7ms | GC: 0.0ms)
  Rendered movies/show.html.erb within layouts/application (Duration: 3.7ms | GC: 0.0ms)
  Rendered layout layouts/application.html.erb (Duration: 5.8ms | GC: 0.7ms)
Completed 200 OK in 16ms (Views: 7.6ms | ActiveRecord: 1.9ms (1 query, 0 cached) | GC: 1.4ms)


Started GET "/movies/1" for 127.0.0.1 at 2026-05-19 09:23:33 +0530
Processing by MoviesController#show as HTML
  Parameters: {"id"=>"1"}
  [1m[36mMovie Load (0.1ms)[0m  [1m[34mSELECT "movies".* FROM "movies" WHERE "movies"."id" = 1 LIMIT 1 /*action='show',application='StremioYoutubeManager',controller='movies'*/[0m
  ↳ app/controllers/movies_controller.rb:63:in `set_movie'
  Rendering layout layouts/application.html.erb
  Rendering movies/show.html.erb within layouts/application
  Rendered movies/_movie.html.erb (Duration: 0.5ms | GC: 0.0ms)
  Rendered movies/show.html.erb within layouts/application (Duration: 2.9ms | GC: 0.0ms)
  Rendered layout layouts/application.html.erb (Duration: 4.2ms | GC: 0.0ms)
Completed 200 OK in 15ms (Views: 6.6ms | ActiveRecord: 1.1ms (1 query, 0 cached) | GC: 0.7ms)


Started GET "/movies/1" for 127.0.0.1 at 2026-05-19 09:24:13 +0530
Processing by MoviesController#show as HTML
  Parameters: {"id"=>"1"}
  [1m[36mMovie Load (0.2ms)[0m  [1m[34mSELECT "movies".* FROM "movies" WHERE "movies"."id" = 1 LIMIT 1 /*action='show',application='StremioYoutubeManager',controller='movies'*/[0m
  ↳ app/controllers/movies_controller.rb:63:in `set_movie'
  Rendering layout layouts/application.html.erb
  Rendering movies/show.html.erb within layouts/application
  Rendered movies/_movie.html.erb (Duration: 0.8ms | GC: 0.0ms)
  Rendered movies/show.html.erb within layouts/application (Duration: 3.9ms | GC: 0.0ms)
  Rendered layout layouts/application.html.erb (Duration: 5.1ms | GC: 0.0ms)
Completed 200 OK in 29ms (Views: 7.0ms | ActiveRecord: 1.8ms (1 query, 0 cached) | GC: 8.1ms)


Started GET "/movies/1" for 127.0.0.1 at 2026-05-19 09:26:54 +0530
Processing by MoviesController#show as HTML
  Parameters: {"id"=>"1"}
  [1m[36mMovie Load (0.3ms)[0m  [1m[34mSELECT "movies".* FROM "movies" WHERE "movies"."id" = 1 LIMIT 1 /*action='show',application='StremioYoutubeManager',controller='movies'*/[0m
  ↳ app/controllers/movies_controller.rb:63:in `set_movie'
  Rendering layout layouts/application.html.erb
  Rendering movies/show.html.erb within layouts/application
  Rendered movies/_movie.html.erb (Duration: 0.8ms | GC: 0.0ms)
  Rendered movies/show.html.erb within layouts/application (Duration: 4.4ms | GC: 0.4ms)
  Rendered layout layouts/application.html.erb (Duration: 6.1ms | GC: 0.4ms)
Completed 200 OK in 25ms (Views: 8.3ms | ActiveRecord: 2.3ms (1 query, 0 cached) | GC: 0.7ms)


Started GET "/movies/1" for 127.0.0.1 at 2026-05-19 09:27:23 +0530
Processing by MoviesController#show as HTML
  Parameters: {"id"=>"1"}
  [1m[36mMovie Load (0.2ms)[0m  [1m[34mSELECT "movies".* FROM "movies" WHERE "movies"."id" = 1 LIMIT 1 /*action='show',application='StremioYoutubeManager',controller='movies'*/[0m
  ↳ app/controllers/movies_controller.rb:63:in `set_movie'
  Rendering layout layouts/application.html.erb
  Rendering movies/show.html.erb within layouts/application
  Rendered movies/_movie.html.erb (Duration: 0.1ms | GC: 0.0ms)
  Rendered movies/show.html.erb within layouts/application (Duration: 1.7ms | GC: 0.0ms)
  Rendered layout layouts/application.html.erb (Duration: 2.4ms | GC: 0.0ms)
Completed 200 OK in 5ms (Views: 3.0ms | ActiveRecord: 0.1ms (1 query, 0 cached) | GC: 0.0ms)


Started GET "/movies/1" for 127.0.0.1 at 2026-05-19 09:27:30 +0530
Processing by MoviesController#show as HTML
  Parameters: {"id"=>"1"}
  [1m[36mMovie Load (0.3ms)[0m  [1m[34mSELECT "movies".* FROM "movies" WHERE "movies"."id" = 1 LIMIT 1 /*action='show',application='StremioYoutubeManager',controller='movies'*/[0m
  ↳ app/controllers/movies_controller.rb:63:in `set_movie'
  Rendering layout layouts/application.html.erb
  Rendering movies/show.html.erb within layouts/application
  Rendered movies/_movie.html.erb (Duration: 0.6ms | GC: 0.0ms)
  Rendered movies/show.html.erb within layouts/application (Duration: 3.5ms | GC: 0.4ms)
  Rendered layout layouts/application.html.erb (Duration: 4.5ms | GC: 0.4ms)
Completed 200 OK in 18ms (Views: 5.7ms | ActiveRecord: 1.7ms (1 query, 0 cached) | GC: 1.0ms)


Started GET "/movies" for 127.0.0.1 at 2026-05-19 09:28:01 +0530
Processing by MoviesController#index as HTML
  Rendering layout layouts/application.html.erb
  Rendering movies/index.html.erb within layouts/application
  [1m[36mMovie Load (0.2ms)[0m  [1m[34mSELECT "movies".* FROM "movies" /*action='index',application='StremioYoutubeManager',controller='movies'*/[0m
  ↳ app/views/movies/index.html.erb:9
  Rendered movies/_movie.html.erb (Duration: 0.1ms | GC: 0.0ms)
  Rendered movies/index.html.erb within layouts/application (Duration: 4.0ms | GC: 0.3ms)
  Rendered layout layouts/application.html.erb (Duration: 4.8ms | GC: 0.3ms)
Completed 200 OK in 7ms (Views: 5.3ms | ActiveRecord: 0.2ms (1 query, 0 cached) | GC: 0.3ms)


Started GET "/movies" for 127.0.0.1 at 2026-05-19 09:28:55 +0530
Processing by MoviesController#index as HTML
  Rendering layout layouts/application.html.erb
  Rendering movies/index.html.erb within layouts/application
  [1m[36mMovie Load (1.1ms)[0m  [1m[34mSELECT "movies".* FROM "movies" /*action='index',application='StremioYoutubeManager',controller='movies'*/[0m
  ↳ app/views/movies/index.html.erb:9
  Rendered movies/_movie.html.erb (Duration: 1.0ms | GC: 0.0ms)
  Rendered movies/index.html.erb within layouts/application (Duration: 13.1ms | GC: 0.0ms)
  Rendered layout layouts/application.html.erb (Duration: 14.7ms | GC: 0.0ms)
Completed 200 OK in 20ms (Views: 14.8ms | ActiveRecord: 1.9ms (1 query, 0 cached) | GC: 0.0ms)


Started GET "/movies" for 127.0.0.1 at 2026-05-19 09:31:38 +0530
Processing by MoviesController#index as HTML
  Rendering layout layouts/application.html.erb
  Rendering movies/index.html.erb within layouts/application
  [1m[36mMovie Load (1.1ms)[0m  [1m[34mSELECT "movies".* FROM "movies" /*action='index',application='StremioYoutubeManager',controller='movies'*/[0m
  ↳ app/views/movies/index.html.erb:9
  Rendered movies/index.html.erb within layouts/application (Duration: 10.4ms | GC: 0.3ms)
  Rendered layout layouts/application.html.erb (Duration: 12.2ms | GC: 0.5ms)
Completed 200 OK in 17ms (Views: 12.2ms | ActiveRecord: 1.8ms (1 query, 0 cached) | GC: 0.5ms)


Started GET "/movies/1" for 127.0.0.1 at 2026-05-19 09:31:40 +0530
Processing by MoviesController#show as HTML
  Parameters: {"id"=>"1"}
  [1m[36mMovie Load (0.2ms)[0m  [1m[34mSELECT "movies".* FROM "movies" WHERE "movies"."id" = 1 LIMIT 1 /*action='show',application='StremioYoutubeManager',controller='movies'*/[0m
  ↳ app/controllers/movies_controller.rb:63:in `set_movie'
  Rendering layout layouts/application.html.erb
  Rendering movies/show.html.erb within layouts/application
  Rendered movies/show.html.erb within layouts/application (Duration: 2.4ms | GC: 0.3ms)
  Rendered layout layouts/application.html.erb (Duration: 2.8ms | GC: 0.3ms)
Completed 500 Internal Server Error in 7ms (ActiveRecord: 0.2ms (1 query, 0 cached) | GC: 0.3ms)


  
ActionView::Template::Error (undefined local variable or method `movie' for an instance of #<Class:0x00007fffca999748>)
Caused by: NameError (undefined local variable or method `movie' for an instance of #<Class:0x00007fffca999748>)

Information for: ActionView::Template::Error (undefined local variable or method `movie' for an instance of #<Class:0x00007fffca999748>):
    11: </iframe>
    12: 
    13: <div id="<%= dom_id movie %>">
    14:   <div>
    15:     <strong>Title:</strong>
    16:     <%= movie.title %>
    17:   </div>
  
app/views/movies/show.html.erb:14

Information for cause: NameError (undefined local variable or method `movie' for an instance of #<Class:0x00007fffca999748>):
  
app/views/movies/show.html.erb:14
Started GET "/movies/1" for 127.0.0.1 at 2026-05-19 09:32:29 +0530
Processing by MoviesController#show as HTML
  Parameters: {"id"=>"1"}
  [1m[36mMovie Load (0.2ms)[0m  [1m[34mSELECT "movies".* FROM "movies" WHERE "movies"."id" = 1 LIMIT 1 /*action='show',application='StremioYoutubeManager',controller='movies'*/[0m
  ↳ app/controllers/movies_controller.rb:63:in `set_movie'
  Rendering layout layouts/application.html.erb
  Rendering movies/show.html.erb within layouts/application
  Rendered movies/show.html.erb within layouts/application (Duration: 2.0ms | GC: 0.3ms)
  Rendered layout layouts/application.html.erb (Duration: 2.3ms | GC: 0.3ms)
Completed 500 Internal Server Error in 15ms (ActiveRecord: 1.3ms (1 query, 0 cached) | GC: 1.0ms)


  
ActionView::Template::Error (undefined local variable or method `movie' for an instance of #<Class:0x00007fffca992448>)
Caused by: NameError (undefined local variable or method `movie' for an instance of #<Class:0x00007fffca992448>)

Information for: ActionView::Template::Error (undefined local variable or method `movie' for an instance of #<Class:0x00007fffca992448>):
    11: </iframe>
    12: 
    13: <div id="<%= dom_id movie %>">
    14:   <div>
    15:     <strong>Title:</strong>
    16:     <%= movie.title %>
    17:   </div>
  
app/views/movies/show.html.erb:14

Information for cause: NameError (undefined local variable or method `movie' for an instance of #<Class:0x00007fffca992448>):
  
app/views/movies/show.html.erb:14
Started GET "/movies/1" for 127.0.0.1 at 2026-05-19 09:32:31 +0530
Processing by MoviesController#show as HTML
  Parameters: {"id"=>"1"}
  [1m[36mMovie Load (0.2ms)[0m  [1m[34mSELECT "movies".* FROM "movies" WHERE "movies"."id" = 1 LIMIT 1 /*action='show',application='StremioYoutubeManager',controller='movies'*/[0m
  ↳ app/controllers/movies_controller.rb:63:in `set_movie'
  Rendering layout layouts/application.html.erb
  Rendering movies/show.html.erb within layouts/application
  Rendered movies/show.html.erb within layouts/application (Duration: 1.0ms | GC: 0.0ms)
  Rendered layout layouts/application.html.erb (Duration: 1.2ms | GC: 0.0ms)
Completed 500 Internal Server Error in 4ms (ActiveRecord: 0.2ms (1 query, 0 cached) | GC: 0.0ms)


  
ActionView::Template::Error (undefined local variable or method `movie' for an instance of #<Class:0x00007fffca992448>)
Caused by: NameError (undefined local variable or method `movie' for an instance of #<Class:0x00007fffca992448>)

Information for: ActionView::Template::Error (undefined local variable or method `movie' for an instance of #<Class:0x00007fffca992448>):
    11: </iframe>
    12: 
    13: <div id="<%= dom_id movie %>">
    14:   <div>
    15:     <strong>Title:</strong>
    16:     <%= movie.title %>
    17:   </div>
  
app/views/movies/show.html.erb:14

Information for cause: NameError (undefined local variable or method `movie' for an instance of #<Class:0x00007fffca992448>):
  
app/views/movies/show.html.erb:14
Started GET "/movies/1" for 127.0.0.1 at 2026-05-19 09:32:48 +0530
Processing by MoviesController#show as HTML
  Parameters: {"id"=>"1"}
  [1m[36mMovie Load (0.1ms)[0m  [1m[34mSELECT "movies".* FROM "movies" WHERE "movies"."id" = 1 LIMIT 1 /*action='show',application='StremioYoutubeManager',controller='movies'*/[0m
  ↳ app/controllers/movies_controller.rb:63:in `set_movie'
  Rendering layout layouts/application.html.erb
  Rendering movies/show.html.erb within layouts/application
  Rendered movies/show.html.erb within layouts/application (Duration: 2.0ms | GC: 0.3ms)
  Rendered layout layouts/application.html.erb (Duration: 2.3ms | GC: 0.3ms)
Completed 500 Internal Server Error in 13ms (ActiveRecord: 1.2ms (1 query, 0 cached) | GC: 0.5ms)


  
ActionView::Template::Error (undefined local variable or method `movie' for an instance of #<Class:0x00007fffcadc87b0>)
Caused by: NameError (undefined local variable or method `movie' for an instance of #<Class:0x00007fffcadc87b0>)

Information for: ActionView::Template::Error (undefined local variable or method `movie' for an instance of #<Class:0x00007fffcadc87b0>):
    11: </iframe>
    12: 
    13: <div id="<%= movie.id %>">
    14:   <div>
    15:     <strong>Title:</strong>
    16:     <%= movie.title %>
    17:   </div>
  
app/views/movies/show.html.erb:14

Information for cause: NameError (undefined local variable or method `movie' for an instance of #<Class:0x00007fffcadc87b0>):
  
app/views/movies/show.html.erb:14
Started GET "/movies/1" for 127.0.0.1 at 2026-05-19 09:32:58 +0530
Processing by MoviesController#show as HTML
  Parameters: {"id"=>"1"}
  [1m[36mMovie Load (0.1ms)[0m  [1m[34mSELECT "movies".* FROM "movies" WHERE "movies"."id" = 1 LIMIT 1 /*action='show',application='StremioYoutubeManager',controller='movies'*/[0m
  ↳ app/controllers/movies_controller.rb:63:in `set_movie'
  Rendering layout layouts/application.html.erb
  Rendering movies/show.html.erb within layouts/application
  Rendered movies/show.html.erb within layouts/application (Duration: 1.3ms | GC: 0.0ms)
  Rendered layout layouts/application.html.erb (Duration: 1.6ms | GC: 0.0ms)
Completed 500 Internal Server Error in 13ms (ActiveRecord: 1.1ms (1 query, 0 cached) | GC: 0.5ms)


  
ActionView::Template::Error (undefined local variable or method `movie' for an instance of #<Class:0x00007fffcaa71918>)
Caused by: NameError (undefined local variable or method `movie' for an instance of #<Class:0x00007fffcaa71918>)

Information for: ActionView::Template::Error (undefined local variable or method `movie' for an instance of #<Class:0x00007fffcaa71918>):
    14:   <div>
    15:     <strong>Title:</strong>
    16:     <%= movie.title %>
    17:   </div>
    18: 
    19:   <div>
    20:     <strong>Imdb:</strong>
  
app/views/movies/show.html.erb:17

Information for cause: NameError (undefined local variable or method `movie' for an instance of #<Class:0x00007fffcaa71918>):
  
app/views/movies/show.html.erb:17
Started GET "/movies/1" for 127.0.0.1 at 2026-05-19 09:33:16 +0530
Processing by MoviesController#show as HTML
  Parameters: {"id"=>"1"}
  [1m[36mMovie Load (0.3ms)[0m  [1m[34mSELECT "movies".* FROM "movies" WHERE "movies"."id" = 1 LIMIT 1 /*action='show',application='StremioYoutubeManager',controller='movies'*/[0m
  ↳ app/controllers/movies_controller.rb:63:in `set_movie'
  Rendering layout layouts/application.html.erb
  Rendering movies/show.html.erb within layouts/application
  Rendered movies/show.html.erb within layouts/application (Duration: 2.3ms | GC: 0.0ms)
  Rendered layout layouts/application.html.erb (Duration: 3.5ms | GC: 0.0ms)
Completed 200 OK in 15ms (Views: 4.9ms | ActiveRecord: 1.5ms (1 query, 0 cached) | GC: 0.0ms)


Started GET "/movies" for 127.0.0.1 at 2026-05-19 09:35:41 +0530
Processing by MoviesController#index as HTML
  Rendering layout layouts/application.html.erb
  Rendering movies/index.html.erb within layouts/application
  [1m[36mMovie Load (1.0ms)[0m  [1m[34mSELECT "movies".* FROM "movies" /*action='index',application='StremioYoutubeManager',controller='movies'*/[0m
  ↳ app/views/movies/index.html.erb:9
  Rendered movies/index.html.erb within layouts/application (Duration: 12.9ms | GC: 0.6ms)
  Rendered layout layouts/application.html.erb (Duration: 15.0ms | GC: 0.6ms)
Completed 200 OK in 21ms (Views: 15.5ms | ActiveRecord: 2.2ms (1 query, 0 cached) | GC: 0.6ms)


  [1m[36mActiveRecord::InternalMetadata Load (0.3ms)[0m  [1m[34mSELECT * FROM "ar_internal_metadata" WHERE "ar_internal_metadata"."key" = 'environment' ORDER BY "ar_internal_metadata"."key" ASC LIMIT 1 /*application='StremioYoutubeManager'*/[0m
  [1m[36mActiveRecord::SchemaMigration Load (0.1ms)[0m  [1m[34mSELECT "schema_migrations"."version" FROM "schema_migrations" ORDER BY "schema_migrations"."version" ASC /*application='StremioYoutubeManager'*/[0m
Migrating to AddPosterUrlToMovies (20260519041032)
  [1m[36mTRANSACTION (0.1ms)[0m  [1m[35mBEGIN immediate TRANSACTION /*application='StremioYoutubeManager'*/[0m
  [1m[35m (1.3ms)[0m  [1m[35mALTER TABLE "movies" ADD "poster_url" varchar /*application='StremioYoutubeManager'*/[0m
  [1m[36mActiveRecord::SchemaMigration Create (0.1ms)[0m  [1m[32mINSERT INTO "schema_migrations" ("version") VALUES ('20260519041032') RETURNING "version" /*application='StremioYoutubeManager'*/[0m
  [1m[36mTRANSACTION (3.4ms)[0m  [1m[35mCOMMIT TRANSACTION /*application='StremioYoutubeManager'*/[0m
  [1m[36mActiveRecord::SchemaMigration Load (0.1ms)[0m  [1m[34mSELECT "schema_migrations"."version" FROM "schema_migrations" ORDER BY "schema_migrations"."version" ASC /*application='StremioYoutubeManager'*/[0m
Started GET "/movies" for 127.0.0.1 at 2026-05-19 09:43:29 +0530
  [1m[36mActiveRecord::SchemaMigration Load (0.1ms)[0m  [1m[34mSELECT "schema_migrations"."version" FROM "schema_migrations" ORDER BY "schema_migrations"."version" ASC /*application='StremioYoutubeManager'*/[0m
Processing by MoviesController#index as HTML
  Rendering layout layouts/application.html.erb
  Rendering movies/index.html.erb within layouts/application
  [1m[36mMovie Load (1.1ms)[0m  [1m[34mSELECT "movies".* FROM "movies" /*action='index',application='StremioYoutubeManager',controller='movies'*/[0m
  ↳ app/views/movies/index.html.erb:9
  Rendered movies/index.html.erb within layouts/application (Duration: 9.2ms | GC: 0.0ms)
  Rendered layout layouts/application.html.erb (Duration: 9.7ms | GC: 0.0ms)
Completed 500 Internal Server Error in 18ms (ActiveRecord: 1.1ms (1 query, 0 cached) | GC: 0.3ms)


  
ActionView::Template::Error (undefined method `poster_url' for nil)
Caused by: NoMethodError (undefined method `poster_url' for nil)

Information for: ActionView::Template::Error (undefined method `poster_url' for nil):
     8:   <% @movies.each do |movie| %>
     9: <div id="<%= movie.id %>">
    10: <% if @movie.poster_url %>
    11:   <%= image_tag @movie.poster_url, alt: @movie.title, width: 300 %>
    12: <% end %>
    13:   <div>
    14:     <strong>Title:</strong>
  
app/views/movies/index.html.erb:11
app/views/movies/index.html.erb:9

Information for cause: NoMethodError (undefined method `poster_url' for nil):
  
app/views/movies/index.html.erb:11
app/views/movies/index.html.erb:9
Started GET "/movies" for 127.0.0.1 at 2026-05-19 09:43:46 +0530
Processing by MoviesController#index as HTML
  Rendering layout layouts/application.html.erb
  Rendering movies/index.html.erb within layouts/application
  [1m[36mMovie Load (0.7ms)[0m  [1m[34mSELECT "movies".* FROM "movies" /*action='index',application='StremioYoutubeManager',controller='movies'*/[0m
  ↳ app/views/movies/index.html.erb:9
  Rendered movies/index.html.erb within layouts/application (Duration: 9.4ms | GC: 0.2ms)
  Rendered layout layouts/application.html.erb (Duration: 10.7ms | GC: 0.2ms)
Completed 200 OK in 15ms (Views: 10.9ms | ActiveRecord: 1.2ms (1 query, 0 cached) | GC: 0.2ms)


Started GET "/movies/1" for 127.0.0.1 at 2026-05-19 09:46:49 +0530
Processing by MoviesController#show as HTML
  Parameters: {"id"=>"1"}
  [1m[36mMovie Load (0.3ms)[0m  [1m[34mSELECT "movies".* FROM "movies" WHERE "movies"."id" = 1 LIMIT 1 /*action='show',application='StremioYoutubeManager',controller='movies'*/[0m
  ↳ app/controllers/movies_controller.rb:63:in `set_movie'
  Rendering layout layouts/application.html.erb
  Rendering movies/show.html.erb within layouts/application
  Rendered movies/show.html.erb within layouts/application (Duration: 2.1ms | GC: 0.0ms)
  Rendered layout layouts/application.html.erb (Duration: 3.6ms | GC: 0.0ms)
Completed 200 OK in 20ms (Views: 5.6ms | ActiveRecord: 2.0ms (1 query, 0 cached) | GC: 0.0ms)


Started DELETE "/movies/1" for 127.0.0.1 at 2026-05-19 09:46:51 +0530
Processing by MoviesController#destroy as HTML
  Parameters: {"authenticity_token"=>"[FILTERED]", "id"=>"1"}
  [1m[36mMovie Load (0.5ms)[0m  [1m[34mSELECT "movies".* FROM "movies" WHERE "movies"."id" = 1 LIMIT 1 /*action='destroy',application='StremioYoutubeManager',controller='movies'*/[0m
  ↳ app/controllers/movies_controller.rb:63:in `set_movie'
  [1m[36mTRANSACTION (0.2ms)[0m  [1m[35mBEGIN immediate TRANSACTION /*action='destroy',application='StremioYoutubeManager',controller='movies'*/[0m
  ↳ app/controllers/movies_controller.rb:52:in `destroy'
  [1m[36mMovie Destroy (2.2ms)[0m  [1m[31mDELETE FROM "movies" WHERE "movies"."id" = 1 /*action='destroy',application='StremioYoutubeManager',controller='movies'*/[0m
  ↳ app/controllers/movies_controller.rb:52:in `destroy'
  [1m[36mTRANSACTION (3.6ms)[0m  [1m[35mCOMMIT TRANSACTION /*action='destroy',application='StremioYoutubeManager',controller='movies'*/[0m
  ↳ app/controllers/movies_controller.rb:52:in `destroy'
Redirected to http://localhost:3000/movies
↳ app/controllers/movies_controller.rb:55:in `block (2 levels) in destroy'
Completed 303 See Other in 29ms (ActiveRecord: 18.5ms (2 queries, 0 cached) | GC: 10.5ms)


Started GET "/movies" for 127.0.0.1 at 2026-05-19 09:46:51 +0530
Processing by MoviesController#index as HTML
  Rendering layout layouts/application.html.erb
  Rendering movies/index.html.erb within layouts/application
  [1m[36mMovie Load (0.3ms)[0m  [1m[34mSELECT "movies".* FROM "movies" /*action='index',application='StremioYoutubeManager',controller='movies'*/[0m
  ↳ app/views/movies/index.html.erb:9
  Rendered movies/index.html.erb within layouts/application (Duration: 7.3ms | GC: 1.3ms)
  Rendered layout layouts/application.html.erb (Duration: 9.2ms | GC: 1.3ms)
Completed 200 OK in 13ms (Views: 10.0ms | ActiveRecord: 0.3ms (1 query, 0 cached) | GC: 1.3ms)


Started GET "/movies/new" for 127.0.0.1 at 2026-05-19 09:46:53 +0530
Processing by MoviesController#new as HTML
  Rendering layout layouts/application.html.erb
  Rendering movies/new.html.erb within layouts/application
  Rendered movies/_form.html.erb (Duration: 4.1ms | GC: 0.7ms)
  Rendered movies/new.html.erb within layouts/application (Duration: 5.3ms | GC: 0.7ms)
  Rendered layout layouts/application.html.erb (Duration: 5.9ms | GC: 0.7ms)
Completed 200 OK in 7ms (Views: 6.5ms | ActiveRecord: 0.0ms (0 queries, 0 cached) | GC: 0.7ms)


Started POST "/movies" for 127.0.0.1 at 2026-05-19 09:47:08 +0530
Processing by MoviesController#create as HTML
  Parameters: {"authenticity_token"=>"[FILTERED]", "movie"=>{"title"=>"Hindi Medium", "imdb_id"=>" tt5764096", "youtube_link"=>" https://www.youtube.com/watch?v=6M191qGTZA4 ", "is_embeddable"=>"1"}, "commit"=>"Create Movie"}
  [1m[36mTRANSACTION (0.1ms)[0m  [1m[35mBEGIN immediate TRANSACTION /*action='create',application='StremioYoutubeManager',controller='movies'*/[0m
  ↳ app/controllers/movies_controller.rb:27:in `block in create'
  [1m[36mMovie Create (1.6ms)[0m  [1m[32mINSERT INTO "movies" ("title", "imdb_id", "youtube_link", "is_embeddable", "created_at", "updated_at", "poster_url") VALUES ('Hindi Medium', ' tt5764096', ' https://www.youtube.com/watch?v=6M191qGTZA4 ', TRUE, '2026-05-19 04:17:08.179021', '2026-05-19 04:17:08.179021', NULL) RETURNING "id" /*action='create',application='StremioYoutubeManager',controller='movies'*/[0m
  ↳ app/controllers/movies_controller.rb:27:in `block in create'
  [1m[36mTRANSACTION (0.1ms)[0m  [1m[31mROLLBACK TRANSACTION /*action='create',application='StremioYoutubeManager',controller='movies'*/[0m
  ↳ app/controllers/movies_controller.rb:27:in `block in create'
Completed 500 Internal Server Error in 9ms (ActiveRecord: 1.8ms (1 query, 0 cached) | GC: 1.3ms)


  
NameError (uninitialized constant Net::HTTP):
  
app/models/movie.rb:17:in `fetch_poster'
app/controllers/movies_controller.rb:27:in `block in create'
app/controllers/movies_controller.rb:26:in `create'
Started PUT "/__web_console/repl_sessions/797726c8930da9e005bb8232bc834d2b" for 127.0.0.1 at 2026-05-19 09:47:24 +0530
Started PUT "/__web_console/repl_sessions/797726c8930da9e005bb8232bc834d2b" for 127.0.0.1 at 2026-05-19 09:47:26 +0530
Started PUT "/__web_console/repl_sessions/797726c8930da9e005bb8232bc834d2b" for 127.0.0.1 at 2026-05-19 09:47:26 +0530
Started PUT "/__web_console/repl_sessions/797726c8930da9e005bb8232bc834d2b" for 127.0.0.1 at 2026-05-19 09:47:27 +0530
Started PUT "/__web_console/repl_sessions/797726c8930da9e005bb8232bc834d2b" for 127.0.0.1 at 2026-05-19 09:47:28 +0530
Started PUT "/__web_console/repl_sessions/797726c8930da9e005bb8232bc834d2b" for 127.0.0.1 at 2026-05-19 09:47:29 +0530
Started POST "/movies" for 127.0.0.1 at 2026-05-19 09:48:18 +0530
  [1m[36mActiveRecord::SchemaMigration Load (0.2ms)[0m  [1m[34mSELECT "schema_migrations"."version" FROM "schema_migrations" ORDER BY "schema_migrations"."version" ASC /*application='StremioYoutubeManager'*/[0m
Processing by MoviesController#create as HTML
  Parameters: {"authenticity_token"=>"[FILTERED]", "movie"=>{"title"=>"Hindi Medium", "imdb_id"=>" tt5764096", "youtube_link"=>" https://www.youtube.com/watch?v=6M191qGTZA4 ", "is_embeddable"=>"1"}, "commit"=>"Create Movie"}
  [1m[36mTRANSACTION (0.1ms)[0m  [1m[35mBEGIN immediate TRANSACTION /*action='create',application='StremioYoutubeManager',controller='movies'*/[0m
  ↳ app/controllers/movies_controller.rb:27:in `block in create'
  [1m[36mMovie Create (1.7ms)[0m  [1m[32mINSERT INTO "movies" ("title", "imdb_id", "youtube_link", "is_embeddable", "created_at", "updated_at", "poster_url") VALUES ('Hindi Medium', ' tt5764096', ' https://www.youtube.com/watch?v=6M191qGTZA4 ', TRUE, '2026-05-19 04:18:18.766058', '2026-05-19 04:18:18.766058', NULL) RETURNING "id" /*action='create',application='StremioYoutubeManager',controller='movies'*/[0m
  ↳ app/controllers/movies_controller.rb:27:in `block in create'
  [1m[36mTRANSACTION (0.1ms)[0m  [1m[31mROLLBACK TRANSACTION /*action='create',application='StremioYoutubeManager',controller='movies'*/[0m
  ↳ app/controllers/movies_controller.rb:27:in `block in create'
Completed 500 Internal Server Error in 37ms (ActiveRecord: 3.5ms (1 query, 0 cached) | GC: 3.9ms)


  
NameError (uninitialized constant Net::HTTP):
  
app/models/movie.rb:17:in `fetch_poster'
app/controllers/movies_controller.rb:27:in `block in create'
app/controllers/movies_controller.rb:26:in `create'
Started PUT "/__web_console/repl_sessions/d95a79e80a74c4b97e107e3d1ad2cb62" for 127.0.0.1 at 2026-05-19 09:48:24 +0530
Started PUT "/__web_console/repl_sessions/d95a79e80a74c4b97e107e3d1ad2cb62" for 127.0.0.1 at 2026-05-19 09:48:25 +0530
Started PUT "/__web_console/repl_sessions/d95a79e80a74c4b97e107e3d1ad2cb62" for 127.0.0.1 at 2026-05-19 09:48:27 +0530
Started PUT "/__web_console/repl_sessions/d95a79e80a74c4b97e107e3d1ad2cb62" for 127.0.0.1 at 2026-05-19 09:48:27 +0530
Started PUT "/__web_console/repl_sessions/d95a79e80a74c4b97e107e3d1ad2cb62" for 127.0.0.1 at 2026-05-19 09:48:29 +0530
Started PUT "/__web_console/repl_sessions/d95a79e80a74c4b97e107e3d1ad2cb62" for 127.0.0.1 at 2026-05-19 09:48:33 +0530
Started PUT "/__web_console/repl_sessions/d95a79e80a74c4b97e107e3d1ad2cb62" for 127.0.0.1 at 2026-05-19 09:48:34 +0530
Started PUT "/__web_console/repl_sessions/d95a79e80a74c4b97e107e3d1ad2cb62" for 127.0.0.1 at 2026-05-19 09:48:36 +0530
Started POST "/movies" for 127.0.0.1 at 2026-05-19 09:48:43 +0530
Processing by MoviesController#create as HTML
  Parameters: {"authenticity_token"=>"[FILTERED]", "movie"=>{"title"=>"Hindi Medium", "imdb_id"=>" tt5764096", "youtube_link"=>" https://www.youtube.com/watch?v=6M191qGTZA4 ", "is_embeddable"=>"1"}, "commit"=>"Create Movie"}
  [1m[36mTRANSACTION (0.2ms)[0m  [1m[35mBEGIN immediate TRANSACTION /*action='create',application='StremioYoutubeManager',controller='movies'*/[0m
  ↳ app/controllers/movies_controller.rb:27:in `block in create'
  [1m[36mMovie Create (8.3ms)[0m  [1m[32mINSERT INTO "movies" ("title", "imdb_id", "youtube_link", "is_embeddable", "created_at", "updated_at", "poster_url") VALUES ('Hindi Medium', ' tt5764096', ' https://www.youtube.com/watch?v=6M191qGTZA4 ', TRUE, '2026-05-19 04:18:43.749474', '2026-05-19 04:18:43.749474', NULL) RETURNING "id" /*action='create',application='StremioYoutubeManager',controller='movies'*/[0m
  ↳ app/controllers/movies_controller.rb:27:in `block in create'
  [1m[36mTRANSACTION (0.2ms)[0m  [1m[31mROLLBACK TRANSACTION /*action='create',application='StremioYoutubeManager',controller='movies'*/[0m
  ↳ app/controllers/movies_controller.rb:27:in `block in create'
Completed 500 Internal Server Error in 33ms (ActiveRecord: 8.7ms (1 query, 0 cached) | GC: 17.6ms)


  
NameError (uninitialized constant Net::HTTP):
  
app/models/movie.rb:17:in `fetch_poster'
app/controllers/movies_controller.rb:27:in `block in create'
app/controllers/movies_controller.rb:26:in `create'
Started POST "/movies" for 127.0.0.1 at 2026-05-19 09:50:29 +0530
Processing by MoviesController#create as HTML
  Parameters: {"authenticity_token"=>"[FILTERED]", "movie"=>{"title"=>"Hindi Medium", "imdb_id"=>" tt5764096", "youtube_link"=>" https://www.youtube.com/watch?v=6M191qGTZA4 ", "is_embeddable"=>"1"}, "commit"=>"Create Movie"}
  [1m[36mTRANSACTION (0.1ms)[0m  [1m[35mBEGIN immediate TRANSACTION /*action='create',application='StremioYoutubeManager',controller='movies'*/[0m
  ↳ app/controllers/movies_controller.rb:27:in `block in create'
  [1m[36mMovie Create (1.6ms)[0m  [1m[32mINSERT INTO "movies" ("title", "imdb_id", "youtube_link", "is_embeddable", "created_at", "updated_at", "poster_url") VALUES ('Hindi Medium', ' tt5764096', ' https://www.youtube.com/watch?v=6M191qGTZA4 ', TRUE, '2026-05-19 04:20:29.355874', '2026-05-19 04:20:29.355874', NULL) RETURNING "id" /*action='create',application='StremioYoutubeManager',controller='movies'*/[0m
  ↳ app/controllers/movies_controller.rb:27:in `block in create'
  [1m[36mTRANSACTION (3.1ms)[0m  [1m[35mCOMMIT TRANSACTION /*action='create',application='StremioYoutubeManager',controller='movies'*/[0m
  ↳ app/controllers/movies_controller.rb:27:in `block in create'
Redirected to http://localhost:3000/movies/2
↳ app/controllers/movies_controller.rb:28:in `block (2 levels) in create'
Completed 302 Found in 4175ms (ActiveRecord: 6.5ms (1 query, 0 cached) | GC: 2.7ms)


Started GET "/movies/2" for 127.0.0.1 at 2026-05-19 09:50:33 +0530
Processing by MoviesController#show as HTML
  Parameters: {"id"=>"2"}
  [1m[36mMovie Load (0.2ms)[0m  [1m[34mSELECT "movies".* FROM "movies" WHERE "movies"."id" = 2 LIMIT 1 /*action='show',application='StremioYoutubeManager',controller='movies'*/[0m
  ↳ app/controllers/movies_controller.rb:63:in `set_movie'
  Rendering layout layouts/application.html.erb
  Rendering movies/show.html.erb within layouts/application
  Rendered movies/show.html.erb within layouts/application (Duration: 2.8ms | GC: 0.0ms)
  Rendered layout layouts/application.html.erb (Duration: 10.9ms | GC: 0.0ms)
Completed 200 OK in 24ms (Views: 13.7ms | ActiveRecord: 0.2ms (1 query, 0 cached) | GC: 0.0ms)


Started GET "/movies" for 127.0.0.1 at 2026-05-19 09:50:48 +0530
  [1m[36mActiveRecord::SchemaMigration Load (0.2ms)[0m  [1m[34mSELECT "schema_migrations"."version" FROM "schema_migrations" ORDER BY "schema_migrations"."version" ASC /*application='StremioYoutubeManager'*/[0m
Processing by MoviesController#index as HTML
  Rendering layout layouts/application.html.erb
  Rendering movies/index.html.erb within layouts/application
  [1m[36mMovie Load (1.1ms)[0m  [1m[34mSELECT "movies".* FROM "movies" /*action='index',application='StremioYoutubeManager',controller='movies'*/[0m
  ↳ app/views/movies/index.html.erb:9
  Rendered movies/index.html.erb within layouts/application (Duration: 15.9ms | GC: 0.4ms)
  Rendered layout layouts/application.html.erb (Duration: 46.3ms | GC: 24.0ms)
Completed 200 OK in 84ms (Views: 49.1ms | ActiveRecord: 2.2ms (1 query, 0 cached) | GC: 29.1ms)


Started GET "/movies/2" for 127.0.0.1 at 2026-05-19 09:51:00 +0530
Processing by MoviesController#show as HTML
  Parameters: {"id"=>"2"}
  [1m[36mMovie Load (0.3ms)[0m  [1m[34mSELECT "movies".* FROM "movies" WHERE "movies"."id" = 2 LIMIT 1 /*action='show',application='StremioYoutubeManager',controller='movies'*/[0m
  ↳ app/controllers/movies_controller.rb:63:in `set_movie'
  Rendering layout layouts/application.html.erb
  Rendering movies/show.html.erb within layouts/application
  Rendered movies/show.html.erb within layouts/application (Duration: 8.9ms | GC: 6.3ms)
  Rendered layout layouts/application.html.erb (Duration: 12.5ms | GC: 8.7ms)
Completed 200 OK in 44ms (Views: 13.6ms | ActiveRecord: 0.3ms (1 query, 0 cached) | GC: 28.4ms)


Started DELETE "/movies/2" for 127.0.0.1 at 2026-05-19 09:51:17 +0530
Processing by MoviesController#destroy as HTML
  Parameters: {"authenticity_token"=>"[FILTERED]", "id"=>"2"}
  [1m[36mMovie Load (0.3ms)[0m  [1m[34mSELECT "movies".* FROM "movies" WHERE "movies"."id" = 2 LIMIT 1 /*action='destroy',application='StremioYoutubeManager',controller='movies'*/[0m
  ↳ app/controllers/movies_controller.rb:63:in `set_movie'
  [1m[36mTRANSACTION (0.2ms)[0m  [1m[35mBEGIN immediate TRANSACTION /*action='destroy',application='StremioYoutubeManager',controller='movies'*/[0m
  ↳ app/controllers/movies_controller.rb:52:in `destroy'
  [1m[36mMovie Destroy (3.2ms)[0m  [1m[31mDELETE FROM "movies" WHERE "movies"."id" = 2 /*action='destroy',application='StremioYoutubeManager',controller='movies'*/[0m
  ↳ app/controllers/movies_controller.rb:52:in `destroy'
  [1m[36mTRANSACTION (2.1ms)[0m  [1m[35mCOMMIT TRANSACTION /*action='destroy',application='StremioYoutubeManager',controller='movies'*/[0m
  ↳ app/controllers/movies_controller.rb:52:in `destroy'
Redirected to http://localhost:3000/movies
↳ app/controllers/movies_controller.rb:55:in `block (2 levels) in destroy'
Completed 303 See Other in 17ms (ActiveRecord: 5.7ms (2 queries, 0 cached) | GC: 1.9ms)


Started GET "/movies" for 127.0.0.1 at 2026-05-19 09:51:17 +0530
Processing by MoviesController#index as HTML
  Rendering layout layouts/application.html.erb
  Rendering movies/index.html.erb within layouts/application
  [1m[36mMovie Load (0.2ms)[0m  [1m[34mSELECT "movies".* FROM "movies" /*action='index',application='StremioYoutubeManager',controller='movies'*/[0m
  ↳ app/views/movies/index.html.erb:9
  Rendered movies/index.html.erb within layouts/application (Duration: 3.2ms | GC: 0.9ms)
  Rendered layout layouts/application.html.erb (Duration: 4.3ms | GC: 0.9ms)
Completed 200 OK in 6ms (Views: 4.8ms | ActiveRecord: 0.2ms (1 query, 0 cached) | GC: 0.9ms)


Started GET "/movies/new" for 127.0.0.1 at 2026-05-19 09:51:24 +0530
Processing by MoviesController#new as HTML
  Rendering layout layouts/application.html.erb
  Rendering movies/new.html.erb within layouts/application
  Rendered movies/_form.html.erb (Duration: 5.0ms | GC: 0.2ms)
  Rendered movies/new.html.erb within layouts/application (Duration: 6.2ms | GC: 0.2ms)
  Rendered layout layouts/application.html.erb (Duration: 7.1ms | GC: 0.2ms)
Completed 200 OK in 9ms (Views: 8.1ms | ActiveRecord: 0.0ms (0 queries, 0 cached) | GC: 0.2ms)


Started POST "/movies" for 127.0.0.1 at 2026-05-19 09:51:40 +0530
Processing by MoviesController#create as HTML
  Parameters: {"authenticity_token"=>"[FILTERED]", "movie"=>{"title"=>"Hindi Medium", "imdb_id"=>" tt5764096 ", "youtube_link"=>" https://www.youtube.com/watch?v=6M191qGTZA4 ", "is_embeddable"=>"1"}, "commit"=>"Create Movie"}
  [1m[36mTRANSACTION (0.2ms)[0m  [1m[35mBEGIN immediate TRANSACTION /*action='create',application='StremioYoutubeManager',controller='movies'*/[0m
  ↳ app/controllers/movies_controller.rb:27:in `block in create'
  [1m[36mMovie Create (3.7ms)[0m  [1m[32mINSERT INTO "movies" ("title", "imdb_id", "youtube_link", "is_embeddable", "created_at", "updated_at", "poster_url") VALUES ('Hindi Medium', ' tt5764096 ', ' https://www.youtube.com/watch?v=6M191qGTZA4 ', TRUE, '2026-05-19 04:21:40.983550', '2026-05-19 04:21:40.983550', NULL) RETURNING "id" /*action='create',application='StremioYoutubeManager',controller='movies'*/[0m
  ↳ app/controllers/movies_controller.rb:27:in `block in create'
  [1m[36mTRANSACTION (0.3ms)[0m  [1m[35mCOMMIT TRANSACTION /*action='create',application='StremioYoutubeManager',controller='movies'*/[0m
  ↳ app/controllers/movies_controller.rb:27:in `block in create'
Redirected to http://localhost:3000/movies/3
↳ app/controllers/movies_controller.rb:28:in `block (2 levels) in create'
Completed 302 Found in 2421ms (ActiveRecord: 4.2ms (1 query, 0 cached) | GC: 0.0ms)


Started GET "/movies/3" for 127.0.0.1 at 2026-05-19 09:51:43 +0530
Processing by MoviesController#show as HTML
  Parameters: {"id"=>"3"}
  [1m[36mMovie Load (0.2ms)[0m  [1m[34mSELECT "movies".* FROM "movies" WHERE "movies"."id" = 3 LIMIT 1 /*action='show',application='StremioYoutubeManager',controller='movies'*/[0m
  ↳ app/controllers/movies_controller.rb:63:in `set_movie'
  Rendering layout layouts/application.html.erb
  Rendering movies/show.html.erb within layouts/application
  Rendered movies/show.html.erb within layouts/application (Duration: 1.0ms | GC: 0.0ms)
  Rendered layout layouts/application.html.erb (Duration: 1.5ms | GC: 0.0ms)
Completed 200 OK in 4ms (Views: 2.1ms | ActiveRecord: 0.2ms (1 query, 0 cached) | GC: 0.0ms)


Started GET "/movies" for 127.0.0.1 at 2026-05-19 09:51:51 +0530
Processing by MoviesController#index as HTML
  Rendering layout layouts/application.html.erb
  Rendering movies/index.html.erb within layouts/application
  [1m[36mMovie Load (0.3ms)[0m  [1m[34mSELECT "movies".* FROM "movies" /*action='index',application='StremioYoutubeManager',controller='movies'*/[0m
  ↳ app/views/movies/index.html.erb:9
  Rendered movies/index.html.erb within layouts/application (Duration: 4.5ms | GC: 0.0ms)
  Rendered layout layouts/application.html.erb (Duration: 6.0ms | GC: 0.0ms)
Completed 200 OK in 9ms (Views: 7.1ms | ActiveRecord: 0.3ms (1 query, 0 cached) | GC: 0.0ms)


  [1m[36mActiveRecord::InternalMetadata Load (0.4ms)[0m  [1m[34mSELECT * FROM "ar_internal_metadata" WHERE "ar_internal_metadata"."key" = 'environment' ORDER BY "ar_internal_metadata"."key" ASC LIMIT 1 /*application='StremioYoutubeManager'*/[0m
  [1m[36mActiveRecord::SchemaMigration Load (0.1ms)[0m  [1m[34mSELECT "schema_migrations"."version" FROM "schema_migrations" ORDER BY "schema_migrations"."version" ASC /*application='StremioYoutubeManager'*/[0m
  [1m[36mActiveRecord::SchemaMigration Load (0.0ms)[0m  [1m[34mSELECT "schema_migrations"."version" FROM "schema_migrations" ORDER BY "schema_migrations"."version" ASC /*application='StremioYoutubeManager'*/[0m
Started GET "/movies/3" for 127.0.0.1 at 2026-05-19 09:54:39 +0530
Processing by MoviesController#show as HTML
  Parameters: {"id"=>"3"}
  [1m[36mMovie Load (0.2ms)[0m  [1m[34mSELECT "movies".* FROM "movies" WHERE "movies"."id" = 3 LIMIT 1 /*action='show',application='StremioYoutubeManager',controller='movies'*/[0m
  ↳ app/controllers/movies_controller.rb:63:in `set_movie'
  Rendering layout layouts/application.html.erb
  Rendering movies/show.html.erb within layouts/application
  Rendered movies/show.html.erb within layouts/application (Duration: 2.2ms | GC: 0.0ms)
  Rendered layout layouts/application.html.erb (Duration: 3.8ms | GC: 0.0ms)
Completed 200 OK in 21ms (Views: 5.7ms | ActiveRecord: 2.4ms (1 query, 0 cached) | GC: 0.0ms)


Started DELETE "/movies/3" for 127.0.0.1 at 2026-05-19 09:54:40 +0530
Processing by MoviesController#destroy as HTML
  Parameters: {"authenticity_token"=>"[FILTERED]", "id"=>"3"}
  [1m[36mMovie Load (0.4ms)[0m  [1m[34mSELECT "movies".* FROM "movies" WHERE "movies"."id" = 3 LIMIT 1 /*action='destroy',application='StremioYoutubeManager',controller='movies'*/[0m
  ↳ app/controllers/movies_controller.rb:63:in `set_movie'
  [1m[36mTRANSACTION (0.1ms)[0m  [1m[35mBEGIN immediate TRANSACTION /*action='destroy',application='StremioYoutubeManager',controller='movies'*/[0m
  ↳ app/controllers/movies_controller.rb:52:in `destroy'
  [1m[36mMovie Destroy (2.3ms)[0m  [1m[31mDELETE FROM "movies" WHERE "movies"."id" = 3 /*action='destroy',application='StremioYoutubeManager',controller='movies'*/[0m
  ↳ app/controllers/movies_controller.rb:52:in `destroy'
  [1m[36mTRANSACTION (4.7ms)[0m  [1m[35mCOMMIT TRANSACTION /*action='destroy',application='StremioYoutubeManager',controller='movies'*/[0m
  ↳ app/controllers/movies_controller.rb:52:in `destroy'
Redirected to http://localhost:3000/movies
↳ app/controllers/movies_controller.rb:55:in `block (2 levels) in destroy'
Completed 303 See Other in 19ms (ActiveRecord: 7.6ms (2 queries, 0 cached) | GC: 0.0ms)


Started GET "/movies" for 127.0.0.1 at 2026-05-19 09:54:41 +0530
Processing by MoviesController#index as HTML
  Rendering layout layouts/application.html.erb
  Rendering movies/index.html.erb within layouts/application
  [1m[36mMovie Load (0.2ms)[0m  [1m[34mSELECT "movies".* FROM "movies" /*action='index',application='StremioYoutubeManager',controller='movies'*/[0m
  ↳ app/views/movies/index.html.erb:9
  Rendered movies/index.html.erb within layouts/application (Duration: 3.1ms | GC: 0.0ms)
  Rendered layout layouts/application.html.erb (Duration: 3.8ms | GC: 0.0ms)
Completed 200 OK in 5ms (Views: 4.2ms | ActiveRecord: 0.2ms (1 query, 0 cached) | GC: 0.0ms)


Started GET "/movies/new" for 127.0.0.1 at 2026-05-19 09:54:43 +0530
Processing by MoviesController#new as HTML
  Rendering layout layouts/application.html.erb
  Rendering movies/new.html.erb within layouts/application
  Rendered movies/_form.html.erb (Duration: 3.8ms | GC: 0.0ms)
  Rendered movies/new.html.erb within layouts/application (Duration: 5.2ms | GC: 0.0ms)
  Rendered layout layouts/application.html.erb (Duration: 6.0ms | GC: 0.0ms)
Completed 200 OK in 8ms (Views: 6.9ms | ActiveRecord: 0.0ms (0 queries, 0 cached) | GC: 0.0ms)


Started POST "/movies" for 127.0.0.1 at 2026-05-19 09:54:59 +0530
Processing by MoviesController#create as HTML
  Parameters: {"authenticity_token"=>"[FILTERED]", "movie"=>{"title"=>"Hindi Medium", "imdb_id"=>" tt5764096", "youtube_link"=>"https://www.youtube.com/watch?v=6M191qGTZA4", "is_embeddable"=>"1"}, "commit"=>"Create Movie"}
  [1m[36mTRANSACTION (0.1ms)[0m  [1m[35mBEGIN immediate TRANSACTION /*action='create',application='StremioYoutubeManager',controller='movies'*/[0m
  ↳ app/controllers/movies_controller.rb:27:in `block in create'
  [1m[36mMovie Create (1.5ms)[0m  [1m[32mINSERT INTO "movies" ("title", "imdb_id", "youtube_link", "is_embeddable", "created_at", "updated_at", "poster_url") VALUES ('Hindi Medium', ' tt5764096', 'https://www.youtube.com/watch?v=6M191qGTZA4', TRUE, '2026-05-19 04:24:59.805965', '2026-05-19 04:24:59.805965', NULL) RETURNING "id" /*action='create',application='StremioYoutubeManager',controller='movies'*/[0m
  ↳ app/controllers/movies_controller.rb:27:in `block in create'
  [1m[36mTRANSACTION (0.4ms)[0m  [1m[35mCOMMIT TRANSACTION /*action='create',application='StremioYoutubeManager',controller='movies'*/[0m
  ↳ app/controllers/movies_controller.rb:27:in `block in create'
Redirected to http://localhost:3000/movies/4
↳ app/controllers/movies_controller.rb:28:in `block (2 levels) in create'
Completed 302 Found in 1219ms (ActiveRecord: 1.9ms (1 query, 0 cached) | GC: 0.0ms)


Started GET "/movies/4" for 127.0.0.1 at 2026-05-19 09:55:01 +0530
Processing by MoviesController#show as HTML
  Parameters: {"id"=>"4"}
  [1m[36mMovie Load (0.3ms)[0m  [1m[34mSELECT "movies".* FROM "movies" WHERE "movies"."id" = 4 LIMIT 1 /*action='show',application='StremioYoutubeManager',controller='movies'*/[0m
  ↳ app/controllers/movies_controller.rb:63:in `set_movie'
  Rendering layout layouts/application.html.erb
  Rendering movies/show.html.erb within layouts/application
  Rendered movies/show.html.erb within layouts/application (Duration: 2.2ms | GC: 0.0ms)
  Rendered layout layouts/application.html.erb (Duration: 3.2ms | GC: 0.0ms)
Completed 200 OK in 8ms (Views: 4.4ms | ActiveRecord: 0.3ms (1 query, 0 cached) | GC: 0.0ms)


Started GET "/movies" for 127.0.0.1 at 2026-05-19 09:55:04 +0530
Processing by MoviesController#index as HTML
  Rendering layout layouts/application.html.erb
  Rendering movies/index.html.erb within layouts/application
  [1m[36mMovie Load (0.3ms)[0m  [1m[34mSELECT "movies".* FROM "movies" /*action='index',application='StremioYoutubeManager',controller='movies'*/[0m
  ↳ app/views/movies/index.html.erb:9
  Rendered movies/index.html.erb within layouts/application (Duration: 4.3ms | GC: 0.0ms)
  Rendered layout layouts/application.html.erb (Duration: 5.6ms | GC: 0.0ms)
Completed 200 OK in 8ms (Views: 6.3ms | ActiveRecord: 0.3ms (1 query, 0 cached) | GC: 0.0ms)


  [1m[36mActiveRecord::InternalMetadata Load (0.3ms)[0m  [1m[34mSELECT * FROM "ar_internal_metadata" WHERE "ar_internal_metadata"."key" = 'environment' ORDER BY "ar_internal_metadata"."key" ASC LIMIT 1 /*application='StremioYoutubeManager'*/[0m
  [1m[36mActiveRecord::SchemaMigration Load (0.1ms)[0m  [1m[34mSELECT "schema_migrations"."version" FROM "schema_migrations" ORDER BY "schema_migrations"."version" ASC /*application='StremioYoutubeManager'*/[0m
  [1m[36mActiveRecord::SchemaMigration Load (0.1ms)[0m  [1m[34mSELECT "schema_migrations"."version" FROM "schema_migrations" ORDER BY "schema_migrations"."version" ASC /*application='StremioYoutubeManager'*/[0m
Started GET "/movies/4" for 127.0.0.1 at 2026-05-19 09:57:02 +0530
  [1m[36mActiveRecord::SchemaMigration Load (0.5ms)[0m  [1m[34mSELECT "schema_migrations"."version" FROM "schema_migrations" ORDER BY "schema_migrations"."version" ASC /*application='StremioYoutubeManager'*/[0m
Processing by MoviesController#show as HTML
  Parameters: {"id"=>"4"}
  [1m[36mMovie Load (0.2ms)[0m  [1m[34mSELECT "movies".* FROM "movies" WHERE "movies"."id" = 4 LIMIT 1 /*action='show',application='StremioYoutubeManager',controller='movies'*/[0m
  ↳ app/controllers/movies_controller.rb:63:in `set_movie'
  Rendering layout layouts/application.html.erb
  Rendering movies/show.html.erb within layouts/application
  Rendered movies/show.html.erb within layouts/application (Duration: 5.0ms | GC: 0.2ms)
  Rendered layout layouts/application.html.erb (Duration: 30.6ms | GC: 19.2ms)
Completed 200 OK in 76ms (Views: 33.5ms | ActiveRecord: 1.9ms (1 query, 0 cached) | GC: 23.0ms)


Started DELETE "/movies/4" for 127.0.0.1 at 2026-05-19 09:57:03 +0530
Processing by MoviesController#destroy as HTML
  Parameters: {"authenticity_token"=>"[FILTERED]", "id"=>"4"}
  [1m[36mMovie Load (0.3ms)[0m  [1m[34mSELECT "movies".* FROM "movies" WHERE "movies"."id" = 4 LIMIT 1 /*action='destroy',application='StremioYoutubeManager',controller='movies'*/[0m
  ↳ app/controllers/movies_controller.rb:63:in `set_movie'
  [1m[36mTRANSACTION (2.1ms)[0m  [1m[35mBEGIN immediate TRANSACTION /*action='destroy',application='StremioYoutubeManager',controller='movies'*/[0m
  ↳ app/controllers/movies_controller.rb:52:in `destroy'
  [1m[36mMovie Destroy (10.4ms)[0m  [1m[31mDELETE FROM "movies" WHERE "movies"."id" = 4 /*action='destroy',application='StremioYoutubeManager',controller='movies'*/[0m
  ↳ app/controllers/movies_controller.rb:52:in `destroy'
  [1m[36mTRANSACTION (3.7ms)[0m  [1m[35mCOMMIT TRANSACTION /*action='destroy',application='StremioYoutubeManager',controller='movies'*/[0m
  ↳ app/controllers/movies_controller.rb:52:in `destroy'
Redirected to http://localhost:3000/movies
↳ app/controllers/movies_controller.rb:55:in `block (2 levels) in destroy'
Completed 303 See Other in 43ms (ActiveRecord: 16.3ms (2 queries, 0 cached) | GC: 25.1ms)


Started GET "/movies" for 127.0.0.1 at 2026-05-19 09:57:04 +0530
Processing by MoviesController#index as HTML
  Rendering layout layouts/application.html.erb
  Rendering movies/index.html.erb within layouts/application
  [1m[36mMovie Load (0.2ms)[0m  [1m[34mSELECT "movies".* FROM "movies" /*action='index',application='StremioYoutubeManager',controller='movies'*/[0m
  ↳ app/views/movies/index.html.erb:9
  Rendered movies/index.html.erb within layouts/application (Duration: 3.5ms | GC: 0.0ms)
  Rendered layout layouts/application.html.erb (Duration: 4.5ms | GC: 0.0ms)
Completed 200 OK in 7ms (Views: 5.1ms | ActiveRecord: 0.2ms (1 query, 0 cached) | GC: 0.0ms)


Started GET "/movies/new" for 127.0.0.1 at 2026-05-19 09:57:05 +0530
Processing by MoviesController#new as HTML
  Rendering layout layouts/application.html.erb
  Rendering movies/new.html.erb within layouts/application
  Rendered movies/_form.html.erb (Duration: 6.3ms | GC: 0.5ms)
  Rendered movies/new.html.erb within layouts/application (Duration: 7.8ms | GC: 0.9ms)
  Rendered layout layouts/application.html.erb (Duration: 8.5ms | GC: 0.9ms)
Completed 200 OK in 11ms (Views: 9.3ms | ActiveRecord: 0.0ms (0 queries, 0 cached) | GC: 0.9ms)


Started POST "/movies" for 127.0.0.1 at 2026-05-19 09:57:19 +0530
Processing by MoviesController#create as HTML
  Parameters: {"authenticity_token"=>"[FILTERED]", "movie"=>{"title"=>"Hindi Medium", "imdb_id"=>" tt5764096", "youtube_link"=>" https://www.youtube.com/watch?v=6M191qGTZA4", "is_embeddable"=>"1"}, "commit"=>"Create Movie"}
  [1m[36mTRANSACTION (0.1ms)[0m  [1m[35mBEGIN immediate TRANSACTION /*action='create',application='StremioYoutubeManager',controller='movies'*/[0m
  ↳ app/controllers/movies_controller.rb:27:in `block in create'
  [1m[36mMovie Create (2.7ms)[0m  [1m[32mINSERT INTO "movies" ("title", "imdb_id", "youtube_link", "is_embeddable", "created_at", "updated_at", "poster_url") VALUES ('Hindi Medium', ' tt5764096', ' https://www.youtube.com/watch?v=6M191qGTZA4', TRUE, '2026-05-19 04:27:19.657430', '2026-05-19 04:27:19.657430', NULL) RETURNING "id" /*action='create',application='StremioYoutubeManager',controller='movies'*/[0m
  ↳ app/controllers/movies_controller.rb:27:in `block in create'
  [1m[36mTRANSACTION (0.2ms)[0m  [1m[35mCOMMIT TRANSACTION /*action='create',application='StremioYoutubeManager',controller='movies'*/[0m
  ↳ app/controllers/movies_controller.rb:27:in `block in create'
Redirected to http://localhost:3000/movies/5
↳ app/controllers/movies_controller.rb:28:in `block (2 levels) in create'
Completed 302 Found in 992ms (ActiveRecord: 2.9ms (1 query, 0 cached) | GC: 1.5ms)


Started GET "/movies/5" for 127.0.0.1 at 2026-05-19 09:57:20 +0530
Processing by MoviesController#show as HTML
  Parameters: {"id"=>"5"}
  [1m[36mMovie Load (0.3ms)[0m  [1m[34mSELECT "movies".* FROM "movies" WHERE "movies"."id" = 5 LIMIT 1 /*action='show',application='StremioYoutubeManager',controller='movies'*/[0m
  ↳ app/controllers/movies_controller.rb:63:in `set_movie'
  Rendering layout layouts/application.html.erb
  Rendering movies/show.html.erb within layouts/application
  Rendered movies/show.html.erb within layouts/application (Duration: 2.4ms | GC: 0.0ms)
  Rendered layout layouts/application.html.erb (Duration: 3.6ms | GC: 0.0ms)
Completed 200 OK in 8ms (Views: 4.5ms | ActiveRecord: 0.3ms (1 query, 0 cached) | GC: 0.0ms)


Started GET "/movies" for 127.0.0.1 at 2026-05-19 09:57:24 +0530
Processing by MoviesController#index as HTML
  Rendering layout layouts/application.html.erb
  Rendering movies/index.html.erb within layouts/application
  [1m[36mMovie Load (0.2ms)[0m  [1m[34mSELECT "movies".* FROM "movies" /*action='index',application='StremioYoutubeManager',controller='movies'*/[0m
  ↳ app/views/movies/index.html.erb:9
  Rendered movies/index.html.erb within layouts/application (Duration: 2.4ms | GC: 0.0ms)
  Rendered layout layouts/application.html.erb (Duration: 3.2ms | GC: 0.0ms)
Completed 200 OK in 5ms (Views: 3.8ms | ActiveRecord: 0.2ms (1 query, 0 cached) | GC: 0.0ms)


Started GET "/movies" for 127.0.0.1 at 2026-05-19 09:58:40 +0530
Processing by MoviesController#index as HTML
  Rendering layout layouts/application.html.erb
  Rendering movies/index.html.erb within layouts/application
  [1m[36mMovie Load (1.6ms)[0m  [1m[34mSELECT "movies".* FROM "movies" /*action='index',application='StremioYoutubeManager',controller='movies'*/[0m
  ↳ app/views/movies/index.html.erb:9
  Rendered movies/index.html.erb within layouts/application (Duration: 13.3ms | GC: 0.0ms)
  Rendered layout layouts/application.html.erb (Duration: 15.0ms | GC: 0.0ms)
Completed 200 OK in 21ms (Views: 14.2ms | ActiveRecord: 2.5ms (1 query, 0 cached) | GC: 0.0ms)


Started GET "/movies" for 127.0.0.1 at 2026-05-19 09:58:43 +0530
Processing by MoviesController#index as HTML
  Rendering layout layouts/application.html.erb
  Rendering movies/index.html.erb within layouts/application
  [1m[36mMovie Load (0.3ms)[0m  [1m[34mSELECT "movies".* FROM "movies" /*action='index',application='StremioYoutubeManager',controller='movies'*/[0m
  ↳ app/views/movies/index.html.erb:9
  Rendered movies/index.html.erb within layouts/application (Duration: 5.0ms | GC: 0.0ms)
  Rendered layout layouts/application.html.erb (Duration: 6.5ms | GC: 0.0ms)
Completed 200 OK in 9ms (Views: 7.4ms | ActiveRecord: 0.3ms (1 query, 0 cached) | GC: 0.0ms)


Started GET "/movies" for 127.0.0.1 at 2026-05-19 09:58:43 +0530
Processing by MoviesController#index as HTML
  Rendering layout layouts/application.html.erb
  Rendering movies/index.html.erb within layouts/application
  [1m[36mMovie Load (0.3ms)[0m  [1m[34mSELECT "movies".* FROM "movies" /*action='index',application='StremioYoutubeManager',controller='movies'*/[0m
  ↳ app/views/movies/index.html.erb:9
  Rendered movies/index.html.erb within layouts/application (Duration: 3.4ms | GC: 0.0ms)
  Rendered layout layouts/application.html.erb (Duration: 4.4ms | GC: 0.0ms)
Completed 200 OK in 6ms (Views: 5.0ms | ActiveRecord: 0.3ms (1 query, 0 cached) | GC: 0.0ms)


Started GET "/movies" for 127.0.0.1 at 2026-05-19 09:59:00 +0530
  [1m[36mActiveRecord::SchemaMigration Load (0.2ms)[0m  [1m[34mSELECT "schema_migrations"."version" FROM "schema_migrations" ORDER BY "schema_migrations"."version" ASC /*application='StremioYoutubeManager'*/[0m
Processing by MoviesController#index as HTML
  Rendering layout layouts/application.html.erb
  Rendering movies/index.html.erb within layouts/application
  [1m[36mMovie Load (1.2ms)[0m  [1m[34mSELECT "movies".* FROM "movies" /*action='index',application='StremioYoutubeManager',controller='movies'*/[0m
  ↳ app/views/movies/index.html.erb:9
  Rendered movies/index.html.erb within layouts/application (Duration: 17.1ms | GC: 0.7ms)
  Rendered layout layouts/application.html.erb (Duration: 49.2ms | GC: 25.3ms)
Completed 200 OK in 95ms (Views: 52.6ms | ActiveRecord: 2.4ms (1 query, 0 cached) | GC: 32.1ms)


Started GET "/movies" for 127.0.0.1 at 2026-05-19 10:00:12 +0530
Processing by MoviesController#index as HTML
  Rendering layout layouts/application.html.erb
  Rendering movies/index.html.erb within layouts/application
  [1m[36mMovie Load (0.9ms)[0m  [1m[34mSELECT "movies".* FROM "movies" /*action='index',application='StremioYoutubeManager',controller='movies'*/[0m
  ↳ app/views/movies/index.html.erb:9
  Rendered movies/index.html.erb within layouts/application (Duration: 13.5ms | GC: 0.1ms)
  Rendered layout layouts/application.html.erb (Duration: 15.4ms | GC: 0.1ms)
Completed 200 OK in 23ms (Views: 15.2ms | ActiveRecord: 2.1ms (1 query, 0 cached) | GC: 0.1ms)


Started GET "/movies/new" for 127.0.0.1 at 2026-05-19 10:00:41 +0530
Processing by MoviesController#new as HTML
  Rendering layout layouts/application.html.erb
  Rendering movies/new.html.erb within layouts/application
  Rendered movies/_form.html.erb (Duration: 5.6ms | GC: 0.0ms)
  Rendered movies/new.html.erb within layouts/application (Duration: 6.5ms | GC: 0.0ms)
  Rendered layout layouts/application.html.erb (Duration: 7.5ms | GC: 0.0ms)
Completed 200 OK in 18ms (Views: 8.9ms | ActiveRecord: 1.1ms (0 queries, 0 cached) | GC: 0.0ms)


Started POST "/movies" for 127.0.0.1 at 2026-05-19 10:02:32 +0530
Processing by MoviesController#create as HTML
  Parameters: {"authenticity_token"=>"[FILTERED]", "movie"=>{"title"=>"Cocktail", "imdb_id"=>"tt2168910", "youtube_link"=>"https://www.youtube.com/embed/cD-TLEshy5g", "is_embeddable"=>"1"}, "commit"=>"Create Movie"}
  [1m[36mTRANSACTION (0.1ms)[0m  [1m[35mBEGIN immediate TRANSACTION /*action='create',application='StremioYoutubeManager',controller='movies'*/[0m
  ↳ app/controllers/movies_controller.rb:27:in `block in create'
  [1m[36mMovie Create (2.2ms)[0m  [1m[32mINSERT INTO "movies" ("title", "imdb_id", "youtube_link", "is_embeddable", "created_at", "updated_at", "poster_url") VALUES ('Cocktail', 'tt2168910', 'https://www.youtube.com/embed/cD-TLEshy5g', TRUE, '2026-05-19 04:32:32.752346', '2026-05-19 04:32:32.752346', NULL) RETURNING "id" /*action='create',application='StremioYoutubeManager',controller='movies'*/[0m
  ↳ app/controllers/movies_controller.rb:27:in `block in create'
  [1m[36mTRANSACTION (4.3ms)[0m  [1m[35mCOMMIT TRANSACTION /*action='create',application='StremioYoutubeManager',controller='movies'*/[0m
  ↳ app/controllers/movies_controller.rb:27:in `block in create'
Redirected to http://localhost:3000/movies/6
↳ app/controllers/movies_controller.rb:28:in `block (2 levels) in create'
Completed 302 Found in 1206ms (ActiveRecord: 6.6ms (1 query, 0 cached) | GC: 0.0ms)


Started GET "/movies/6" for 127.0.0.1 at 2026-05-19 10:02:33 +0530
Processing by MoviesController#show as HTML
  Parameters: {"id"=>"6"}
  [1m[36mMovie Load (0.2ms)[0m  [1m[34mSELECT "movies".* FROM "movies" WHERE "movies"."id" = 6 LIMIT 1 /*action='show',application='StremioYoutubeManager',controller='movies'*/[0m
  ↳ app/controllers/movies_controller.rb:63:in `set_movie'
  Rendering layout layouts/application.html.erb
  Rendering movies/show.html.erb within layouts/application
  Rendered movies/show.html.erb within layouts/application (Duration: 1.6ms | GC: 0.0ms)
  Rendered layout layouts/application.html.erb (Duration: 2.3ms | GC: 0.0ms)
Completed 200 OK in 7ms (Views: 3.0ms | ActiveRecord: 0.2ms (1 query, 0 cached) | GC: 0.0ms)


Started GET "/movies" for 127.0.0.1 at 2026-05-19 10:02:38 +0530
Processing by MoviesController#index as HTML
  Rendering layout layouts/application.html.erb
  Rendering movies/index.html.erb within layouts/application
  [1m[36mMovie Load (0.3ms)[0m  [1m[34mSELECT "movies".* FROM "movies" /*action='index',application='StremioYoutubeManager',controller='movies'*/[0m
  ↳ app/views/movies/index.html.erb:9
  Rendered movies/index.html.erb within layouts/application (Duration: 4.8ms | GC: 0.0ms)
  Rendered layout layouts/application.html.erb (Duration: 6.0ms | GC: 0.0ms)
Completed 200 OK in 8ms (Views: 6.7ms | ActiveRecord: 0.3ms (1 query, 0 cached) | GC: 0.0ms)


Started GET "/movies/6" for 127.0.0.1 at 2026-05-19 10:02:44 +0530
Processing by MoviesController#show as HTML
  Parameters: {"id"=>"6"}
  [1m[36mMovie Load (0.3ms)[0m  [1m[34mSELECT "movies".* FROM "movies" WHERE "movies"."id" = 6 LIMIT 1 /*action='show',application='StremioYoutubeManager',controller='movies'*/[0m
  ↳ app/controllers/movies_controller.rb:63:in `set_movie'
  Rendering layout layouts/application.html.erb
  Rendering movies/show.html.erb within layouts/application
  Rendered movies/show.html.erb within layouts/application (Duration: 1.9ms | GC: 0.0ms)
  Rendered layout layouts/application.html.erb (Duration: 3.1ms | GC: 0.0ms)
Completed 200 OK in 8ms (Views: 4.1ms | ActiveRecord: 0.3ms (1 query, 0 cached) | GC: 0.0ms)


Started GET "/movies" for 127.0.0.1 at 2026-05-19 10:02:50 +0530
Processing by MoviesController#index as HTML
  Rendering layout layouts/application.html.erb
  Rendering movies/index.html.erb within layouts/application
  [1m[36mMovie Load (0.3ms)[0m  [1m[34mSELECT "movies".* FROM "movies" /*action='index',application='StremioYoutubeManager',controller='movies'*/[0m
  ↳ app/views/movies/index.html.erb:9
  Rendered movies/index.html.erb within layouts/application (Duration: 5.4ms | GC: 0.0ms)
  Rendered layout layouts/application.html.erb (Duration: 6.7ms | GC: 0.0ms)
Completed 200 OK in 10ms (Views: 7.7ms | ActiveRecord: 0.3ms (1 query, 0 cached) | GC: 0.0ms)


Started GET "/movies/new" for 127.0.0.1 at 2026-05-19 10:04:44 +0530
Processing by MoviesController#new as HTML
  Rendering layout layouts/application.html.erb
  Rendering movies/new.html.erb within layouts/application
  Rendered movies/_form.html.erb (Duration: 2.5ms | GC: 0.0ms)
  Rendered movies/new.html.erb within layouts/application (Duration: 3.1ms | GC: 0.0ms)
  Rendered layout layouts/application.html.erb (Duration: 4.3ms | GC: 0.0ms)
Completed 200 OK in 6ms (Views: 5.3ms | ActiveRecord: 0.0ms (0 queries, 0 cached) | GC: 0.0ms)


Started POST "/movies" for 127.0.0.1 at 2026-05-19 10:05:08 +0530
Processing by MoviesController#create as HTML
  Parameters: {"authenticity_token"=>"[FILTERED]", "movie"=>{"title"=>"Partner", "imdb_id"=>"tt0807758", "youtube_link"=>"https://www.youtube.com/watch?v=C3WHXdEoZOw", "is_embeddable"=>"1"}, "commit"=>"Create Movie"}
  [1m[36mTRANSACTION (0.1ms)[0m  [1m[35mBEGIN immediate TRANSACTION /*action='create',application='StremioYoutubeManager',controller='movies'*/[0m
  ↳ app/controllers/movies_controller.rb:27:in `block in create'
  [1m[36mMovie Create (2.5ms)[0m  [1m[32mINSERT INTO "movies" ("title", "imdb_id", "youtube_link", "is_embeddable", "created_at", "updated_at", "poster_url") VALUES ('Partner', 'tt0807758', 'https://www.youtube.com/watch?v=C3WHXdEoZOw', TRUE, '2026-05-19 04:35:08.182043', '2026-05-19 04:35:08.182043', NULL) RETURNING "id" /*action='create',application='StremioYoutubeManager',controller='movies'*/[0m
  ↳ app/controllers/movies_controller.rb:27:in `block in create'
  [1m[36mTRANSACTION (0.3ms)[0m  [1m[35mCOMMIT TRANSACTION /*action='create',application='StremioYoutubeManager',controller='movies'*/[0m
  ↳ app/controllers/movies_controller.rb:27:in `block in create'
Redirected to http://localhost:3000/movies/7
↳ app/controllers/movies_controller.rb:28:in `block (2 levels) in create'
Completed 302 Found in 969ms (ActiveRecord: 2.9ms (1 query, 0 cached) | GC: 33.6ms)


Started GET "/movies/7" for 127.0.0.1 at 2026-05-19 10:05:09 +0530
Processing by MoviesController#show as HTML
  Parameters: {"id"=>"7"}
  [1m[36mMovie Load (0.3ms)[0m  [1m[34mSELECT "movies".* FROM "movies" WHERE "movies"."id" = 7 LIMIT 1 /*action='show',application='StremioYoutubeManager',controller='movies'*/[0m
  ↳ app/controllers/movies_controller.rb:63:in `set_movie'
  Rendering layout layouts/application.html.erb
  Rendering movies/show.html.erb within layouts/application
  Rendered movies/show.html.erb within layouts/application (Duration: 2.2ms | GC: 0.0ms)
  Rendered layout layouts/application.html.erb (Duration: 3.3ms | GC: 0.0ms)
Completed 200 OK in 7ms (Views: 4.1ms | ActiveRecord: 0.2ms (1 query, 0 cached) | GC: 0.0ms)


Started GET "/movies" for 127.0.0.1 at 2026-05-19 10:05:12 +0530
Processing by MoviesController#index as HTML
  Rendering layout layouts/application.html.erb
  Rendering movies/index.html.erb within layouts/application
  [1m[36mMovie Load (0.3ms)[0m  [1m[34mSELECT "movies".* FROM "movies" /*action='index',application='StremioYoutubeManager',controller='movies'*/[0m
  ↳ app/views/movies/index.html.erb:9
  Rendered movies/index.html.erb within layouts/application (Duration: 6.0ms | GC: 1.5ms)
  Rendered layout layouts/application.html.erb (Duration: 7.6ms | GC: 1.5ms)
Completed 200 OK in 10ms (Views: 8.6ms | ActiveRecord: 0.3ms (1 query, 0 cached) | GC: 1.5ms)


Started GET "/movies/new" for 127.0.0.1 at 2026-05-19 10:11:01 +0530
Processing by MoviesController#new as HTML
  Rendering layout layouts/application.html.erb
  Rendering movies/new.html.erb within layouts/application
  Rendered movies/_form.html.erb (Duration: 2.8ms | GC: 0.0ms)
  Rendered movies/new.html.erb within layouts/application (Duration: 3.7ms | GC: 0.0ms)
  Rendered layout layouts/application.html.erb (Duration: 4.7ms | GC: 0.0ms)
Completed 200 OK in 14ms (Views: 6.4ms | ActiveRecord: 0.0ms (0 queries, 0 cached) | GC: 0.7ms)


Started POST "/movies" for 127.0.0.1 at 2026-05-19 10:11:37 +0530
Processing by MoviesController#create as HTML
  Parameters: {"authenticity_token"=>"[FILTERED]", "movie"=>{"title"=>"Tanu Weds Manu", "imdb_id"=>"tt1694542", "youtube_link"=>"https://www.youtube.com/watch?v=KRM4uWYhiEo", "is_embeddable"=>"1"}, "commit"=>"Create Movie"}
  [1m[36mTRANSACTION (0.2ms)[0m  [1m[35mBEGIN immediate TRANSACTION /*action='create',application='StremioYoutubeManager',controller='movies'*/[0m
  ↳ app/controllers/movies_controller.rb:27:in `block in create'
  [1m[36mMovie Create (5.9ms)[0m  [1m[32mINSERT INTO "movies" ("title", "imdb_id", "youtube_link", "is_embeddable", "created_at", "updated_at", "poster_url") VALUES ('Tanu Weds Manu', 'tt1694542', 'https://www.youtube.com/watch?v=KRM4uWYhiEo', TRUE, '2026-05-19 04:41:37.034449', '2026-05-19 04:41:37.034449', NULL) RETURNING "id" /*action='create',application='StremioYoutubeManager',controller='movies'*/[0m
  ↳ app/controllers/movies_controller.rb:27:in `block in create'
  [1m[36mTRANSACTION (2.1ms)[0m  [1m[35mCOMMIT TRANSACTION /*action='create',application='StremioYoutubeManager',controller='movies'*/[0m
  ↳ app/controllers/movies_controller.rb:27:in `block in create'
Redirected to http://localhost:3000/movies/8
↳ app/controllers/movies_controller.rb:28:in `block (2 levels) in create'
Completed 302 Found in 1413ms (ActiveRecord: 8.2ms (1 query, 0 cached) | GC: 0.8ms)


Started GET "/movies/8" for 127.0.0.1 at 2026-05-19 10:11:38 +0530
Processing by MoviesController#show as HTML
  Parameters: {"id"=>"8"}
  [1m[36mMovie Load (0.3ms)[0m  [1m[34mSELECT "movies".* FROM "movies" WHERE "movies"."id" = 8 LIMIT 1 /*action='show',application='StremioYoutubeManager',controller='movies'*/[0m
  ↳ app/controllers/movies_controller.rb:63:in `set_movie'
  Rendering layout layouts/application.html.erb
  Rendering movies/show.html.erb within layouts/application
  Rendered movies/show.html.erb within layouts/application (Duration: 3.4ms | GC: 0.0ms)
  Rendered layout layouts/application.html.erb (Duration: 4.7ms | GC: 0.0ms)
Completed 200 OK in 11ms (Views: 5.6ms | ActiveRecord: 0.3ms (1 query, 0 cached) | GC: 0.6ms)


Started GET "/movies" for 127.0.0.1 at 2026-05-19 10:11:43 +0530
Processing by MoviesController#index as HTML
  Rendering layout layouts/application.html.erb
  Rendering movies/index.html.erb within layouts/application
  [1m[36mMovie Load (0.2ms)[0m  [1m[34mSELECT "movies".* FROM "movies" /*action='index',application='StremioYoutubeManager',controller='movies'*/[0m
  ↳ app/views/movies/index.html.erb:9
  Rendered movies/index.html.erb within layouts/application (Duration: 3.3ms | GC: 0.0ms)
  Rendered layout layouts/application.html.erb (Duration: 4.2ms | GC: 0.0ms)
Completed 200 OK in 6ms (Views: 4.8ms | ActiveRecord: 0.2ms (1 query, 0 cached) | GC: 0.0ms)


Started GET "/movies" for 127.0.0.1 at 2026-05-19 10:14:54 +0530
Processing by MoviesController#index as HTML
  Rendering layout layouts/application.html.erb
  Rendering movies/index.html.erb within layouts/application
  Rendered movies/index.html.erb within layouts/application (Duration: 3.7ms | GC: 0.0ms)
  Rendered layout layouts/application.html.erb (Duration: 4.2ms | GC: 0.0ms)
Completed 500 Internal Server Error in 11ms (ActiveRecord: 0.0ms (0 queries, 0 cached) | GC: 0.0ms)


  
ActionView::SyntaxErrorInTemplate (Encountered a syntax error while rendering template located at: app/views/movies/index.html.erb)
Caused by: ActiveSupport::SyntaxErrorProxy (/home/shaswat/repo/github/stremio-youtube-addon/stremio-youtube-manager/app/views/movies/index.html.erb:13: syntax error, unexpected '<'
  <% if movie.poster_url ); @out...
  ^
/home/shaswat/repo/github/stremio-youtube-addon/stremio-youtube-manager/app/views/movies/index.html.erb:48: syntax error, unexpected `end'
          end
          ^~~
)

Information for: ActionView::SyntaxErrorInTemplate (Encountered a syntax error while rendering template located at: app/views/movies/index.html.erb):
1:    <p style="color: green"><%= notice %></p>
2:    
3:    <% content_for :title, "Movies" %>
4:    
5:    <h1>Movies</h1>
6:    
7:    <div id="movies">
8:      <% @movies.each do |movie| %>
9:    <div id="<%= movie.id %>">
10:      Poster: <%= movie.poster_url %>
11:    <%= button movie.fetch_poster=>
12:      <% if movie.poster_url %>
13:        <%= image_tag movie.poster_url, alt: movie.title, width: 300 %>
14:      <% end %>
15:      <div>
16:        <strong>Title:</strong>
17:        <%= movie.title %>
18:      </div>
19:    
20:      <div>
21:        <strong>Imdb:</strong>
22:        <%= movie.imdb_id %>
23:      </div>
24:    
25:      <div>
26:        <strong>Youtube link:</strong>
27:        <a href = "<%=movie.youtube_link%>"> 
28:          <%= movie.youtube_link %>
29:        </a>
30:      </div>
31:    
32:      <div>
33:        <strong>Is embeddable:</strong>
34:        <%= movie.is_embeddable %>
35:      </div>
36:    
37:    </div>
38:        <p>
39:          <%= link_to "Show this movie", movie %>
40:        </p>
41:      <% end %>
42:    </div>
43:    
44:    <%= link_to "New movie", new_movie_path %>
  
app/views/movies/index.html.erb:13: syntax error, unexpected '<'
app/views/movies/index.html.erb:48: syntax error, unexpected `end'

Information for cause: ActiveSupport::SyntaxErrorProxy (/home/shaswat/repo/github/stremio-youtube-addon/stremio-youtube-manager/app/views/movies/index.html.erb:13: syntax error, unexpected '<'
  <% if movie.poster_url ); @out...
  ^
/home/shaswat/repo/github/stremio-youtube-addon/stremio-youtube-manager/app/views/movies/index.html.erb:48: syntax error, unexpected `end'
          end
          ^~~
):
  
app/views/movies/index.html.erb:13: syntax error, unexpected '<'
app/views/movies/index.html.erb:48: syntax error, unexpected `end'
Started PUT "/__web_console/repl_sessions/2eda756b44e241a3cd9db03ed92c5541" for 127.0.0.1 at 2026-05-19 10:15:07 +0530
Started PUT "/__web_console/repl_sessions/2eda756b44e241a3cd9db03ed92c5541" for 127.0.0.1 at 2026-05-19 10:15:07 +0530
Started PUT "/__web_console/repl_sessions/2eda756b44e241a3cd9db03ed92c5541" for 127.0.0.1 at 2026-05-19 10:15:12 +0530
Started GET "/movies" for 127.0.0.1 at 2026-05-19 10:15:26 +0530
Processing by MoviesController#index as HTML
  Rendering layout layouts/application.html.erb
  Rendering movies/index.html.erb within layouts/application
  Rendered movies/index.html.erb within layouts/application (Duration: 4.0ms | GC: 2.4ms)
  Rendered layout layouts/application.html.erb (Duration: 4.8ms | GC: 2.8ms)
Completed 500 Internal Server Error in 8ms (ActiveRecord: 0.0ms (0 queries, 0 cached) | GC: 3.8ms)


  
ActionView::SyntaxErrorInTemplate (Encountered a syntax error while rendering template located at: app/views/movies/index.html.erb)
Caused by: ActiveSupport::SyntaxErrorProxy (/home/shaswat/repo/github/stremio-youtube-addon/stremio-youtube-manager/app/views/movies/index.html.erb:13: syntax error, unexpected '<'
  <% if movie.poster_url ); @out...
  ^
/home/shaswat/repo/github/stremio-youtube-addon/stremio-youtube-manager/app/views/movies/index.html.erb:48: syntax error, unexpected `end'
          end
          ^~~
)

Information for: ActionView::SyntaxErrorInTemplate (Encountered a syntax error while rendering template located at: app/views/movies/index.html.erb):
1:    <p style="color: green"><%= notice %></p>
2:    
3:    <% content_for :title, "Movies" %>
4:    
5:    <h1>Movies</h1>
6:    
7:    <div id="movies">
8:      <% @movies.each do |movie| %>
9:    <div id="<%= movie.id %>">
10:      Poster: <%= movie.poster_url %>
11:    <%= button movie.fetch_poster=>
12:      <% if movie.poster_url %>
13:        <%= image_tag movie.poster_url, alt: movie.title, width: 300 %>
14:      <% end %>
15:      <div>
16:        <strong>Title:</strong>
17:        <%= movie.title %>
18:      </div>
19:    
20:      <div>
21:        <strong>Imdb:</strong>
22:        <%= movie.imdb_id %>
23:      </div>
24:    
25:      <div>
26:        <strong>Youtube link:</strong>
27:        <a href = "<%=movie.youtube_link%>"> 
28:          <%= movie.youtube_link %>
29:        </a>
30:      </div>
31:    
32:      <div>
33:        <strong>Is embeddable:</strong>
34:        <%= movie.is_embeddable %>
35:      </div>
36:    
37:    </div>
38:        <p>
39:          <%= link_to "Show this movie", movie %>
40:        </p>
41:      <% end %>
42:    </div>
43:    
44:    <%= link_to "New movie", new_movie_path %>
  
app/views/movies/index.html.erb:13: syntax error, unexpected '<'
app/views/movies/index.html.erb:48: syntax error, unexpected `end'

Information for cause: ActiveSupport::SyntaxErrorProxy (/home/shaswat/repo/github/stremio-youtube-addon/stremio-youtube-manager/app/views/movies/index.html.erb:13: syntax error, unexpected '<'
  <% if movie.poster_url ); @out...
  ^
/home/shaswat/repo/github/stremio-youtube-addon/stremio-youtube-manager/app/views/movies/index.html.erb:48: syntax error, unexpected `end'
          end
          ^~~
):
  
app/views/movies/index.html.erb:13: syntax error, unexpected '<'
app/views/movies/index.html.erb:48: syntax error, unexpected `end'
Started GET "/movies" for 127.0.0.1 at 2026-05-19 10:16:18 +0530
Processing by MoviesController#index as HTML
  Rendering layout layouts/application.html.erb
  Rendering movies/index.html.erb within layouts/application
  [1m[36mMovie Load (0.9ms)[0m  [1m[34mSELECT "movies".* FROM "movies" /*action='index',application='StremioYoutubeManager',controller='movies'*/[0m
  ↳ app/views/movies/index.html.erb:9
  Rendered movies/index.html.erb within layouts/application (Duration: 4607.1ms | GC: 21.9ms)
  Rendered layout layouts/application.html.erb (Duration: 4614.2ms | GC: 26.3ms)
Completed 200 OK in 4624ms (Views: 4615.8ms | ActiveRecord: 1.7ms (1 query, 0 cached) | GC: 30.1ms)


  [1m[36mMovie Load (0.4ms)[0m  [1m[34mSELECT "movies".* FROM "movies" ORDER BY "movies"."id" ASC LIMIT 1 /*application='StremioYoutubeManager'*/[0m
  [1m[36mMovie Update (6.1ms)[0m  [1m[33mUPDATE "movies" SET "poster_url" = 'https://m.media-amazon.com/images/M/MV5BNGY5OGY1NDgtN2IyMC00NmMzLWI5NzEtN2JlODE2N2Y1NWRlXkEyXkFqcGc@._V1_SX300.jpg' WHERE "movies"."id" = 5 /*application='StremioYoutubeManager'*/[0m
Started GET "/movies" for 127.0.0.1 at 2026-05-19 10:17:42 +0530
Processing by MoviesController#index as HTML
  Rendering layout layouts/application.html.erb
  Rendering movies/index.html.erb within layouts/application
  [1m[36mMovie Load (1.0ms)[0m  [1m[34mSELECT "movies".* FROM "movies" /*action='index',application='StremioYoutubeManager',controller='movies'*/[0m
  ↳ app/views/movies/index.html.erb:9
  Rendered movies/index.html.erb within layouts/application (Duration: 9.3ms | GC: 0.1ms)
  Rendered layout layouts/application.html.erb (Duration: 10.7ms | GC: 0.1ms)
Completed 200 OK in 15ms (Views: 10.5ms | ActiveRecord: 1.8ms (1 query, 0 cached) | GC: 0.3ms)


Started GET "/movies" for 127.0.0.1 at 2026-05-19 10:17:54 +0530
Processing by MoviesController#index as HTML
  Rendering layout layouts/application.html.erb
  Rendering movies/index.html.erb within layouts/application
  [1m[36mMovie Load (0.2ms)[0m  [1m[34mSELECT "movies".* FROM "movies" /*action='index',application='StremioYoutubeManager',controller='movies'*/[0m
  ↳ app/views/movies/index.html.erb:9
  Rendered movies/index.html.erb within layouts/application (Duration: 2.9ms | GC: 0.1ms)
  Rendered layout layouts/application.html.erb (Duration: 3.7ms | GC: 0.1ms)
Completed 200 OK in 5ms (Views: 4.1ms | ActiveRecord: 0.2ms (1 query, 0 cached) | GC: 0.1ms)


Started GET "/movies" for 127.0.0.1 at 2026-05-19 10:17:58 +0530
Processing by MoviesController#index as HTML
  Rendering layout layouts/application.html.erb
  Rendering movies/index.html.erb within layouts/application
  [1m[36mMovie Load (0.4ms)[0m  [1m[34mSELECT "movies".* FROM "movies" /*action='index',application='StremioYoutubeManager',controller='movies'*/[0m
  ↳ app/views/movies/index.html.erb:9
  Rendered movies/index.html.erb within layouts/application (Duration: 4.9ms | GC: 0.0ms)
  Rendered layout layouts/application.html.erb (Duration: 6.4ms | GC: 0.0ms)
Completed 200 OK in 9ms (Views: 7.3ms | ActiveRecord: 0.3ms (1 query, 0 cached) | GC: 0.2ms)


Started GET "/movies" for 127.0.0.1 at 2026-05-19 10:18:03 +0530
Processing by MoviesController#index as HTML
  Rendering layout layouts/application.html.erb
  Rendering movies/index.html.erb within layouts/application
  [1m[36mMovie Load (1.0ms)[0m  [1m[34mSELECT "movies".* FROM "movies" /*action='index',application='StremioYoutubeManager',controller='movies'*/[0m
  ↳ app/views/movies/index.html.erb:9
  Rendered movies/index.html.erb within layouts/application (Duration: 9.3ms | GC: 0.0ms)
  Rendered layout layouts/application.html.erb (Duration: 10.9ms | GC: 0.0ms)
Completed 200 OK in 14ms (Views: 10.4ms | ActiveRecord: 1.6ms (1 query, 0 cached) | GC: 0.0ms)


  [1m[36mMovie Load (3.3ms)[0m  [1m[34mSELECT "movies".* FROM "movies" /* loading for pp */ LIMIT 11 /*application='StremioYoutubeManager'*/[0m
  [1m[36mMovie Load (1.0ms)[0m  [1m[34mSELECT "movies".* FROM "movies" /*application='StremioYoutubeManager'*/[0m
  [1m[36mMovie Update (0.2ms)[0m  [1m[33mUPDATE "movies" SET "poster_url" = 'https://m.media-amazon.com/images/M/MV5BNGY5OGY1NDgtN2IyMC00NmMzLWI5NzEtN2JlODE2N2Y1NWRlXkEyXkFqcGc@._V1_SX300.jpg' WHERE "movies"."id" = 5 /*application='StremioYoutubeManager'*/[0m
  [1m[36mMovie Update (3.0ms)[0m  [1m[33mUPDATE "movies" SET "poster_url" = 'https://m.media-amazon.com/images/M/MV5BZDBiYTRjNmMtNjcyZS00OGM1LTg2N2QtYjk2MmJhM2Q3NjY4XkEyXkFqcGc@._V1_SX300.jpg' WHERE "movies"."id" = 6 /*application='StremioYoutubeManager'*/[0m
  [1m[36mMovie Update (0.3ms)[0m  [1m[33mUPDATE "movies" SET "poster_url" = 'https://m.media-amazon.com/images/M/MV5BMjRkMDgyNzAtMzFiZC00YzYzLTg4M2QtNTBiZTIwNjY0YzFlXkEyXkFqcGc@._V1_SX300.jpg' WHERE "movies"."id" = 7 /*application='StremioYoutubeManager'*/[0m
  [1m[36mMovie Update (0.2ms)[0m  [1m[33mUPDATE "movies" SET "poster_url" = 'https://m.media-amazon.com/images/M/MV5BZGU4ZGU3N2ItYmFkOS00NjdhLTlhMDgtODJjZTQwNmFiNWI4XkEyXkFqcGc@._V1_SX300.jpg' WHERE "movies"."id" = 8 /*application='StremioYoutubeManager'*/[0m
Started GET "/movies" for 127.0.0.1 at 2026-05-19 10:19:36 +0530
Processing by MoviesController#index as HTML
  Rendering layout layouts/application.html.erb
  Rendering movies/index.html.erb within layouts/application
  [1m[36mMovie Load (0.2ms)[0m  [1m[34mSELECT "movies".* FROM "movies" /*action='index',application='StremioYoutubeManager',controller='movies'*/[0m
  ↳ app/views/movies/index.html.erb:9
  Rendered movies/index.html.erb within layouts/application (Duration: 2.7ms | GC: 0.0ms)
  Rendered layout layouts/application.html.erb (Duration: 3.5ms | GC: 0.0ms)
Completed 200 OK in 11ms (Views: 3.9ms | ActiveRecord: 0.2ms (1 query, 0 cached) | GC: 5.9ms)


Started GET "/movies/new" for 127.0.0.1 at 2026-05-19 10:20:55 +0530
Processing by MoviesController#new as HTML
  Rendering layout layouts/application.html.erb
  Rendering movies/new.html.erb within layouts/application
  Rendered movies/_form.html.erb (Duration: 3.2ms | GC: 0.0ms)
  Rendered movies/new.html.erb within layouts/application (Duration: 4.3ms | GC: 0.0ms)
  Rendered layout layouts/application.html.erb (Duration: 5.1ms | GC: 0.0ms)
Completed 200 OK in 7ms (Views: 5.8ms | ActiveRecord: 0.0ms (0 queries, 0 cached) | GC: 0.0ms)


Started POST "/movies" for 127.0.0.1 at 2026-05-19 10:21:38 +0530
Processing by MoviesController#create as HTML
  Parameters: {"authenticity_token"=>"[FILTERED]", "movie"=>{"title"=>"IN Kyo Kii... Main Jhuth Nahin Bolta", "imdb_id"=>"tt0297241", "youtube_link"=>"https://www.youtube.com/watch?v=AE-0X3eQN3E", "is_embeddable"=>"1"}, "commit"=>"Create Movie"}
  [1m[36mTRANSACTION (0.1ms)[0m  [1m[35mBEGIN immediate TRANSACTION /*action='create',application='StremioYoutubeManager',controller='movies'*/[0m
  ↳ app/controllers/movies_controller.rb:27:in `block in create'
  [1m[36mMovie Create (1.4ms)[0m  [1m[32mINSERT INTO "movies" ("title", "imdb_id", "youtube_link", "is_embeddable", "created_at", "updated_at", "poster_url") VALUES ('IN Kyo Kii... Main Jhuth Nahin Bolta', 'tt0297241', 'https://www.youtube.com/watch?v=AE-0X3eQN3E', TRUE, '2026-05-19 04:51:38.982095', '2026-05-19 04:51:38.982095', NULL) RETURNING "id" /*action='create',application='StremioYoutubeManager',controller='movies'*/[0m
  ↳ app/controllers/movies_controller.rb:27:in `block in create'
  [1m[36mTRANSACTION (0.3ms)[0m  [1m[35mCOMMIT TRANSACTION /*action='create',application='StremioYoutubeManager',controller='movies'*/[0m
  ↳ app/controllers/movies_controller.rb:27:in `block in create'
Redirected to http://localhost:3000/movies/9
↳ app/controllers/movies_controller.rb:28:in `block (2 levels) in create'
Completed 302 Found in 957ms (ActiveRecord: 1.8ms (1 query, 0 cached) | GC: 0.7ms)


Started GET "/movies/9" for 127.0.0.1 at 2026-05-19 10:21:39 +0530
Processing by MoviesController#show as HTML
  Parameters: {"id"=>"9"}
  [1m[36mMovie Load (0.2ms)[0m  [1m[34mSELECT "movies".* FROM "movies" WHERE "movies"."id" = 9 LIMIT 1 /*action='show',application='StremioYoutubeManager',controller='movies'*/[0m
  ↳ app/controllers/movies_controller.rb:63:in `set_movie'
  Rendering layout layouts/application.html.erb
  Rendering movies/show.html.erb within layouts/application
  Rendered movies/show.html.erb within layouts/application (Duration: 3.0ms | GC: 0.0ms)
  Rendered layout layouts/application.html.erb (Duration: 4.9ms | GC: 0.5ms)
Completed 200 OK in 10ms (Views: 5.8ms | ActiveRecord: 0.2ms (1 query, 0 cached) | GC: 0.5ms)


Started GET "/movies" for 127.0.0.1 at 2026-05-19 10:21:42 +0530
Processing by MoviesController#index as HTML
  Rendering layout layouts/application.html.erb
  Rendering movies/index.html.erb within layouts/application
  [1m[36mMovie Load (0.2ms)[0m  [1m[34mSELECT "movies".* FROM "movies" /*action='index',application='StremioYoutubeManager',controller='movies'*/[0m
  ↳ app/views/movies/index.html.erb:9
  Rendered movies/index.html.erb within layouts/application (Duration: 2.9ms | GC: 0.0ms)
  Rendered layout layouts/application.html.erb (Duration: 3.6ms | GC: 0.0ms)
Completed 200 OK in 5ms (Views: 4.0ms | ActiveRecord: 0.2ms (1 query, 0 cached) | GC: 0.0ms)


  [1m[36mMovie Load (1.6ms)[0m  [1m[34mSELECT "movies".* FROM "movies" ORDER BY "movies"."id" DESC LIMIT 1 /*application='StremioYoutubeManager'*/[0m
  [1m[36mMovie Update (0.3ms)[0m  [1m[33mUPDATE "movies" SET "poster_url" = 'https://m.media-amazon.com/images/M/MV5BM2M3MzRhM2UtNDY0Ni00MDgzLTg0NmYtYjU2YTg1OTJhOGRiXkEyXkFqcGc@._V1_SX300.jpg' WHERE "movies"."id" = 9 /*application='StremioYoutubeManager'*/[0m
Started GET "/movies/new" for 127.0.0.1 at 2026-05-19 10:29:59 +0530
Processing by MoviesController#new as HTML
  Rendering layout layouts/application.html.erb
  Rendering movies/new.html.erb within layouts/application
  Rendered movies/_form.html.erb (Duration: 3.7ms | GC: 0.0ms)
  Rendered movies/new.html.erb within layouts/application (Duration: 4.9ms | GC: 0.0ms)
  Rendered layout layouts/application.html.erb (Duration: 6.4ms | GC: 0.0ms)
Completed 200 OK in 16ms (Views: 8.2ms | ActiveRecord: 0.0ms (0 queries, 0 cached) | GC: 0.0ms)


Started POST "/movies" for 127.0.0.1 at 2026-05-19 10:31:03 +0530
Processing by MoviesController#create as HTML
  Parameters: {"authenticity_token"=>"[FILTERED]", "movie"=>{"title"=>"Dil Ka Rishta", "imdb_id"=>"tt0330217", "youtube_link"=>"https://www.youtube.com/watch?v=yfEF1HU2BIo", "is_embeddable"=>"1"}, "commit"=>"Create Movie"}
  [1m[36mTRANSACTION (0.1ms)[0m  [1m[35mBEGIN immediate TRANSACTION /*action='create',application='StremioYoutubeManager',controller='movies'*/[0m
  ↳ app/controllers/movies_controller.rb:27:in `block in create'
  [1m[36mMovie Create (2.3ms)[0m  [1m[32mINSERT INTO "movies" ("title", "imdb_id", "youtube_link", "is_embeddable", "created_at", "updated_at", "poster_url") VALUES ('Dil Ka Rishta', 'tt0330217', 'https://www.youtube.com/watch?v=yfEF1HU2BIo', TRUE, '2026-05-19 05:01:03.896691', '2026-05-19 05:01:03.896691', NULL) RETURNING "id" /*action='create',application='StremioYoutubeManager',controller='movies'*/[0m
  ↳ app/controllers/movies_controller.rb:27:in `block in create'
  [1m[36mTRANSACTION (0.2ms)[0m  [1m[35mCOMMIT TRANSACTION /*action='create',application='StremioYoutubeManager',controller='movies'*/[0m
  ↳ app/controllers/movies_controller.rb:27:in `block in create'
Redirected to http://localhost:3000/movies/10
↳ app/controllers/movies_controller.rb:28:in `block (2 levels) in create'
Completed 302 Found in 1798ms (ActiveRecord: 2.5ms (1 query, 0 cached) | GC: 0.0ms)


Started GET "/movies/10" for 127.0.0.1 at 2026-05-19 10:31:05 +0530
Processing by MoviesController#show as HTML
  Parameters: {"id"=>"10"}
  [1m[36mMovie Load (0.2ms)[0m  [1m[34mSELECT "movies".* FROM "movies" WHERE "movies"."id" = 10 LIMIT 1 /*action='show',application='StremioYoutubeManager',controller='movies'*/[0m
  ↳ app/controllers/movies_controller.rb:63:in `set_movie'
  Rendering layout layouts/application.html.erb
  Rendering movies/show.html.erb within layouts/application
  Rendered movies/show.html.erb within layouts/application (Duration: 1.5ms | GC: 0.0ms)
  Rendered layout layouts/application.html.erb (Duration: 2.1ms | GC: 0.0ms)
Completed 200 OK in 6ms (Views: 2.6ms | ActiveRecord: 0.2ms (1 query, 0 cached) | GC: 0.0ms)


Started GET "/movies" for 127.0.0.1 at 2026-05-19 10:31:10 +0530
Processing by MoviesController#index as HTML
  Rendering layout layouts/application.html.erb
  Rendering movies/index.html.erb within layouts/application
  [1m[36mMovie Load (0.2ms)[0m  [1m[34mSELECT "movies".* FROM "movies" /*action='index',application='StremioYoutubeManager',controller='movies'*/[0m
  ↳ app/views/movies/index.html.erb:9
  Rendered movies/index.html.erb within layouts/application (Duration: 3.5ms | GC: 0.0ms)
  Rendered layout layouts/application.html.erb (Duration: 4.3ms | GC: 0.0ms)
Completed 200 OK in 6ms (Views: 4.8ms | ActiveRecord: 0.2ms (1 query, 0 cached) | GC: 0.0ms)


Started GET "/movies/10" for 127.0.0.1 at 2026-05-19 10:31:50 +0530
Processing by MoviesController#show as HTML
  Parameters: {"id"=>"10"}
Completed 500 Internal Server Error in 7ms (ActiveRecord: 0.0ms (0 queries, 0 cached) | GC: 0.1ms)


  
NoMethodError (undefined method `on_save' for class Movie):
  
app/models/movie.rb:9:in `<class:Movie>'
app/models/movie.rb:4:in `<main>'
app/controllers/movies_controller.rb:63:in `set_movie'
Started GET "/movies/10" for 127.0.0.1 at 2026-05-19 10:33:08 +0530
Processing by MoviesController#show as HTML
  Parameters: {"id"=>"10"}
  [1m[36mMovie Load (0.1ms)[0m  [1m[34mSELECT "movies".* FROM "movies" WHERE "movies"."id" = 10 LIMIT 1 /*action='show',application='StremioYoutubeManager',controller='movies'*/[0m
  ↳ app/controllers/movies_controller.rb:63:in `set_movie'
  Rendering layout layouts/application.html.erb
  Rendering movies/show.html.erb within layouts/application
  Rendered movies/show.html.erb within layouts/application (Duration: 1.4ms | GC: 0.0ms)
  Rendered layout layouts/application.html.erb (Duration: 2.2ms | GC: 0.0ms)
Completed 200 OK in 13ms (Views: 3.4ms | ActiveRecord: 0.9ms (1 query, 0 cached) | GC: 0.3ms)


Started GET "/movies" for 127.0.0.1 at 2026-05-19 10:34:39 +0530
Processing by MoviesController#index as HTML
  Rendering layout layouts/application.html.erb
  Rendering movies/index.html.erb within layouts/application
  [1m[36mMovie Load (0.3ms)[0m  [1m[34mSELECT "movies".* FROM "movies" /*action='index',application='StremioYoutubeManager',controller='movies'*/[0m
  ↳ app/views/movies/index.html.erb:9
  Rendered movies/index.html.erb within layouts/application (Duration: 4.8ms | GC: 0.0ms)
  Rendered layout layouts/application.html.erb (Duration: 5.7ms | GC: 0.0ms)
Completed 200 OK in 8ms (Views: 6.3ms | ActiveRecord: 0.3ms (1 query, 0 cached) | GC: 0.0ms)


Started GET "/movies/new" for 127.0.0.1 at 2026-05-19 10:34:42 +0530
Processing by MoviesController#new as HTML
  Rendering layout layouts/application.html.erb
  Rendering movies/new.html.erb within layouts/application
  Rendered movies/_form.html.erb (Duration: 3.8ms | GC: 0.0ms)
  Rendered movies/new.html.erb within layouts/application (Duration: 5.2ms | GC: 0.0ms)
  Rendered layout layouts/application.html.erb (Duration: 6.5ms | GC: 0.0ms)
Completed 200 OK in 9ms (Views: 7.4ms | ActiveRecord: 0.0ms (0 queries, 0 cached) | GC: 0.0ms)


Started POST "/movies" for 127.0.0.1 at 2026-05-19 10:35:13 +0530
Processing by MoviesController#create as HTML
  Parameters: {"authenticity_token"=>"[FILTERED]", "movie"=>{"title"=>"Mann", "imdb_id"=>"tt0206921", "youtube_link"=>"https://www.youtube.com/watch?v=j8w7DzNgShg", "is_embeddable"=>"1"}, "commit"=>"Create Movie"}
  [1m[36mTRANSACTION (0.1ms)[0m  [1m[35mBEGIN immediate TRANSACTION /*action='create',application='StremioYoutubeManager',controller='movies'*/[0m
  ↳ app/controllers/movies_controller.rb:27:in `block in create'
  [1m[36mMovie Create (2.7ms)[0m  [1m[32mINSERT INTO "movies" ("title", "imdb_id", "youtube_link", "is_embeddable", "created_at", "updated_at", "poster_url") VALUES ('Mann', 'tt0206921', 'https://www.youtube.com/watch?v=j8w7DzNgShg', TRUE, '2026-05-19 05:05:13.263794', '2026-05-19 05:05:13.263794', NULL) RETURNING "id" /*action='create',application='StremioYoutubeManager',controller='movies'*/[0m
  ↳ app/controllers/movies_controller.rb:27:in `block in create'
  [1m[36mTRANSACTION (0.2ms)[0m  [1m[35mCOMMIT TRANSACTION /*action='create',application='StremioYoutubeManager',controller='movies'*/[0m
  ↳ app/controllers/movies_controller.rb:27:in `block in create'
Redirected to http://localhost:3000/movies/11
↳ app/controllers/movies_controller.rb:28:in `block (2 levels) in create'
Completed 302 Found in 864ms (ActiveRecord: 2.9ms (1 query, 0 cached) | GC: 1.8ms)


Started GET "/movies/11" for 127.0.0.1 at 2026-05-19 10:35:14 +0530
Processing by MoviesController#show as HTML
  Parameters: {"id"=>"11"}
  [1m[36mMovie Load (0.3ms)[0m  [1m[34mSELECT "movies".* FROM "movies" WHERE "movies"."id" = 11 LIMIT 1 /*action='show',application='StremioYoutubeManager',controller='movies'*/[0m
  ↳ app/controllers/movies_controller.rb:63:in `set_movie'
  Rendering layout layouts/application.html.erb
  Rendering movies/show.html.erb within layouts/application
  Rendered movies/show.html.erb within layouts/application (Duration: 1.7ms | GC: 0.0ms)
  Rendered layout layouts/application.html.erb (Duration: 2.6ms | GC: 0.0ms)
Completed 200 OK in 7ms (Views: 3.3ms | ActiveRecord: 0.3ms (1 query, 0 cached) | GC: 0.0ms)


Started GET "/movies" for 127.0.0.1 at 2026-05-19 10:35:18 +0530
Processing by MoviesController#index as HTML
  Rendering layout layouts/application.html.erb
  Rendering movies/index.html.erb within layouts/application
  [1m[36mMovie Load (0.3ms)[0m  [1m[34mSELECT "movies".* FROM "movies" /*action='index',application='StremioYoutubeManager',controller='movies'*/[0m
  ↳ app/views/movies/index.html.erb:9
  Rendered movies/index.html.erb within layouts/application (Duration: 4.1ms | GC: 0.0ms)
  Rendered layout layouts/application.html.erb (Duration: 5.1ms | GC: 0.0ms)
Completed 200 OK in 7ms (Views: 5.8ms | ActiveRecord: 0.3ms (1 query, 0 cached) | GC: 0.0ms)


Started GET "/movies" for 127.0.0.1 at 2026-05-19 10:36:05 +0530
Processing by MoviesController#index as HTML
  Rendering layout layouts/application.html.erb
  Rendering movies/index.html.erb within layouts/application
  [1m[36mMovie Load (1.3ms)[0m  [1m[34mSELECT "movies".* FROM "movies" /*action='index',application='StremioYoutubeManager',controller='movies'*/[0m
  ↳ app/views/movies/index.html.erb:9
  Rendered movies/index.html.erb within layouts/application (Duration: 1924.9ms | GC: 0.6ms)
  Rendered layout layouts/application.html.erb (Duration: 1926.8ms | GC: 0.6ms)
Completed 200 OK in 1933ms (Views: 1926.5ms | ActiveRecord: 2.0ms (1 query, 0 cached) | GC: 0.6ms)


Started GET "/movies" for 127.0.0.1 at 2026-05-19 10:36:10 +0530
Processing by MoviesController#index as HTML
  Rendering layout layouts/application.html.erb
  Rendering movies/index.html.erb within layouts/application
  [1m[36mMovie Load (0.4ms)[0m  [1m[34mSELECT "movies".* FROM "movies" /*action='index',application='StremioYoutubeManager',controller='movies'*/[0m
  ↳ app/views/movies/index.html.erb:9
  Rendered movies/index.html.erb within layouts/application (Duration: 2114.3ms | GC: 0.3ms)
  Rendered layout layouts/application.html.erb (Duration: 2115.6ms | GC: 0.3ms)
Completed 200 OK in 2118ms (Views: 2116.4ms | ActiveRecord: 0.4ms (1 query, 0 cached) | GC: 0.3ms)


Started GET "/movies" for 127.0.0.1 at 2026-05-19 10:36:18 +0530
Processing by MoviesController#index as HTML
  Rendering layout layouts/application.html.erb
  Rendering movies/index.html.erb within layouts/application
  [1m[36mMovie Load (0.3ms)[0m  [1m[34mSELECT "movies".* FROM "movies" /*action='index',application='StremioYoutubeManager',controller='movies'*/[0m
  ↳ app/views/movies/index.html.erb:9
  Rendered movies/index.html.erb within layouts/application (Duration: 2596.9ms | GC: 0.2ms)
  Rendered layout layouts/application.html.erb (Duration: 2597.5ms | GC: 0.2ms)
Completed 200 OK in 2599ms (Views: 2597.9ms | ActiveRecord: 0.3ms (1 query, 0 cached) | GC: 0.2ms)


Started GET "/movies" for 127.0.0.1 at 2026-05-19 10:38:36 +0530
Processing by MoviesController#index as HTML
  Rendering layout layouts/application.html.erb
  Rendering movies/index.html.erb within layouts/application
  [1m[36mMovie Load (1.2ms)[0m  [1m[34mSELECT "movies".* FROM "movies" /*action='index',application='StremioYoutubeManager',controller='movies'*/[0m
  ↳ app/views/movies/index.html.erb:9
  Rendered movies/index.html.erb within layouts/application (Duration: 22.9ms | GC: 7.9ms)
  Rendered layout layouts/application.html.erb (Duration: 24.4ms | GC: 7.9ms)
Completed 200 OK in 32ms (Views: 23.9ms | ActiveRecord: 2.6ms (1 query, 0 cached) | GC: 7.9ms)


Started GET "/movies/11" for 127.0.0.1 at 2026-05-19 10:38:41 +0530
Processing by MoviesController#show as HTML
  Parameters: {"id"=>"11"}
  [1m[36mMovie Load (0.4ms)[0m  [1m[34mSELECT "movies".* FROM "movies" WHERE "movies"."id" = 11 LIMIT 1 /*action='show',application='StremioYoutubeManager',controller='movies'*/[0m
  ↳ app/controllers/movies_controller.rb:63:in `set_movie'
  Rendering layout layouts/application.html.erb
  Rendering movies/show.html.erb within layouts/application
  Rendered movies/show.html.erb within layouts/application (Duration: 2238.0ms | GC: 0.0ms)
  Rendered layout layouts/application.html.erb (Duration: 2239.2ms | GC: 0.0ms)
Completed 200 OK in 2247ms (Views: 2240.2ms | ActiveRecord: 0.4ms (1 query, 0 cached) | GC: 0.8ms)


Started GET "/movies/11" for 127.0.0.1 at 2026-05-19 10:38:58 +0530
Processing by MoviesController#show as HTML
  Parameters: {"id"=>"11"}
  [1m[36mMovie Load (0.2ms)[0m  [1m[34mSELECT "movies".* FROM "movies" WHERE "movies"."id" = 11 LIMIT 1 /*action='show',application='StremioYoutubeManager',controller='movies'*/[0m
  ↳ app/controllers/movies_controller.rb:63:in `set_movie'
  Rendering layout layouts/application.html.erb
  Rendering movies/show.html.erb within layouts/application
  Rendered movies/show.html.erb within layouts/application (Duration: 1.5ms | GC: 0.0ms)
  Rendered layout layouts/application.html.erb (Duration: 1.8ms | GC: 0.0ms)
Completed 500 Internal Server Error in 17ms (ActiveRecord: 1.9ms (1 query, 0 cached) | GC: 1.1ms)


  
ActionView::Template::Error (wrong number of arguments (given 1, expected 0))
Caused by: ArgumentError (wrong number of arguments (given 1, expected 0))

Information for: ActionView::Template::Error (wrong number of arguments (given 1, expected 0)):
    11: </iframe>
    12: 
    13: <%= button_to @movie.fetch_poster @movie.title%>
    14: <div id="<%= @movie.id %>">
    15:   <div>
    16:     <strong>Title:</strong>
    17:     <%= @movie.title %>
  
app/models/movie.rb:18:in `fetch_poster'
app/views/movies/show.html.erb:14

Information for cause: ArgumentError (wrong number of arguments (given 1, expected 0)):
  
app/models/movie.rb:18:in `fetch_poster'
app/views/movies/show.html.erb:14
Started GET "/movies/11" for 127.0.0.1 at 2026-05-19 10:39:12 +0530
Processing by MoviesController#show as HTML
  Parameters: {"id"=>"11"}
  [1m[36mMovie Load (0.2ms)[0m  [1m[34mSELECT "movies".* FROM "movies" WHERE "movies"."id" = 11 LIMIT 1 /*action='show',application='StremioYoutubeManager',controller='movies'*/[0m
  ↳ app/controllers/movies_controller.rb:63:in `set_movie'
  Rendering layout layouts/application.html.erb
  Rendering movies/show.html.erb within layouts/application
  Rendered movies/show.html.erb within layouts/application (Duration: 2336.6ms | GC: 0.0ms)
  Rendered layout layouts/application.html.erb (Duration: 2337.1ms | GC: 0.0ms)
Completed 500 Internal Server Error in 2359ms (ActiveRecord: 2.3ms (1 query, 0 cached) | GC: 3.1ms)


  
ActionView::Template::Error (wrong number of arguments (given 1, expected 0))
Caused by: ArgumentError (wrong number of arguments (given 1, expected 0))

Information for: ActionView::Template::Error (wrong number of arguments (given 1, expected 0)):
    11: </iframe>
    12: 
    13: <%= button_to @movie.title @movie.fetch_poster %>
    14: <div id="<%= @movie.id %>">
    15:   <div>
    16:     <strong>Title:</strong>
    17:     <%= @movie.title %>
  
app/views/movies/show.html.erb:14

Information for cause: ArgumentError (wrong number of arguments (given 1, expected 0)):
  
app/views/movies/show.html.erb:14
Started GET "/movies/11" for 127.0.0.1 at 2026-05-19 10:39:24 +0530
Processing by MoviesController#show as HTML
  Parameters: {"id"=>"11"}
  [1m[36mMovie Load (0.2ms)[0m  [1m[34mSELECT "movies".* FROM "movies" WHERE "movies"."id" = 11 LIMIT 1 /*action='show',application='StremioYoutubeManager',controller='movies'*/[0m
  ↳ app/controllers/movies_controller.rb:63:in `set_movie'
  Rendering layout layouts/application.html.erb
  Rendering movies/show.html.erb within layouts/application
  Rendered movies/show.html.erb within layouts/application (Duration: 2093.6ms | GC: 0.0ms)
  Rendered layout layouts/application.html.erb (Duration: 2095.7ms | GC: 0.0ms)
Completed 200 OK in 2108ms (Views: 2097.1ms | ActiveRecord: 1.8ms (1 query, 0 cached) | GC: 0.0ms)


Started POST "/movies/11" for 127.0.0.1 at 2026-05-19 10:39:29 +0530
  
ActionController::RoutingError (No route matches [POST] "/movies/11"):
  
Started GET "/movies/11" for 127.0.0.1 at 2026-05-19 10:39:42 +0530
Processing by MoviesController#show as HTML
  Parameters: {"id"=>"11"}
  [1m[36mMovie Load (0.3ms)[0m  [1m[34mSELECT "movies".* FROM "movies" WHERE "movies"."id" = 11 LIMIT 1 /*action='show',application='StremioYoutubeManager',controller='movies'*/[0m
  ↳ app/controllers/movies_controller.rb:63:in `set_movie'
  Rendering layout layouts/application.html.erb
  Rendering movies/show.html.erb within layouts/application
Started GET "/movies/" for 127.0.0.1 at 2026-05-19 10:39:47 +0530
Processing by MoviesController#index as HTML
  Rendering layout layouts/application.html.erb
  Rendering movies/index.html.erb within layouts/application
  [1m[36mMovie Load (0.3ms)[0m  [1m[34mSELECT "movies".* FROM "movies" /*action='index',application='StremioYoutubeManager',controller='movies'*/[0m
  ↳ app/views/movies/index.html.erb:9
  Rendered movies/index.html.erb within layouts/application (Duration: 4.8ms | GC: 0.0ms)
  Rendered layout layouts/application.html.erb (Duration: 6.4ms | GC: 0.0ms)
Completed 200 OK in 9ms (Views: 7.5ms | ActiveRecord: 0.3ms (1 query, 0 cached) | GC: 0.0ms)


  Rendered movies/show.html.erb within layouts/application (Duration: 5229.9ms | GC: 0.0ms)
  Rendered layout layouts/application.html.erb (Duration: 5231.2ms | GC: 0.0ms)
Completed 200 OK in 5236ms (Views: 5232.3ms | ActiveRecord: 0.2ms (1 query, 0 cached) | GC: 0.0ms)


Started GET "/movies/10" for 127.0.0.1 at 2026-05-19 10:39:50 +0530
Processing by MoviesController#show as HTML
  Parameters: {"id"=>"10"}
  [1m[36mMovie Load (0.2ms)[0m  [1m[34mSELECT "movies".* FROM "movies" WHERE "movies"."id" = 10 LIMIT 1 /*action='show',application='StremioYoutubeManager',controller='movies'*/[0m
  ↳ app/controllers/movies_controller.rb:63:in `set_movie'
  Rendering layout layouts/application.html.erb
  Rendering movies/show.html.erb within layouts/application
  Rendered movies/show.html.erb within layouts/application (Duration: 1579.0ms | GC: 0.0ms)
  Rendered layout layouts/application.html.erb (Duration: 1580.1ms | GC: 0.0ms)
Completed 200 OK in 1584ms (Views: 1581.0ms | ActiveRecord: 0.2ms (1 query, 0 cached) | GC: 0.0ms)


Started POST "/movies/10" for 127.0.0.1 at 2026-05-19 10:39:54 +0530
  
ActionController::RoutingError (No route matches [POST] "/movies/10"):
  
Started GET "/movies/10" for 127.0.0.1 at 2026-05-19 10:40:07 +0530
Processing by MoviesController#show as HTML
  Parameters: {"id"=>"10"}
  [1m[36mMovie Load (0.3ms)[0m  [1m[34mSELECT "movies".* FROM "movies" WHERE "movies"."id" = 10 LIMIT 1 /*action='show',application='StremioYoutubeManager',controller='movies'*/[0m
  ↳ app/controllers/movies_controller.rb:63:in `set_movie'
  Rendering layout layouts/application.html.erb
  Rendering movies/show.html.erb within layouts/application
  Rendered movies/show.html.erb within layouts/application (Duration: 737.6ms | GC: 0.0ms)
  Rendered layout layouts/application.html.erb (Duration: 739.4ms | GC: 0.0ms)
Completed 200 OK in 757ms (Views: 741.5ms | ActiveRecord: 2.2ms (1 query, 0 cached) | GC: 0.3ms)


Started GET "/movies/10" for 127.0.0.1 at 2026-05-19 10:40:11 +0530
Processing by MoviesController#show as HTML
  Parameters: {"id"=>"10"}
  [1m[36mMovie Load (0.2ms)[0m  [1m[34mSELECT "movies".* FROM "movies" WHERE "movies"."id" = 10 LIMIT 1 /*action='show',application='StremioYoutubeManager',controller='movies'*/[0m
  ↳ app/controllers/movies_controller.rb:63:in `set_movie'
  Rendering layout layouts/application.html.erb
  Rendering movies/show.html.erb within layouts/application
  Rendered movies/show.html.erb within layouts/application (Duration: 669.2ms | GC: 0.0ms)
  Rendered layout layouts/application.html.erb (Duration: 670.2ms | GC: 0.0ms)
Completed 200 OK in 674ms (Views: 671.1ms | ActiveRecord: 0.2ms (1 query, 0 cached) | GC: 0.0ms)


Started GET "/movies" for 127.0.0.1 at 2026-05-19 10:40:14 +0530
Processing by MoviesController#index as HTML
  Rendering layout layouts/application.html.erb
  Rendering movies/index.html.erb within layouts/application
  [1m[36mMovie Load (0.2ms)[0m  [1m[34mSELECT "movies".* FROM "movies" /*action='index',application='StremioYoutubeManager',controller='movies'*/[0m
  ↳ app/views/movies/index.html.erb:9
  Rendered movies/index.html.erb within layouts/application (Duration: 3.9ms | GC: 0.0ms)
  Rendered layout layouts/application.html.erb (Duration: 5.0ms | GC: 0.0ms)
Completed 200 OK in 7ms (Views: 5.6ms | ActiveRecord: 0.2ms (1 query, 0 cached) | GC: 0.0ms)


Started GET "/movies" for 127.0.0.1 at 2026-05-19 10:41:00 +0530
Processing by MoviesController#index as HTML
  Rendering layout layouts/application.html.erb
  Rendering movies/index.html.erb within layouts/application
  [1m[36mMovie Load (0.7ms)[0m  [1m[34mSELECT "movies".* FROM "movies" /*action='index',application='StremioYoutubeManager',controller='movies'*/[0m
  ↳ app/views/movies/index.html.erb:9
  Rendered movies/index.html.erb within layouts/application (Duration: 8.6ms | GC: 0.0ms)
  Rendered layout layouts/application.html.erb (Duration: 9.9ms | GC: 0.0ms)
Completed 200 OK in 14ms (Views: 10.1ms | ActiveRecord: 1.3ms (1 query, 0 cached) | GC: 0.0ms)


Started GET "/movies/9" for 127.0.0.1 at 2026-05-19 10:41:02 +0530
Processing by MoviesController#show as HTML
  Parameters: {"id"=>"9"}
  [1m[36mMovie Load (0.4ms)[0m  [1m[34mSELECT "movies".* FROM "movies" WHERE "movies"."id" = 9 LIMIT 1 /*action='show',application='StremioYoutubeManager',controller='movies'*/[0m
  ↳ app/controllers/movies_controller.rb:63:in `set_movie'
  Rendering layout layouts/application.html.erb
  Rendering movies/show.html.erb within layouts/application
  Rendered movies/show.html.erb within layouts/application (Duration: 3.7ms | GC: 0.0ms)
  Rendered layout layouts/application.html.erb (Duration: 5.4ms | GC: 0.0ms)
Completed 200 OK in 13ms (Views: 6.7ms | ActiveRecord: 0.4ms (1 query, 0 cached) | GC: 0.0ms)


Started GET "/movies" for 127.0.0.1 at 2026-05-19 10:41:06 +0530
Processing by MoviesController#index as HTML
  Rendering layout layouts/application.html.erb
  Rendering movies/index.html.erb within layouts/application
  [1m[36mMovie Load (0.3ms)[0m  [1m[34mSELECT "movies".* FROM "movies" /*action='index',application='StremioYoutubeManager',controller='movies'*/[0m
  ↳ app/views/movies/index.html.erb:9
  Rendered movies/index.html.erb within layouts/application (Duration: 4.2ms | GC: 0.0ms)
  Rendered layout layouts/application.html.erb (Duration: 6.0ms | GC: 0.0ms)
Completed 200 OK in 8ms (Views: 6.9ms | ActiveRecord: 0.3ms (1 query, 0 cached) | GC: 0.0ms)


Started GET "/movies/11" for 127.0.0.1 at 2026-05-19 10:41:08 +0530
Processing by MoviesController#show as HTML
  Parameters: {"id"=>"11"}
  [1m[36mMovie Load (0.4ms)[0m  [1m[34mSELECT "movies".* FROM "movies" WHERE "movies"."id" = 11 LIMIT 1 /*action='show',application='StremioYoutubeManager',controller='movies'*/[0m
  ↳ app/controllers/movies_controller.rb:63:in `set_movie'
  Rendering layout layouts/application.html.erb
  Rendering movies/show.html.erb within layouts/application
  Rendered movies/show.html.erb within layouts/application (Duration: 2634.8ms | GC: 0.0ms)
  Rendered layout layouts/application.html.erb (Duration: 2636.1ms | GC: 0.0ms)
Completed 200 OK in 2640ms (Views: 2637.2ms | ActiveRecord: 0.3ms (1 query, 0 cached) | GC: 0.0ms)


Started GET "/movies/11" for 127.0.0.1 at 2026-05-19 10:41:13 +0530
Processing by MoviesController#show as HTML
  Parameters: {"id"=>"11"}
  [1m[36mMovie Load (0.4ms)[0m  [1m[34mSELECT "movies".* FROM "movies" WHERE "movies"."id" = 11 LIMIT 1 /*action='show',application='StremioYoutubeManager',controller='movies'*/[0m
  ↳ app/controllers/movies_controller.rb:63:in `set_movie'
  Rendering layout layouts/application.html.erb
  Rendering movies/show.html.erb within layouts/application
  Rendered movies/show.html.erb within layouts/application (Duration: 920.0ms | GC: 0.0ms)
  Rendered layout layouts/application.html.erb (Duration: 921.2ms | GC: 0.0ms)
Completed 200 OK in 927ms (Views: 922.1ms | ActiveRecord: 0.4ms (1 query, 0 cached) | GC: 0.0ms)


Started GET "/movies" for 127.0.0.1 at 2026-05-19 10:41:16 +0530
Processing by MoviesController#index as HTML
  Rendering layout layouts/application.html.erb
  Rendering movies/index.html.erb within layouts/application
  [1m[36mMovie Load (0.3ms)[0m  [1m[34mSELECT "movies".* FROM "movies" /*action='index',application='StremioYoutubeManager',controller='movies'*/[0m
  ↳ app/views/movies/index.html.erb:9
  Rendered movies/index.html.erb within layouts/application (Duration: 4.8ms | GC: 0.0ms)
  Rendered layout layouts/application.html.erb (Duration: 7.1ms | GC: 0.0ms)
Completed 200 OK in 9ms (Views: 8.0ms | ActiveRecord: 0.3ms (1 query, 0 cached) | GC: 0.0ms)


Started GET "/movies/10" for 127.0.0.1 at 2026-05-19 10:41:18 +0530
Processing by MoviesController#show as HTML
  Parameters: {"id"=>"10"}
  [1m[36mMovie Load (0.2ms)[0m  [1m[34mSELECT "movies".* FROM "movies" WHERE "movies"."id" = 10 LIMIT 1 /*action='show',application='StremioYoutubeManager',controller='movies'*/[0m
  ↳ app/controllers/movies_controller.rb:63:in `set_movie'
  Rendering layout layouts/application.html.erb
  Rendering movies/show.html.erb within layouts/application
  Rendered movies/show.html.erb within layouts/application (Duration: 653.5ms | GC: 0.0ms)
  Rendered layout layouts/application.html.erb (Duration: 654.5ms | GC: 0.0ms)
Completed 200 OK in 657ms (Views: 655.2ms | ActiveRecord: 0.2ms (1 query, 0 cached) | GC: 0.0ms)


Started GET "/movies/10" for 127.0.0.1 at 2026-05-19 10:41:22 +0530
Processing by MoviesController#show as HTML
  Parameters: {"id"=>"10"}
  [1m[36mMovie Load (0.3ms)[0m  [1m[34mSELECT "movies".* FROM "movies" WHERE "movies"."id" = 10 LIMIT 1 /*action='show',application='StremioYoutubeManager',controller='movies'*/[0m
  ↳ app/controllers/movies_controller.rb:63:in `set_movie'
  Rendering layout layouts/application.html.erb
  Rendering movies/show.html.erb within layouts/application
  Rendered movies/show.html.erb within layouts/application (Duration: 703.8ms | GC: 9.4ms)
  Rendered layout layouts/application.html.erb (Duration: 705.0ms | GC: 9.4ms)
Completed 200 OK in 710ms (Views: 705.9ms | ActiveRecord: 0.3ms (1 query, 0 cached) | GC: 9.4ms)


Started GET "/movies" for 127.0.0.1 at 2026-05-19 10:41:26 +0530
Processing by MoviesController#index as HTML
  Rendering layout layouts/application.html.erb
  Rendering movies/index.html.erb within layouts/application
  [1m[36mMovie Load (0.4ms)[0m  [1m[34mSELECT "movies".* FROM "movies" /*action='index',application='StremioYoutubeManager',controller='movies'*/[0m
  ↳ app/views/movies/index.html.erb:9
  Rendered movies/index.html.erb within layouts/application (Duration: 5.7ms | GC: 1.4ms)
  Rendered layout layouts/application.html.erb (Duration: 6.6ms | GC: 1.4ms)
Completed 200 OK in 8ms (Views: 7.0ms | ActiveRecord: 0.3ms (1 query, 0 cached) | GC: 1.4ms)


  [1m[36mMovie Load (1.3ms)[0m  [1m[34mSELECT "movies".* FROM "movies" ORDER BY "movies"."id" ASC LIMIT 1 /*application='StremioYoutubeManager'*/[0m
  [1m[36mMovie Load (0.4ms)[0m  [1m[34mSELECT "movies".* FROM "movies" /*application='StremioYoutubeManager'*/[0m
  [1m[36mMovie Update (3.3ms)[0m  [1m[33mUPDATE "movies" SET "poster_url" = 'https://m.media-amazon.com/images/M/MV5BZjk4MjhmOGYtYjcwNC00MWZhLWI2OGUtOWY0ZmUyMDQwMGFlXkEyXkFqcGc@._V1_SX300.jpg' WHERE "movies"."id" = 10 /*application='StremioYoutubeManager'*/[0m
  [1m[36mMovie Update (0.2ms)[0m  [1m[33mUPDATE "movies" SET "poster_url" = 'https://m.media-amazon.com/images/M/MV5BZmM3YzU3NmEtMmM4ZS00YWQwLWJjYTktZDAyMTI4MTY2MmVlXkEyXkFqcGdeQXVyODE5NzE3OTE@._V1_SX300.jpg' WHERE "movies"."id" = 11 /*application='StremioYoutubeManager'*/[0m
Started GET "/movies" for 127.0.0.1 at 2026-05-19 10:42:38 +0530
Processing by MoviesController#index as HTML
  Rendering layout layouts/application.html.erb
  Rendering movies/index.html.erb within layouts/application
  [1m[36mMovie Load (0.7ms)[0m  [1m[34mSELECT "movies".* FROM "movies" /*action='index',application='StremioYoutubeManager',controller='movies'*/[0m
  ↳ app/views/movies/index.html.erb:9
  Rendered movies/index.html.erb within layouts/application (Duration: 9.9ms | GC: 0.3ms)
  Rendered layout layouts/application.html.erb (Duration: 11.3ms | GC: 0.3ms)
Completed 200 OK in 17ms (Views: 11.9ms | ActiveRecord: 1.5ms (1 query, 0 cached) | GC: 0.3ms)


  [1m[36mActiveRecord::InternalMetadata Load (0.3ms)[0m  [1m[34mSELECT * FROM "ar_internal_metadata" WHERE "ar_internal_metadata"."key" = 'environment' ORDER BY "ar_internal_metadata"."key" ASC LIMIT 1 /*application='StremioYoutubeManager'*/[0m
  [1m[36mActiveRecord::SchemaMigration Load (0.1ms)[0m  [1m[34mSELECT "schema_migrations"."version" FROM "schema_migrations" ORDER BY "schema_migrations"."version" ASC /*application='StremioYoutubeManager'*/[0m
Migrating to CreateShows (20260519055711)
  [1m[36mTRANSACTION (0.1ms)[0m  [1m[35mBEGIN immediate TRANSACTION /*application='StremioYoutubeManager'*/[0m
  [1m[35m (1.5ms)[0m  [1m[35mCREATE TABLE "shows" ("id" integer PRIMARY KEY AUTOINCREMENT NOT NULL, "title" varchar, "imdb_id" varchar, "poster_url" varchar, "created_at" datetime(6) NOT NULL, "updated_at" datetime(6) NOT NULL) /*application='StremioYoutubeManager'*/[0m
  [1m[36mActiveRecord::SchemaMigration Create (0.1ms)[0m  [1m[32mINSERT INTO "schema_migrations" ("version") VALUES ('20260519055711') RETURNING "version" /*application='StremioYoutubeManager'*/[0m
  [1m[36mTRANSACTION (6.9ms)[0m  [1m[35mCOMMIT TRANSACTION /*application='StremioYoutubeManager'*/[0m
Migrating to CreateSeasons (20260519055718)
  [1m[36mTRANSACTION (0.1ms)[0m  [1m[35mBEGIN immediate TRANSACTION /*application='StremioYoutubeManager'*/[0m
  [1m[35m (1.3ms)[0m  [1m[35mCREATE TABLE "seasons" ("id" integer PRIMARY KEY AUTOINCREMENT NOT NULL, "show_id" integer NOT NULL, "imdb_id" varchar, "season_number" integer, "youtube_playlist_link" varchar, "created_at" datetime(6) NOT NULL, "updated_at" datetime(6) NOT NULL, CONSTRAINT "fk_rails_477f73852f"
FOREIGN KEY ("show_id")
  REFERENCES "shows" ("id")
) /*application='StremioYoutubeManager'*/[0m
  [1m[35m (0.1ms)[0m  [1m[35mCREATE INDEX "index_seasons_on_show_id" ON "seasons" ("show_id") /*application='StremioYoutubeManager'*/[0m
  [1m[36mActiveRecord::SchemaMigration Create (0.2ms)[0m  [1m[32mINSERT INTO "schema_migrations" ("version") VALUES ('20260519055718') RETURNING "version" /*application='StremioYoutubeManager'*/[0m
  [1m[36mTRANSACTION (0.2ms)[0m  [1m[35mCOMMIT TRANSACTION /*application='StremioYoutubeManager'*/[0m
Migrating to CreateEpisodes (20260519055724)
  [1m[36mTRANSACTION (0.1ms)[0m  [1m[35mBEGIN immediate TRANSACTION /*application='StremioYoutubeManager'*/[0m
  [1m[35m (1.6ms)[0m  [1m[35mCREATE TABLE "episodes" ("id" integer PRIMARY KEY AUTOINCREMENT NOT NULL, "season_id" integer NOT NULL, "imdb_id" varchar, "episode_number" integer, "youtube_link" varchar, "is_embeddable" boolean, "created_at" datetime(6) NOT NULL, "updated_at" datetime(6) NOT NULL, CONSTRAINT "fk_rails_14b1666c11"
FOREIGN KEY ("season_id")
  REFERENCES "seasons" ("id")
) /*application='StremioYoutubeManager'*/[0m
  [1m[35m (0.1ms)[0m  [1m[35mCREATE INDEX "index_episodes_on_season_id" ON "episodes" ("season_id") /*application='StremioYoutubeManager'*/[0m
  [1m[36mActiveRecord::SchemaMigration Create (0.2ms)[0m  [1m[32mINSERT INTO "schema_migrations" ("version") VALUES ('20260519055724') RETURNING "version" /*application='StremioYoutubeManager'*/[0m
  [1m[36mTRANSACTION (0.1ms)[0m  [1m[35mCOMMIT TRANSACTION /*application='StremioYoutubeManager'*/[0m
  [1m[36mActiveRecord::SchemaMigration Load (0.1ms)[0m  [1m[34mSELECT "schema_migrations"."version" FROM "schema_migrations" ORDER BY "schema_migrations"."version" ASC /*application='StremioYoutubeManager'*/[0m
Started GET "/api/v1/movies" for 127.0.0.1 at 2026-05-19 11:31:27 +0530
  [1m[36mActiveRecord::SchemaMigration Load (0.2ms)[0m  [1m[34mSELECT "schema_migrations"."version" FROM "schema_migrations" ORDER BY "schema_migrations"."version" ASC /*application='StremioYoutubeManager'*/[0m
Processing by Api::V1::MoviesController#index as HTML
Completed 500 Internal Server Error in 1ms (ActiveRecord: 0.0ms (0 queries, 0 cached) | GC: 0.0ms)


  
ArgumentError (Reported error must be an Exception, got: #<SyntaxError:"/home/shaswat/repo/github/stremio-youtube-addon/stremio-youtube-manager/app/models/movie.rb:18: dynamic constant assignment\n    OMDB_API_KEY = Rails.application.credenti...\n    ^~~~~~~~~~~~\n">)
Caused by: SyntaxError (/home/shaswat/repo/github/stremio-youtube-addon/stremio-youtube-manager/app/models/movie.rb:18: dynamic constant assignment
    OMDB_API_KEY = Rails.application.credenti...
    ^~~~~~~~~~~~
)

Information for: ArgumentError (Reported error must be an Exception, got: #<SyntaxError:"/home/shaswat/repo/github/stremio-youtube-addon/stremio-youtube-manager/app/models/movie.rb:18: dynamic constant assignment\n    OMDB_API_KEY = Rails.application.credenti...\n    ^~~~~~~~~~~~\n">):
  
activesupport (8.1.3) lib/active_support/error_reporter.rb:235:in `report'
actionpack (8.1.3) lib/action_dispatch/middleware/executor.rb:36:in `rescue in call'
actionpack (8.1.3) lib/action_dispatch/middleware/executor.rb:32:in `call'
actionpack (8.1.3) lib/action_dispatch/middleware/actionable_exceptions.rb:18:in `call'
actionpack (8.1.3) lib/action_dispatch/middleware/debug_exceptions.rb:31:in `call'
web-console (4.3.0) lib/web_console/middleware.rb:132:in `call_app'
web-console (4.3.0) lib/web_console/middleware.rb:28:in `block in call'
web-console (4.3.0) lib/web_console/middleware.rb:17:in `catch'
web-console (4.3.0) lib/web_console/middleware.rb:17:in `call'
actionpack (8.1.3) lib/action_dispatch/middleware/show_exceptions.rb:32:in `call'
railties (8.1.3) lib/rails/rack/logger.rb:41:in `call_app'
railties (8.1.3) lib/rails/rack/logger.rb:29:in `call'
propshaft (1.3.2) lib/propshaft/quiet_assets.rb:11:in `call'
actionpack (8.1.3) lib/action_dispatch/middleware/remote_ip.rb:98:in `call'
actionpack (8.1.3) lib/action_dispatch/middleware/request_id.rb:34:in `call'
rack (3.2.6) lib/rack/method_override.rb:28:in `call'
rack (3.2.6) lib/rack/runtime.rb:24:in `call'
activesupport (8.1.3) lib/active_support/cache/strategy/local_cache_middleware.rb:30:in `call'
actionpack (8.1.3) lib/action_dispatch/middleware/server_timing.rb:61:in `block in call'
actionpack (8.1.3) lib/action_dispatch/middleware/server_timing.rb:26:in `collect_events'
actionpack (8.1.3) lib/action_dispatch/middleware/server_timing.rb:60:in `call'
actionpack (8.1.3) lib/action_dispatch/middleware/executor.rb:20:in `call'
propshaft (1.3.2) lib/propshaft/server.rb:37:in `call'
actionpack (8.1.3) lib/action_dispatch/middleware/static.rb:27:in `call'
rack (3.2.6) lib/rack/sendfile.rb:131:in `call'
actionpack (8.1.3) lib/action_dispatch/middleware/host_authorization.rb:143:in `call'
railties (8.1.3) lib/rails/engine.rb:534:in `call'
puma (8.0.1) lib/puma/configuration.rb:305:in `call'
puma (8.0.1) lib/puma/response.rb:79:in `block in handle_request'
puma (8.0.1) lib/puma/thread_pool.rb:434:in `with_force_shutdown'
puma (8.0.1) lib/puma/response.rb:78:in `handle_request'
puma (8.0.1) lib/puma/server.rb:508:in `process_client'
puma (8.0.1) lib/puma/server.rb:263:in `block in run'
puma (8.0.1) lib/puma/thread_pool.rb:246:in `block in spawn_thread'

Information for cause: SyntaxError (/home/shaswat/repo/github/stremio-youtube-addon/stremio-youtube-manager/app/models/movie.rb:18: dynamic constant assignment
    OMDB_API_KEY = Rails.application.credenti...
    ^~~~~~~~~~~~
):
  
app/models/movie.rb:18: dynamic constant assignment
app/controllers/api/v1/movies_controller.rb:8:in `index'
Started GET "/api/v1/" for 127.0.0.1 at 2026-05-19 11:31:31 +0530
  
ActionController::RoutingError (No route matches [GET] "/api/v1"):
  
Started GET "/rails/info/routes?query=ap" for 127.0.0.1 at 2026-05-19 11:31:36 +0530
Processing by Rails::InfoController#routes as */*
  Parameters: {"query"=>"ap"}
Completed 200 OK in 28ms (Views: 0.3ms | ActiveRecord: 0.0ms (0 queries, 0 cached) | GC: 6.6ms)


Started GET "/rails/info/routes?query=api" for 127.0.0.1 at 2026-05-19 11:31:37 +0530
Processing by Rails::InfoController#routes as */*
  Parameters: {"query"=>"api"}
Completed 200 OK in 8ms (Views: 0.2ms | ActiveRecord: 0.0ms (0 queries, 0 cached) | GC: 1.2ms)


Started GET "/api/v1/movies" for 127.0.0.1 at 2026-05-19 11:31:44 +0530
Processing by Api::V1::MoviesController#index as HTML
Completed 500 Internal Server Error in 2ms (ActiveRecord: 0.0ms (0 queries, 0 cached) | GC: 0.0ms)


  
ArgumentError (Reported error must be an Exception, got: #<SyntaxError:"/home/shaswat/repo/github/stremio-youtube-addon/stremio-youtube-manager/app/models/movie.rb:18: dynamic constant assignment\n    OMDB_API_KEY = Rails.application.credenti...\n    ^~~~~~~~~~~~\n">)
Caused by: SyntaxError (/home/shaswat/repo/github/stremio-youtube-addon/stremio-youtube-manager/app/models/movie.rb:18: dynamic constant assignment
    OMDB_API_KEY = Rails.application.credenti...
    ^~~~~~~~~~~~
)

Information for: ArgumentError (Reported error must be an Exception, got: #<SyntaxError:"/home/shaswat/repo/github/stremio-youtube-addon/stremio-youtube-manager/app/models/movie.rb:18: dynamic constant assignment\n    OMDB_API_KEY = Rails.application.credenti...\n    ^~~~~~~~~~~~\n">):
  
activesupport (8.1.3) lib/active_support/error_reporter.rb:235:in `report'
actionpack (8.1.3) lib/action_dispatch/middleware/executor.rb:36:in `rescue in call'
actionpack (8.1.3) lib/action_dispatch/middleware/executor.rb:32:in `call'
actionpack (8.1.3) lib/action_dispatch/middleware/actionable_exceptions.rb:18:in `call'
actionpack (8.1.3) lib/action_dispatch/middleware/debug_exceptions.rb:31:in `call'
web-console (4.3.0) lib/web_console/middleware.rb:132:in `call_app'
web-console (4.3.0) lib/web_console/middleware.rb:28:in `block in call'
web-console (4.3.0) lib/web_console/middleware.rb:17:in `catch'
web-console (4.3.0) lib/web_console/middleware.rb:17:in `call'
actionpack (8.1.3) lib/action_dispatch/middleware/show_exceptions.rb:32:in `call'
railties (8.1.3) lib/rails/rack/logger.rb:41:in `call_app'
railties (8.1.3) lib/rails/rack/logger.rb:29:in `call'
propshaft (1.3.2) lib/propshaft/quiet_assets.rb:11:in `call'
actionpack (8.1.3) lib/action_dispatch/middleware/remote_ip.rb:98:in `call'
actionpack (8.1.3) lib/action_dispatch/middleware/request_id.rb:34:in `call'
rack (3.2.6) lib/rack/method_override.rb:28:in `call'
rack (3.2.6) lib/rack/runtime.rb:24:in `call'
activesupport (8.1.3) lib/active_support/cache/strategy/local_cache_middleware.rb:30:in `call'
actionpack (8.1.3) lib/action_dispatch/middleware/server_timing.rb:61:in `block in call'
actionpack (8.1.3) lib/action_dispatch/middleware/server_timing.rb:26:in `collect_events'
actionpack (8.1.3) lib/action_dispatch/middleware/server_timing.rb:60:in `call'
actionpack (8.1.3) lib/action_dispatch/middleware/executor.rb:20:in `call'
propshaft (1.3.2) lib/propshaft/server.rb:37:in `call'
actionpack (8.1.3) lib/action_dispatch/middleware/static.rb:27:in `call'
rack (3.2.6) lib/rack/sendfile.rb:131:in `call'
actionpack (8.1.3) lib/action_dispatch/middleware/host_authorization.rb:143:in `call'
railties (8.1.3) lib/rails/engine.rb:534:in `call'
puma (8.0.1) lib/puma/configuration.rb:305:in `call'
puma (8.0.1) lib/puma/response.rb:79:in `block in handle_request'
puma (8.0.1) lib/puma/thread_pool.rb:434:in `with_force_shutdown'
puma (8.0.1) lib/puma/response.rb:78:in `handle_request'
puma (8.0.1) lib/puma/server.rb:508:in `process_client'
puma (8.0.1) lib/puma/server.rb:263:in `block in run'
puma (8.0.1) lib/puma/thread_pool.rb:246:in `block in spawn_thread'

Information for cause: SyntaxError (/home/shaswat/repo/github/stremio-youtube-addon/stremio-youtube-manager/app/models/movie.rb:18: dynamic constant assignment
    OMDB_API_KEY = Rails.application.credenti...
    ^~~~~~~~~~~~
):
  
app/models/movie.rb:18: dynamic constant assignment
app/controllers/api/v1/movies_controller.rb:8:in `index'
Started GET "/api/v1/movies" for 127.0.0.1 at 2026-05-19 11:31:48 +0530
Processing by Api::V1::MoviesController#index as HTML
Completed 500 Internal Server Error in 1ms (ActiveRecord: 0.0ms (0 queries, 0 cached) | GC: 0.0ms)


  
ArgumentError (Reported error must be an Exception, got: #<SyntaxError:"/home/shaswat/repo/github/stremio-youtube-addon/stremio-youtube-manager/app/models/movie.rb:18: dynamic constant assignment\n    OMDB_API_KEY = Rails.application.credenti...\n    ^~~~~~~~~~~~\n">)
Caused by: SyntaxError (/home/shaswat/repo/github/stremio-youtube-addon/stremio-youtube-manager/app/models/movie.rb:18: dynamic constant assignment
    OMDB_API_KEY = Rails.application.credenti...
    ^~~~~~~~~~~~
)

Information for: ArgumentError (Reported error must be an Exception, got: #<SyntaxError:"/home/shaswat/repo/github/stremio-youtube-addon/stremio-youtube-manager/app/models/movie.rb:18: dynamic constant assignment\n    OMDB_API_KEY = Rails.application.credenti...\n    ^~~~~~~~~~~~\n">):
  
activesupport (8.1.3) lib/active_support/error_reporter.rb:235:in `report'
actionpack (8.1.3) lib/action_dispatch/middleware/executor.rb:36:in `rescue in call'
actionpack (8.1.3) lib/action_dispatch/middleware/executor.rb:32:in `call'
actionpack (8.1.3) lib/action_dispatch/middleware/actionable_exceptions.rb:18:in `call'
actionpack (8.1.3) lib/action_dispatch/middleware/debug_exceptions.rb:31:in `call'
web-console (4.3.0) lib/web_console/middleware.rb:132:in `call_app'
web-console (4.3.0) lib/web_console/middleware.rb:28:in `block in call'
web-console (4.3.0) lib/web_console/middleware.rb:17:in `catch'
web-console (4.3.0) lib/web_console/middleware.rb:17:in `call'
actionpack (8.1.3) lib/action_dispatch/middleware/show_exceptions.rb:32:in `call'
railties (8.1.3) lib/rails/rack/logger.rb:41:in `call_app'
railties (8.1.3) lib/rails/rack/logger.rb:29:in `call'
propshaft (1.3.2) lib/propshaft/quiet_assets.rb:11:in `call'
actionpack (8.1.3) lib/action_dispatch/middleware/remote_ip.rb:98:in `call'
actionpack (8.1.3) lib/action_dispatch/middleware/request_id.rb:34:in `call'
rack (3.2.6) lib/rack/method_override.rb:28:in `call'
rack (3.2.6) lib/rack/runtime.rb:24:in `call'
activesupport (8.1.3) lib/active_support/cache/strategy/local_cache_middleware.rb:30:in `call'
actionpack (8.1.3) lib/action_dispatch/middleware/server_timing.rb:61:in `block in call'
actionpack (8.1.3) lib/action_dispatch/middleware/server_timing.rb:26:in `collect_events'
actionpack (8.1.3) lib/action_dispatch/middleware/server_timing.rb:60:in `call'
actionpack (8.1.3) lib/action_dispatch/middleware/executor.rb:20:in `call'
propshaft (1.3.2) lib/propshaft/server.rb:37:in `call'
actionpack (8.1.3) lib/action_dispatch/middleware/static.rb:27:in `call'
rack (3.2.6) lib/rack/sendfile.rb:131:in `call'
actionpack (8.1.3) lib/action_dispatch/middleware/host_authorization.rb:143:in `call'
railties (8.1.3) lib/rails/engine.rb:534:in `call'
puma (8.0.1) lib/puma/configuration.rb:305:in `call'
puma (8.0.1) lib/puma/response.rb:79:in `block in handle_request'
puma (8.0.1) lib/puma/thread_pool.rb:434:in `with_force_shutdown'
puma (8.0.1) lib/puma/response.rb:78:in `handle_request'
puma (8.0.1) lib/puma/server.rb:508:in `process_client'
puma (8.0.1) lib/puma/server.rb:263:in `block in run'
puma (8.0.1) lib/puma/thread_pool.rb:246:in `block in spawn_thread'

Information for cause: SyntaxError (/home/shaswat/repo/github/stremio-youtube-addon/stremio-youtube-manager/app/models/movie.rb:18: dynamic constant assignment
    OMDB_API_KEY = Rails.application.credenti...
    ^~~~~~~~~~~~
):
  
app/models/movie.rb:18: dynamic constant assignment
app/controllers/api/v1/movies_controller.rb:8:in `index'
Started GET "/api/v1/movies" for 127.0.0.1 at 2026-05-19 11:32:06 +0530
Processing by Api::V1::MoviesController#index as HTML
Completed 500 Internal Server Error in 11ms (ActiveRecord: 0.0ms (0 queries, 0 cached) | GC: 0.0ms)


  
ArgumentError (Reported error must be an Exception, got: #<SyntaxError:"/home/shaswat/repo/github/stremio-youtube-addon/stremio-youtube-manager/app/models/movie.rb:18: dynamic constant assignment\n    OMDB_API_KEY = Rails.application.credenti...\n    ^~~~~~~~~~~~\n">)
Caused by: SyntaxError (/home/shaswat/repo/github/stremio-youtube-addon/stremio-youtube-manager/app/models/movie.rb:18: dynamic constant assignment
    OMDB_API_KEY = Rails.application.credenti...
    ^~~~~~~~~~~~
)

Information for: ArgumentError (Reported error must be an Exception, got: #<SyntaxError:"/home/shaswat/repo/github/stremio-youtube-addon/stremio-youtube-manager/app/models/movie.rb:18: dynamic constant assignment\n    OMDB_API_KEY = Rails.application.credenti...\n    ^~~~~~~~~~~~\n">):
  
activesupport (8.1.3) lib/active_support/error_reporter.rb:235:in `report'
actionpack (8.1.3) lib/action_dispatch/middleware/executor.rb:36:in `rescue in call'
actionpack (8.1.3) lib/action_dispatch/middleware/executor.rb:32:in `call'
actionpack (8.1.3) lib/action_dispatch/middleware/actionable_exceptions.rb:18:in `call'
actionpack (8.1.3) lib/action_dispatch/middleware/debug_exceptions.rb:31:in `call'
web-console (4.3.0) lib/web_console/middleware.rb:132:in `call_app'
web-console (4.3.0) lib/web_console/middleware.rb:28:in `block in call'
web-console (4.3.0) lib/web_console/middleware.rb:17:in `catch'
web-console (4.3.0) lib/web_console/middleware.rb:17:in `call'
actionpack (8.1.3) lib/action_dispatch/middleware/show_exceptions.rb:32:in `call'
railties (8.1.3) lib/rails/rack/logger.rb:41:in `call_app'
railties (8.1.3) lib/rails/rack/logger.rb:29:in `call'
propshaft (1.3.2) lib/propshaft/quiet_assets.rb:11:in `call'
actionpack (8.1.3) lib/action_dispatch/middleware/remote_ip.rb:98:in `call'
actionpack (8.1.3) lib/action_dispatch/middleware/request_id.rb:34:in `call'
rack (3.2.6) lib/rack/method_override.rb:28:in `call'
rack (3.2.6) lib/rack/runtime.rb:24:in `call'
activesupport (8.1.3) lib/active_support/cache/strategy/local_cache_middleware.rb:30:in `call'
actionpack (8.1.3) lib/action_dispatch/middleware/server_timing.rb:61:in `block in call'
actionpack (8.1.3) lib/action_dispatch/middleware/server_timing.rb:26:in `collect_events'
actionpack (8.1.3) lib/action_dispatch/middleware/server_timing.rb:60:in `call'
actionpack (8.1.3) lib/action_dispatch/middleware/executor.rb:20:in `call'
propshaft (1.3.2) lib/propshaft/server.rb:37:in `call'
actionpack (8.1.3) lib/action_dispatch/middleware/static.rb:27:in `call'
rack (3.2.6) lib/rack/sendfile.rb:131:in `call'
actionpack (8.1.3) lib/action_dispatch/middleware/host_authorization.rb:143:in `call'
railties (8.1.3) lib/rails/engine.rb:534:in `call'
puma (8.0.1) lib/puma/configuration.rb:305:in `call'
puma (8.0.1) lib/puma/response.rb:79:in `block in handle_request'
puma (8.0.1) lib/puma/thread_pool.rb:434:in `with_force_shutdown'
puma (8.0.1) lib/puma/response.rb:78:in `handle_request'
puma (8.0.1) lib/puma/server.rb:508:in `process_client'
puma (8.0.1) lib/puma/server.rb:263:in `block in run'
puma (8.0.1) lib/puma/thread_pool.rb:246:in `block in spawn_thread'

Information for cause: SyntaxError (/home/shaswat/repo/github/stremio-youtube-addon/stremio-youtube-manager/app/models/movie.rb:18: dynamic constant assignment
    OMDB_API_KEY = Rails.application.credenti...
    ^~~~~~~~~~~~
):
  
app/models/movie.rb:18: dynamic constant assignment
app/controllers/api/v1/movies_controller.rb:8:in `index'
Started GET "/api/v1/movies" for 127.0.0.1 at 2026-05-19 11:32:35 +0530
Processing by Api::V1::MoviesController#index as HTML
  [1m[36mMovie Load (1.1ms)[0m  [1m[34mSELECT "movies".* FROM "movies" /*action='index',application='StremioYoutubeManager',controller='movies'*/[0m
  ↳ app/controllers/api/v1/movies_controller.rb:8:in `index'
Completed 200 OK in 13ms (Views: 7.6ms | ActiveRecord: 1.1ms (1 query, 0 cached) | GC: 0.3ms)


Started GET "/favicon.ico" for 127.0.0.1 at 2026-05-19 11:32:35 +0530
  
ActionController::RoutingError (No route matches [GET] "/favicon.ico"):
  
Started GET "/api/v1//series" for ::1 at 2026-05-19 11:41:50 +0530
Started GET "/api/v1//movies" for ::1 at 2026-05-19 11:41:50 +0530
Started GET "/api/v1//tvs" for ::1 at 2026-05-19 11:41:50 +0530
  
ActionController::RoutingError (No route matches [GET] "/api/v1/series"):
  
Processing by Api::V1::MoviesController#index as */*
  
ActionController::RoutingError (No route matches [GET] "/api/v1/tvs"):
  
  [1m[36mMovie Load (0.9ms)[0m  [1m[34mSELECT "movies".* FROM "movies" /*action='index',application='StremioYoutubeManager',controller='movies'*/[0m
  ↳ app/controllers/api/v1/movies_controller.rb:8:in `index'
Completed 200 OK in 14ms (Views: 5.0ms | ActiveRecord: 0.8ms (1 query, 0 cached) | GC: 0.5ms)


Started GET "/api/v1/movies" for 127.0.0.1 at 2026-05-19 11:43:40 +0530
Processing by Api::V1::MoviesController#index as */*
  [1m[36mMovie Load (0.3ms)[0m  [1m[34mSELECT "movies".* FROM "movies" /*action='index',application='StremioYoutubeManager',controller='movies'*/[0m
  ↳ app/controllers/api/v1/movies_controller.rb:8:in `index'
Completed 200 OK in 5ms (Views: 3.7ms | ActiveRecord: 0.3ms (1 query, 0 cached) | GC: 0.0ms)


Started GET "/api/v1/movies" for 127.0.0.1 at 2026-05-19 11:44:21 +0530
Processing by Api::V1::MoviesController#index as */*
  [1m[36mMovie Load (0.3ms)[0m  [1m[34mSELECT "movies".* FROM "movies" /*action='index',application='StremioYoutubeManager',controller='movies'*/[0m
  ↳ app/controllers/api/v1/movies_controller.rb:8:in `index'
Completed 200 OK in 4ms (Views: 3.5ms | ActiveRecord: 0.3ms (1 query, 0 cached) | GC: 0.0ms)


Started GET "/api/v1/movies" for 127.0.0.1 at 2026-05-19 11:44:47 +0530
Processing by Api::V1::MoviesController#index as */*
  [1m[36mMovie Load (0.3ms)[0m  [1m[34mSELECT "movies".* FROM "movies" /*action='index',application='StremioYoutubeManager',controller='movies'*/[0m
  ↳ app/controllers/api/v1/movies_controller.rb:8:in `index'
Completed 200 OK in 6ms (Views: 4.7ms | ActiveRecord: 0.3ms (1 query, 0 cached) | GC: 0.0ms)


Started GET "/api/v1/movies" for 127.0.0.1 at 2026-05-19 11:45:27 +0530
Processing by Api::V1::MoviesController#index as */*
  [1m[36mMovie Load (0.3ms)[0m  [1m[34mSELECT "movies".* FROM "movies" /*action='index',application='StremioYoutubeManager',controller='movies'*/[0m
  ↳ app/controllers/api/v1/movies_controller.rb:8:in `index'
Completed 200 OK in 5ms (Views: 4.0ms | ActiveRecord: 0.3ms (1 query, 0 cached) | GC: 0.0ms)


Started GET "/api/v1/movies" for 127.0.0.1 at 2026-05-19 11:45:49 +0530
Processing by Api::V1::MoviesController#index as */*
  [1m[36mMovie Load (0.4ms)[0m  [1m[34mSELECT "movies".* FROM "movies" /*action='index',application='StremioYoutubeManager',controller='movies'*/[0m
  ↳ app/controllers/api/v1/movies_controller.rb:8:in `index'
Completed 200 OK in 6ms (Views: 4.2ms | ActiveRecord: 0.4ms (1 query, 0 cached) | GC: 0.0ms)


Started GET "/api/v1//movies" for ::1 at 2026-05-19 11:46:44 +0530
Processing by Api::V1::MoviesController#index as */*
  [1m[36mMovie Load (0.2ms)[0m  [1m[34mSELECT "movies".* FROM "movies" /*action='index',application='StremioYoutubeManager',controller='movies'*/[0m
  ↳ app/controllers/api/v1/movies_controller.rb:8:in `index'
Completed 200 OK in 3ms (Views: 2.6ms | ActiveRecord: 0.2ms (1 query, 0 cached) | GC: 0.1ms)


Started GET "/api/v1//movies" for ::1 at 2026-05-19 11:46:58 +0530
Processing by Api::V1::MoviesController#index as */*
  [1m[36mMovie Load (0.4ms)[0m  [1m[34mSELECT "movies".* FROM "movies" /*action='index',application='StremioYoutubeManager',controller='movies'*/[0m
  ↳ app/controllers/api/v1/movies_controller.rb:8:in `index'
Completed 200 OK in 6ms (Views: 4.9ms | ActiveRecord: 0.4ms (1 query, 0 cached) | GC: 0.0ms)


Started GET "/api/v1/movies" for ::1 at 2026-05-19 11:48:40 +0530
Processing by Api::V1::MoviesController#index as */*
  [1m[36mMovie Load (0.2ms)[0m  [1m[34mSELECT "movies".* FROM "movies" /*action='index',application='StremioYoutubeManager',controller='movies'*/[0m
  ↳ app/controllers/api/v1/movies_controller.rb:8:in `index'
Completed 200 OK in 4ms (Views: 2.7ms | ActiveRecord: 0.2ms (1 query, 0 cached) | GC: 0.0ms)


Started GET "/api/v1/movies" for ::1 at 2026-05-19 11:49:40 +0530
Processing by Api::V1::MoviesController#index as */*
  [1m[36mMovie Load (0.4ms)[0m  [1m[34mSELECT "movies".* FROM "movies" /*action='index',application='StremioYoutubeManager',controller='movies'*/[0m
  ↳ app/controllers/api/v1/movies_controller.rb:8:in `index'
Completed 200 OK in 4ms (Views: 2.6ms | ActiveRecord: 0.4ms (1 query, 0 cached) | GC: 0.0ms)


Started GET "/api/v1/movies" for ::1 at 2026-05-19 11:50:42 +0530
Processing by Api::V1::MoviesController#index as */*
  [1m[36mMovie Load (0.2ms)[0m  [1m[34mSELECT "movies".* FROM "movies" /*action='index',application='StremioYoutubeManager',controller='movies'*/[0m
  ↳ app/controllers/api/v1/movies_controller.rb:8:in `index'
Completed 200 OK in 3ms (Views: 2.5ms | ActiveRecord: 0.2ms (1 query, 0 cached) | GC: 0.0ms)


Started GET "/api/v1/movies" for ::1 at 2026-05-19 11:53:45 +0530
Processing by Api::V1::MoviesController#index as */*
  [1m[36mMovie Load (1.0ms)[0m  [1m[34mSELECT "movies".* FROM "movies" /*action='index',application='StremioYoutubeManager',controller='movies'*/[0m
  ↳ app/controllers/api/v1/movies_controller.rb:8:in `index'
Completed 200 OK in 22ms (Views: 17.3ms | ActiveRecord: 1.8ms (1 query, 0 cached) | GC: 7.5ms)


Started GET "/api/v1/movies/tt1694542" for ::1 at 2026-05-19 11:53:50 +0530
Processing by Api::V1::MoviesController#show as */*
  Parameters: {"id"=>"tt1694542"}
  [1m[36mMovie Load (0.3ms)[0m  [1m[34mSELECT "movies".* FROM "movies" WHERE "movies"."id" = NULL LIMIT 1 /*action='show',application='StremioYoutubeManager',controller='movies'*/[0m
  ↳ app/controllers/api/v1/movies_controller.rb:43:in `set_movie'
Filter chain halted as :set_movie rendered or redirected
Completed 404 Not Found in 4ms (Views: 0.2ms | ActiveRecord: 0.3ms (1 query, 0 cached) | GC: 0.0ms)


  [1m[36mMovie Load (0.5ms)[0m  [1m[34mSELECT "movies".* FROM "movies" WHERE "movies"."imdb_id" = 'tt13755666' LIMIT 1 /*application='StremioYoutubeManager'*/[0m
Started GET "/api/v1/movies/tt1375666" for ::1 at 2026-05-19 11:54:46 +0530
Processing by Api::V1::MoviesController#show as */*
  Parameters: {"id"=>"tt1375666"}
  [1m[36mMovie Load (0.2ms)[0m  [1m[34mSELECT "movies".* FROM "movies" WHERE "movies"."id" = NULL LIMIT 1 /*action='show',application='StremioYoutubeManager',controller='movies'*/[0m
  ↳ app/controllers/api/v1/movies_controller.rb:43:in `set_movie'
Filter chain halted as :set_movie rendered or redirected
Completed 404 Not Found in 4ms (Views: 0.3ms | ActiveRecord: 0.2ms (1 query, 0 cached) | GC: 1.1ms)


  [1m[36mMovie Load (0.7ms)[0m  [1m[34mSELECT "movies".* FROM "movies" ORDER BY "movies"."id" ASC LIMIT 1 /*application='StremioYoutubeManager'*/[0m
  [1m[36mMovie Load (0.3ms)[0m  [1m[34mSELECT "movies".* FROM "movies" ORDER BY "movies"."id" ASC LIMIT 1 OFFSET 1 /*application='StremioYoutubeManager'*/[0m
  [1m[36mMovie Load (0.2ms)[0m  [1m[34mSELECT "movies".* FROM "movies" WHERE "movies"."imdb_id" = 'tt2168910' LIMIT 1 /*application='StremioYoutubeManager'*/[0m
Started GET "/api/v1/movies/tt2168910" for ::1 at 2026-05-19 11:56:08 +0530
Processing by Api::V1::MoviesController#show as */*
  Parameters: {"id"=>"tt2168910"}
  [1m[36mMovie Load (0.2ms)[0m  [1m[34mSELECT "movies".* FROM "movies" WHERE "movies"."id" = NULL LIMIT 1 /*action='show',application='StremioYoutubeManager',controller='movies'*/[0m
  ↳ app/controllers/api/v1/movies_controller.rb:43:in `set_movie'
Filter chain halted as :set_movie rendered or redirected
Completed 404 Not Found in 3ms (Views: 0.3ms | ActiveRecord: 0.2ms (1 query, 0 cached) | GC: 0.5ms)


Started GET "/api/v1/movies/tt2168910" for ::1 at 2026-05-19 11:57:41 +0530
  [1m[36mActiveRecord::SchemaMigration Load (0.2ms)[0m  [1m[34mSELECT "schema_migrations"."version" FROM "schema_migrations" ORDER BY "schema_migrations"."version" ASC /*application='StremioYoutubeManager'*/[0m
Processing by Api::V1::MoviesController#show as */*
  Parameters: {"id"=>"tt2168910"}
  [1m[36mMovie Load (0.3ms)[0m  [1m[34mSELECT "movies".* FROM "movies" WHERE "movies"."id" = NULL LIMIT 1 /*action='show',application='StremioYoutubeManager',controller='movies'*/[0m
  ↳ app/controllers/api/v1/movies_controller.rb:43:in `set_movie'
Filter chain halted as :set_movie rendered or redirected
Completed 404 Not Found in 101ms (Views: 0.2ms | ActiveRecord: 2.4ms (1 query, 0 cached) | GC: 62.5ms)


Started GET "/api/v1/movies/tt2168910" for ::1 at 2026-05-19 11:58:00 +0530
Processing by Api::V1::MoviesController#show as */*
  Parameters: {"id"=>"tt2168910"}
  [1m[36mMovie Load (0.3ms)[0m  [1m[34mSELECT "movies".* FROM "movies" WHERE "movies"."id" = NULL LIMIT 1 /*action='show',application='StremioYoutubeManager',controller='movies'*/[0m
  ↳ app/controllers/api/v1/movies_controller.rb:43:in `set_movie'
Filter chain halted as :set_movie rendered or redirected
Completed 404 Not Found in 4ms (Views: 0.2ms | ActiveRecord: 0.3ms (1 query, 0 cached) | GC: 0.0ms)


Started GET "/api/v1/movies/tt2168910" for ::1 at 2026-05-19 11:59:11 +0530
Processing by Api::V1::MoviesController#show as */*
  Parameters: {"id"=>"tt2168910"}
  [1m[36mMovie Load (0.3ms)[0m  [1m[34mSELECT "movies".* FROM "movies" WHERE "movies"."imdb_id" = 'tt2168910' LIMIT 1 /*action='show',application='StremioYoutubeManager',controller='movies'*/[0m
  ↳ app/controllers/api/v1/movies_controller.rb:11:in `show'
Completed 200 OK in 13ms (Views: 0.5ms | ActiveRecord: 1.5ms (1 query, 0 cached) | GC: 0.0ms)


Started GET "/api/v1/movies/tt2168910" for ::1 at 2026-05-19 11:59:19 +0530
Processing by Api::V1::MoviesController#show as */*
  Parameters: {"id"=>"tt2168910"}
  [1m[36mMovie Load (0.2ms)[0m  [1m[34mSELECT "movies".* FROM "movies" WHERE "movies"."imdb_id" = 'tt2168910' LIMIT 1 /*action='show',application='StremioYoutubeManager',controller='movies'*/[0m
  ↳ app/controllers/api/v1/movies_controller.rb:11:in `show'
Completed 200 OK in 3ms (Views: 0.4ms | ActiveRecord: 0.2ms (1 query, 0 cached) | GC: 0.0ms)


Started GET "/api/v1/movies/tt0807758" for ::1 at 2026-05-19 11:59:34 +0530
Processing by Api::V1::MoviesController#show as */*
  Parameters: {"id"=>"tt0807758"}
  [1m[36mMovie Load (0.3ms)[0m  [1m[34mSELECT "movies".* FROM "movies" WHERE "movies"."imdb_id" = 'tt0807758' LIMIT 1 /*action='show',application='StremioYoutubeManager',controller='movies'*/[0m
  ↳ app/controllers/api/v1/movies_controller.rb:11:in `show'
Completed 200 OK in 3ms (Views: 0.6ms | ActiveRecord: 0.2ms (1 query, 0 cached) | GC: 0.0ms)


Started GET "/api/v1/movies/tt2168910" for ::1 at 2026-05-19 11:59:51 +0530
Processing by Api::V1::MoviesController#show as */*
  Parameters: {"id"=>"tt2168910"}
  [1m[36mMovie Load (0.3ms)[0m  [1m[34mSELECT "movies".* FROM "movies" WHERE "movies"."imdb_id" = 'tt2168910' LIMIT 1 /*action='show',application='StremioYoutubeManager',controller='movies'*/[0m
  ↳ app/controllers/api/v1/movies_controller.rb:11:in `show'
Completed 200 OK in 4ms (Views: 0.6ms | ActiveRecord: 0.3ms (1 query, 0 cached) | GC: 0.0ms)


Started GET "/api/v1/movies/tt2168910" for ::1 at 2026-05-19 12:01:09 +0530
Processing by Api::V1::MoviesController#show as */*
  Parameters: {"id"=>"tt2168910"}
  [1m[36mMovie Load (0.2ms)[0m  [1m[34mSELECT "movies".* FROM "movies" WHERE "movies"."imdb_id" = 'tt2168910' LIMIT 1 /*action='show',application='StremioYoutubeManager',controller='movies'*/[0m
  ↳ app/controllers/api/v1/movies_controller.rb:11:in `show'
Completed 200 OK in 2ms (Views: 0.5ms | ActiveRecord: 0.2ms (1 query, 0 cached) | GC: 0.0ms)


Started GET "/api/v1/movies/tt2168910" for ::1 at 2026-05-19 12:02:23 +0530
Processing by Api::V1::MoviesController#show as */*
  Parameters: {"id"=>"tt2168910"}
  [1m[36mMovie Load (0.2ms)[0m  [1m[34mSELECT "movies".* FROM "movies" WHERE "movies"."imdb_id" = 'tt2168910' LIMIT 1 /*action='show',application='StremioYoutubeManager',controller='movies'*/[0m
  ↳ app/controllers/api/v1/movies_controller.rb:11:in `show'
Completed 200 OK in 2ms (Views: 0.4ms | ActiveRecord: 0.2ms (1 query, 0 cached) | GC: 0.0ms)


Started GET "/api/v1/movies" for ::1 at 2026-05-19 12:03:22 +0530
Processing by Api::V1::MoviesController#index as */*
  [1m[36mMovie Load (0.3ms)[0m  [1m[34mSELECT "movies".* FROM "movies" /*action='index',application='StremioYoutubeManager',controller='movies'*/[0m
  ↳ app/controllers/api/v1/movies_controller.rb:7:in `index'
Completed 200 OK in 4ms (Views: 2.9ms | ActiveRecord: 0.3ms (1 query, 0 cached) | GC: 0.0ms)


Started GET "/api/v1//series" for ::1 at 2026-05-19 12:03:24 +0530
Started GET "/api/v1/movies" for ::1 at 2026-05-19 12:03:24 +0530
Processing by Api::V1::MoviesController#index as */*
  [1m[36mMovie Load (0.2ms)[0m  [1m[34mSELECT "movies".* FROM "movies" /*action='index',application='StremioYoutubeManager',controller='movies'*/[0m
  ↳ app/controllers/api/v1/movies_controller.rb:7:in `index'
Completed 200 OK in 3ms (Views: 2.3ms | ActiveRecord: 0.2ms (1 query, 0 cached) | GC: 0.0ms)


  
ActionController::RoutingError (No route matches [GET] "/api/v1/series"):
  
Started GET "/api/v1/movies/tt2168910" for ::1 at 2026-05-19 12:03:28 +0530
Processing by Api::V1::MoviesController#show as */*
  Parameters: {"id"=>"tt2168910"}
  [1m[36mMovie Load (0.4ms)[0m  [1m[34mSELECT "movies".* FROM "movies" WHERE "movies"."imdb_id" = 'tt2168910' LIMIT 1 /*action='show',application='StremioYoutubeManager',controller='movies'*/[0m
  ↳ app/controllers/api/v1/movies_controller.rb:11:in `show'
Completed 200 OK in 3ms (Views: 0.4ms | ActiveRecord: 0.3ms (1 query, 0 cached) | GC: 0.0ms)


Started GET "/api/v1/movies/tt2168910" for ::1 at 2026-05-19 12:05:45 +0530
Processing by Api::V1::MoviesController#show as */*
  Parameters: {"id"=>"tt2168910"}
  [1m[36mMovie Load (0.2ms)[0m  [1m[34mSELECT "movies".* FROM "movies" WHERE "movies"."imdb_id" = 'tt2168910' LIMIT 1 /*action='show',application='StremioYoutubeManager',controller='movies'*/[0m
  ↳ app/controllers/api/v1/movies_controller.rb:11:in `show'
Completed 200 OK in 2ms (Views: 0.3ms | ActiveRecord: 0.2ms (1 query, 0 cached) | GC: 0.0ms)


Started GET "/api/v1/movies" for ::1 at 2026-05-19 12:06:08 +0530
Started GET "/api/v1/shows" for ::1 at 2026-05-19 12:06:08 +0530
Processing by Api::V1::MoviesController#index as */*
  
ActionDispatch::MissingController (uninitialized constant Api::V1::ShowsController)
Caused by: NameError (uninitialized constant Api::V1::ShowsController)

Information for: ActionDispatch::MissingController (uninitialized constant Api::V1::ShowsController):
  
actionpack (8.1.3) lib/action_dispatch/http/request.rb:101:in `rescue in controller_class_for'
actionpack (8.1.3) lib/action_dispatch/http/request.rb:97:in `controller_class_for'
actionpack (8.1.3) lib/action_dispatch/http/request.rb:90:in `controller_class'
actionpack (8.1.3) lib/action_dispatch/routing/route_set.rb:61:in `controller'
actionpack (8.1.3) lib/action_dispatch/routing/route_set.rb:48:in `serve'
actionpack (8.1.3) lib/action_dispatch/journey/router.rb:35:in `block in serve'
actionpack (8.1.3) lib/action_dispatch/journey/router.rb:86:in `block in recognize'
actionpack (8.1.3) lib/action_dispatch/journey/router.rb:66:in `each'
actionpack (8.1.3) lib/action_dispatch/journey/router.rb:66:in `recognize'
actionpack (8.1.3) lib/action_dispatch/journey/router.rb:31:in `serve'
actionpack (8.1.3) lib/action_dispatch/routing/route_set.rb:906:in `call'
railties (8.1.3) lib/rails/engine/lazy_route_set.rb:60:in `call'
rack (3.2.6) lib/rack/tempfile_reaper.rb:20:in `call'
rack (3.2.6) lib/rack/etag.rb:29:in `call'
rack (3.2.6) lib/rack/conditional_get.rb:31:in `call'
rack (3.2.6) lib/rack/head.rb:15:in `call'
actionpack (8.1.3) lib/action_dispatch/http/content_security_policy.rb:38:in `call'
rack-session (2.1.2) lib/rack/session/abstract/id.rb:274:in `context'
rack-session (2.1.2) lib/rack/session/abstract/id.rb:268:in `call'
actionpack (8.1.3) lib/action_dispatch/middleware/cookies.rb:708:in `call'
activerecord (8.1.3) lib/active_record/migration.rb:671:in `call'
actionpack (8.1.3) lib/action_dispatch/middleware/callbacks.rb:31:in `block in call'
activesupport (8.1.3) lib/active_support/callbacks.rb:101:in `run_callbacks'
actionpack (8.1.3) lib/action_dispatch/middleware/callbacks.rb:30:in `call'
actionpack (8.1.3) lib/action_dispatch/middleware/executor.rb:20:in `call'
actionpack (8.1.3) lib/action_dispatch/middleware/actionable_exceptions.rb:18:in `call'
actionpack (8.1.3) lib/action_dispatch/middleware/debug_exceptions.rb:31:in `call'
web-console (4.3.0) lib/web_console/middleware.rb:132:in `call_app'
web-console (4.3.0) lib/web_console/middleware.rb:28:in `block in call'
web-console (4.3.0) lib/web_console/middleware.rb:17:in `catch'
web-console (4.3.0) lib/web_console/middleware.rb:17:in `call'
actionpack (8.1.3) lib/action_dispatch/middleware/show_exceptions.rb:32:in `call'
railties (8.1.3) lib/rails/rack/logger.rb:41:in `call_app'
railties (8.1.3) lib/rails/rack/logger.rb:29:in `call'
propshaft (1.3.2) lib/propshaft/quiet_assets.rb:11:in `call'
actionpack (8.1.3) lib/action_dispatch/middleware/remote_ip.rb:98:in `call'
actionpack (8.1.3) lib/action_dispatch/middleware/request_id.rb:34:in `call'
rack (3.2.6) lib/rack/method_override.rb:28:in `call'
rack (3.2.6) lib/rack/runtime.rb:24:in `call'
activesupport (8.1.3) lib/active_support/cache/strategy/local_cache_middleware.rb:30:in `call'
actionpack (8.1.3) lib/action_dispatch/middleware/server_timing.rb:61:in `block in call'
actionpack (8.1.3) lib/action_dispatch/middleware/server_timing.rb:26:in `collect_events'
actionpack (8.1.3) lib/action_dispatch/middleware/server_timing.rb:60:in `call'
actionpack (8.1.3) lib/action_dispatch/middleware/executor.rb:20:in `call'
propshaft (1.3.2) lib/propshaft/server.rb:37:in `call'
actionpack (8.1.3) lib/action_dispatch/middleware/static.rb:27:in `call'
rack (3.2.6) lib/rack/sendfile.rb:131:in `call'
actionpack (8.1.3) lib/action_dispatch/middleware/host_authorization.rb:143:in `call'
railties (8.1.3) lib/rails/engine.rb:534:in `call'
puma (8.0.1) lib/puma/configuration.rb:305:in `call'
puma (8.0.1) lib/puma/response.rb:79:in `block in handle_request'
puma (8.0.1) lib/puma/thread_pool.rb:434:in `with_force_shutdown'
puma (8.0.1) lib/puma/response.rb:78:in `handle_request'
puma (8.0.1) lib/puma/server.rb:508:in `process_client'
puma (8.0.1) lib/puma/server.rb:263:in `block in run'
puma (8.0.1) lib/puma/thread_pool.rb:246:in `block in spawn_thread'

Information for cause: NameError (uninitialized constant Api::V1::ShowsController):
  
activesupport (8.1.3) lib/active_support/inflector/methods.rb:290:in `const_get'
activesupport (8.1.3) lib/active_support/inflector/methods.rb:290:in `constantize'
activesupport (8.1.3) lib/active_support/core_ext/string/inflections.rb:74:in `constantize'
actionpack (8.1.3) lib/action_dispatch/http/request.rb:98:in `controller_class_for'
actionpack (8.1.3) lib/action_dispatch/http/request.rb:90:in `controller_class'
actionpack (8.1.3) lib/action_dispatch/routing/route_set.rb:61:in `controller'
actionpack (8.1.3) lib/action_dispatch/routing/route_set.rb:48:in `serve'
actionpack (8.1.3) lib/action_dispatch/journey/router.rb:35:in `block in serve'
actionpack (8.1.3) lib/action_dispatch/journey/router.rb:86:in `block in recognize'
actionpack (8.1.3) lib/action_dispatch/journey/router.rb:66:in `each'
actionpack (8.1.3) lib/action_dispatch/journey/router.rb:66:in `recognize'
actionpack (8.1.3) lib/action_dispatch/journey/router.rb:31:in `serve'
actionpack (8.1.3) lib/action_dispatch/routing/route_set.rb:906:in `call'
railties (8.1.3) lib/rails/engine/lazy_route_set.rb:60:in `call'
rack (3.2.6) lib/rack/tempfile_reaper.rb:20:in `call'
rack (3.2.6) lib/rack/etag.rb:29:in `call'
rack (3.2.6) lib/rack/conditional_get.rb:31:in `call'
rack (3.2.6) lib/rack/head.rb:15:in `call'
actionpack (8.1.3) lib/action_dispatch/http/content_security_policy.rb:38:in `call'
rack-session (2.1.2) lib/rack/session/abstract/id.rb:274:in `context'
rack-session (2.1.2) lib/rack/session/abstract/id.rb:268:in `call'
actionpack (8.1.3) lib/action_dispatch/middleware/cookies.rb:708:in `call'
activerecord (8.1.3) lib/active_record/migration.rb:671:in `call'
actionpack (8.1.3) lib/action_dispatch/middleware/callbacks.rb:31:in `block in call'
activesupport (8.1.3) lib/active_support/callbacks.rb:101:in `run_callbacks'
actionpack (8.1.3) lib/action_dispatch/middleware/callbacks.rb:30:in `call'
actionpack (8.1.3) lib/action_dispatch/middleware/executor.rb:20:in `call'
actionpack (8.1.3) lib/action_dispatch/middleware/actionable_exceptions.rb:18:in `call'
actionpack (8.1.3) lib/action_dispatch/middleware/debug_exceptions.rb:31:in `call'
web-console (4.3.0) lib/web_console/middleware.rb:132:in `call_app'
web-console (4.3.0) lib/web_console/middleware.rb:28:in `block in call'
web-console (4.3.0) lib/web_console/middleware.rb:17:in `catch'
web-console (4.3.0) lib/web_console/middleware.rb:17:in `call'
actionpack (8.1.3) lib/action_dispatch/middleware/show_exceptions.rb:32:in `call'
railties (8.1.3) lib/rails/rack/logger.rb:41:in `call_app'
railties (8.1.3) lib/rails/rack/logger.rb:29:in `call'
propshaft (1.3.2) lib/propshaft/quiet_assets.rb:11:in `call'
actionpack (8.1.3) lib/action_dispatch/middleware/remote_ip.rb:98:in `call'
actionpack (8.1.3) lib/action_dispatch/middleware/request_id.rb:34:in `call'
rack (3.2.6) lib/rack/method_override.rb:28:in `call'
rack (3.2.6) lib/rack/runtime.rb:24:in `call'
activesupport (8.1.3) lib/active_support/cache/strategy/local_cache_middleware.rb:30:in `call'
actionpack (8.1.3) lib/action_dispatch/middleware/server_timing.rb:61:in `block in call'
actionpack (8.1.3) lib/action_dispatch/middleware/server_timing.rb:26:in `collect_events'
actionpack (8.1.3) lib/action_dispatch/middleware/server_timing.rb:60:in `call'
actionpack (8.1.3) lib/action_dispatch/middleware/executor.rb:20:in `call'
propshaft (1.3.2) lib/propshaft/server.rb:37:in `call'
actionpack (8.1.3) lib/action_dispatch/middleware/static.rb:27:in `call'
rack (3.2.6) lib/rack/sendfile.rb:131:in `call'
actionpack (8.1.3) lib/action_dispatch/middleware/host_authorization.rb:143:in `call'
railties (8.1.3) lib/rails/engine.rb:534:in `call'
puma (8.0.1) lib/puma/configuration.rb:305:in `call'
puma (8.0.1) lib/puma/response.rb:79:in `block in handle_request'
puma (8.0.1) lib/puma/thread_pool.rb:434:in `with_force_shutdown'
puma (8.0.1) lib/puma/response.rb:78:in `handle_request'
puma (8.0.1) lib/puma/server.rb:508:in `process_client'
puma (8.0.1) lib/puma/server.rb:263:in `block in run'
puma (8.0.1) lib/puma/thread_pool.rb:246:in `block in spawn_thread'
  [1m[36mMovie Load (0.3ms)[0m  [1m[34mSELECT "movies".* FROM "movies" /*action='index',application='StremioYoutubeManager',controller='movies'*/[0m
  ↳ app/controllers/api/v1/movies_controller.rb:7:in `index'
Completed 200 OK in 13ms (Views: 4.4ms | ActiveRecord: 0.3ms (1 query, 0 cached) | GC: 0.0ms)


Started GET "/api/v1//tv" for ::1 at 2026-05-19 12:06:09 +0530
  
ActionController::RoutingError (No route matches [GET] "/api/v1/tv"):
  
Started GET "/api/v1/movies/tt0807758" for ::1 at 2026-05-19 12:06:14 +0530
Processing by Api::V1::MoviesController#show as */*
  Parameters: {"id"=>"tt0807758"}
  [1m[36mMovie Load (0.2ms)[0m  [1m[34mSELECT "movies".* FROM "movies" WHERE "movies"."imdb_id" = 'tt0807758' LIMIT 1 /*action='show',application='StremioYoutubeManager',controller='movies'*/[0m
  ↳ app/controllers/api/v1/movies_controller.rb:11:in `show'
Completed 200 OK in 3ms (Views: 0.4ms | ActiveRecord: 0.2ms (1 query, 0 cached) | GC: 0.0ms)


Started GET "/api/v1/movies" for ::1 at 2026-05-19 12:06:18 +0530
Processing by Api::V1::MoviesController#index as */*
  [1m[36mMovie Load (0.3ms)[0m  [1m[34mSELECT "movies".* FROM "movies" /*action='index',application='StremioYoutubeManager',controller='movies'*/[0m
  ↳ app/controllers/api/v1/movies_controller.rb:7:in `index'
Completed 200 OK in 12ms (Views: 10.7ms | ActiveRecord: 0.2ms (1 query, 0 cached) | GC: 6.7ms)


Started GET "/api/v1/movies/tt2168910" for ::1 at 2026-05-19 12:06:45 +0530
Processing by Api::V1::MoviesController#show as */*
  Parameters: {"id"=>"tt2168910"}
  [1m[36mMovie Load (0.2ms)[0m  [1m[34mSELECT "movies".* FROM "movies" WHERE "movies"."imdb_id" = 'tt2168910' LIMIT 1 /*action='show',application='StremioYoutubeManager',controller='movies'*/[0m
  ↳ app/controllers/api/v1/movies_controller.rb:11:in `show'
Completed 200 OK in 2ms (Views: 0.3ms | ActiveRecord: 0.2ms (1 query, 0 cached) | GC: 0.0ms)


Started GET "/api/v1/movies/tt1694542" for ::1 at 2026-05-19 12:06:48 +0530
Processing by Api::V1::MoviesController#show as */*
  Parameters: {"id"=>"tt1694542"}
  [1m[36mMovie Load (0.2ms)[0m  [1m[34mSELECT "movies".* FROM "movies" WHERE "movies"."imdb_id" = 'tt1694542' LIMIT 1 /*action='show',application='StremioYoutubeManager',controller='movies'*/[0m
  ↳ app/controllers/api/v1/movies_controller.rb:11:in `show'
Completed 200 OK in 2ms (Views: 0.3ms | ActiveRecord: 0.2ms (1 query, 0 cached) | GC: 0.0ms)


Started GET "/api/v1/movies/tt0297241" for ::1 at 2026-05-19 12:06:55 +0530
Processing by Api::V1::MoviesController#show as */*
  Parameters: {"id"=>"tt0297241"}
  [1m[36mMovie Load (0.2ms)[0m  [1m[34mSELECT "movies".* FROM "movies" WHERE "movies"."imdb_id" = 'tt0297241' LIMIT 1 /*action='show',application='StremioYoutubeManager',controller='movies'*/[0m
  ↳ app/controllers/api/v1/movies_controller.rb:11:in `show'
Completed 200 OK in 3ms (Views: 0.3ms | ActiveRecord: 0.2ms (1 query, 0 cached) | GC: 0.0ms)


Started GET "/api/v1/movies/tt0330217" for ::1 at 2026-05-19 12:07:04 +0530
Processing by Api::V1::MoviesController#show as */*
  Parameters: {"id"=>"tt0330217"}
  [1m[36mMovie Load (0.2ms)[0m  [1m[34mSELECT "movies".* FROM "movies" WHERE "movies"."imdb_id" = 'tt0330217' LIMIT 1 /*action='show',application='StremioYoutubeManager',controller='movies'*/[0m
  ↳ app/controllers/api/v1/movies_controller.rb:11:in `show'
Completed 200 OK in 3ms (Views: 0.4ms | ActiveRecord: 0.2ms (1 query, 0 cached) | GC: 0.0ms)


Started GET "/favicon.ico" for 127.0.0.1 at 2026-05-19 12:07:43 +0530
  
ActionController::RoutingError (No route matches [GET] "/favicon.ico"):
  
Started GET "/" for 127.0.0.1 at 2026-05-19 12:07:46 +0530
Processing by MoviesController#index as HTML
  Rendering layout layouts/application.html.erb
  Rendering movies/index.html.erb within layouts/application
  [1m[36mMovie Load (0.2ms)[0m  [1m[34mSELECT "movies".* FROM "movies" /*action='index',application='StremioYoutubeManager',controller='movies'*/[0m
  ↳ app/views/movies/index.html.erb:9
  Rendered movies/index.html.erb within layouts/application (Duration: 9.7ms | GC: 0.6ms)
  Rendered layout layouts/application.html.erb (Duration: 17.3ms | GC: 1.0ms)
Completed 200 OK in 23ms (Views: 19.3ms | ActiveRecord: 0.2ms (1 query, 0 cached) | GC: 2.3ms)


Started GET "/series" for 127.0.0.1 at 2026-05-19 12:07:52 +0530
  
ActionController::RoutingError (No route matches [GET] "/series"):
  
Started GET "/series/" for 127.0.0.1 at 2026-05-19 12:07:55 +0530
  
ActionController::RoutingError (No route matches [GET] "/series"):
  
Started GET "/shows/" for 127.0.0.1 at 2026-05-19 12:07:58 +0530
Processing by ShowsController#index as HTML
Completed 500 Internal Server Error in 12ms (ActiveRecord: 0.0ms (0 queries, 0 cached) | GC: 0.0ms)


  
Zeitwerk::NameError (expected file /home/shaswat/repo/github/stremio-youtube-addon/stremio-youtube-manager/app/models/show.rb to define constant Show, but didn't):
  
app/controllers/shows_controller.rb:6:in `index'
Started PUT "/__web_console/repl_sessions/b88ee1f96b9ec84fab79d723b57c1931" for 127.0.0.1 at 2026-05-19 12:08:07 +0530
Started PUT "/__web_console/repl_sessions/b88ee1f96b9ec84fab79d723b57c1931" for 127.0.0.1 at 2026-05-19 12:08:12 +0530
Started PUT "/__web_console/repl_sessions/b88ee1f96b9ec84fab79d723b57c1931" for 127.0.0.1 at 2026-05-19 12:08:15 +0530
Started PUT "/__web_console/repl_sessions/b88ee1f96b9ec84fab79d723b57c1931" for 127.0.0.1 at 2026-05-19 12:08:18 +0530
Started GET "/shows/" for 127.0.0.1 at 2026-05-19 12:09:30 +0530
Processing by ShowsController#index as HTML
  Rendering layout layouts/application.html.erb
  Rendering shows/index.html.erb within layouts/application
  [1m[36mShow Load (0.9ms)[0m  [1m[34mSELECT "shows".* FROM "shows" /*action='index',application='StremioYoutubeManager',controller='shows'*/[0m
  ↳ app/views/shows/index.html.erb:9
  Rendered shows/index.html.erb within layouts/application (Duration: 4.3ms | GC: 0.7ms)
  Rendered layout layouts/application.html.erb (Duration: 5.6ms | GC: 0.7ms)
Completed 200 OK in 13ms (Views: 6.0ms | ActiveRecord: 0.9ms (1 query, 0 cached) | GC: 1.4ms)


Started GET "/shows/" for 127.0.0.1 at 2026-05-19 12:20:31 +0530
Processing by ShowsController#index as HTML
  Rendering layout layouts/application.html.erb
  Rendering shows/index.html.erb within layouts/application
  [1m[36mShow Load (1.3ms)[0m  [1m[34mSELECT "shows".* FROM "shows" /*action='index',application='StremioYoutubeManager',controller='shows'*/[0m
  ↳ app/views/shows/index.html.erb:9
  Rendered shows/index.html.erb within layouts/application (Duration: 5.1ms | GC: 0.0ms)
  Rendered layout layouts/application.html.erb (Duration: 8.1ms | GC: 0.0ms)
Completed 500 Internal Server Error in 16ms (ActiveRecord: 1.3ms (1 query, 0 cached) | GC: 0.0ms)


  
ActionView::Template::Error (Missing partial shared/_header with {:locale=>[:en], :formats=>[:html], :variants=>[], :handlers=>[:raw, :erb, :html, :builder, :ruby, :jbuilder]}.

Searched in:
  * "/home/shaswat/repo/github/stremio-youtube-addon/stremio-youtube-manager/app/views"
  * "/home/shaswat/repo/github/stremio-youtube-addon/.gems/ruby/3.3.0/gems/turbo-rails-2.0.23/app/views"
  * "/home/shaswat/repo/github/stremio-youtube-addon/.gems/ruby/3.3.0/gems/actiontext-8.1.3/app/views"
  * "/home/shaswat/repo/github/stremio-youtube-addon/.gems/ruby/3.3.0/gems/actionmailbox-8.1.3/app/views"
)
Caused by: ActionView::MissingTemplate (Missing partial shared/_header with {:locale=>[:en], :formats=>[:html], :variants=>[], :handlers=>[:raw, :erb, :html, :builder, :ruby, :jbuilder]}.

Searched in:
  * "/home/shaswat/repo/github/stremio-youtube-addon/stremio-youtube-manager/app/views"
  * "/home/shaswat/repo/github/stremio-youtube-addon/.gems/ruby/3.3.0/gems/turbo-rails-2.0.23/app/views"
  * "/home/shaswat/repo/github/stremio-youtube-addon/.gems/ruby/3.3.0/gems/actiontext-8.1.3/app/views"
  * "/home/shaswat/repo/github/stremio-youtube-addon/.gems/ruby/3.3.0/gems/actionmailbox-8.1.3/app/views"
)

Information for: ActionView::Template::Error (Missing partial shared/_header with {:locale=>[:en], :formats=>[:html], :variants=>[], :handlers=>[:raw, :erb, :html, :builder, :ruby, :jbuilder]}.

Searched in:
  * "/home/shaswat/repo/github/stremio-youtube-addon/stremio-youtube-manager/app/views"
  * "/home/shaswat/repo/github/stremio-youtube-addon/.gems/ruby/3.3.0/gems/turbo-rails-2.0.23/app/views"
  * "/home/shaswat/repo/github/stremio-youtube-addon/.gems/ruby/3.3.0/gems/actiontext-8.1.3/app/views"
  * "/home/shaswat/repo/github/stremio-youtube-addon/.gems/ruby/3.3.0/gems/actionmailbox-8.1.3/app/views"
):
    40:   </head>
    41:   <body>
    42:     <%= render "shared/header" %>
    43:     <main class="main-content">
    44:       <% if notice.present? %>
    45:         <p class="notice"><%= notice %></p>
    46:       <% end %>
  
app/views/layouts/application.html.erb:43

Information for cause: ActionView::MissingTemplate (Missing partial shared/_header with {:locale=>[:en], :formats=>[:html], :variants=>[], :handlers=>[:raw, :erb, :html, :builder, :ruby, :jbuilder]}.

Searched in:
  * "/home/shaswat/repo/github/stremio-youtube-addon/stremio-youtube-manager/app/views"
  * "/home/shaswat/repo/github/stremio-youtube-addon/.gems/ruby/3.3.0/gems/turbo-rails-2.0.23/app/views"
  * "/home/shaswat/repo/github/stremio-youtube-addon/.gems/ruby/3.3.0/gems/actiontext-8.1.3/app/views"
  * "/home/shaswat/repo/github/stremio-youtube-addon/.gems/ruby/3.3.0/gems/actionmailbox-8.1.3/app/views"
):
  
app/views/layouts/application.html.erb:43
Started GET "/" for 127.0.0.1 at 2026-05-19 12:20:34 +0530
Processing by HomeController#index as HTML
  Rendering layout layouts/application.html.erb
  Rendering home/index.html.erb within layouts/application
  [1m[36mMovie Count (0.3ms)[0m  [1m[34mSELECT COUNT(*) FROM "movies" /*action='index',application='StremioYoutubeManager',controller='home'*/[0m
  ↳ app/views/home/index.html.erb:159
  [1m[36mShow Count (0.2ms)[0m  [1m[34mSELECT COUNT(*) FROM "shows" /*action='index',application='StremioYoutubeManager',controller='home'*/[0m
  ↳ app/views/home/index.html.erb:163
  [1m[36mCACHE Movie Count (0.0ms)[0m  [1m[34mSELECT COUNT(*) FROM "movies"[0m
  ↳ app/views/home/index.html.erb:167
  [1m[36mCACHE Show Count (0.1ms)[0m  [1m[34mSELECT COUNT(*) FROM "shows"[0m
  ↳ app/views/home/index.html.erb:167
  [1m[36mMovie Exists? (0.3ms)[0m  [1m[34mSELECT 1 AS one FROM "movies" LIMIT 1 /*action='index',application='StremioYoutubeManager',controller='home'*/[0m
  ↳ app/views/home/index.html.erb:178
  [1m[36mMovie Load (0.3ms)[0m  [1m[34mSELECT "movies".* FROM "movies" /*action='index',application='StremioYoutubeManager',controller='home'*/[0m
  ↳ app/views/home/index.html.erb:180
  [1m[36mShow Exists? (0.0ms)[0m  [1m[34mSELECT 1 AS one FROM "shows" LIMIT 1 /*action='index',application='StremioYoutubeManager',controller='home'*/[0m
  ↳ app/views/home/index.html.erb:211
  Rendered home/index.html.erb within layouts/application (Duration: 40.3ms | GC: 10.4ms)
  Rendered layout layouts/application.html.erb (Duration: 43.2ms | GC: 11.2ms)
Completed 500 Internal Server Error in 50ms (ActiveRecord: 2.5ms (7 queries, 2 cached) | GC: 11.2ms)


  
ActionView::Template::Error (Missing partial shared/_header with {:locale=>[:en], :formats=>[:html], :variants=>[], :handlers=>[:raw, :erb, :html, :builder, :ruby, :jbuilder]}.

Searched in:
  * "/home/shaswat/repo/github/stremio-youtube-addon/stremio-youtube-manager/app/views"
  * "/home/shaswat/repo/github/stremio-youtube-addon/.gems/ruby/3.3.0/gems/turbo-rails-2.0.23/app/views"
  * "/home/shaswat/repo/github/stremio-youtube-addon/.gems/ruby/3.3.0/gems/actiontext-8.1.3/app/views"
  * "/home/shaswat/repo/github/stremio-youtube-addon/.gems/ruby/3.3.0/gems/actionmailbox-8.1.3/app/views"
)
Caused by: ActionView::MissingTemplate (Missing partial shared/_header with {:locale=>[:en], :formats=>[:html], :variants=>[], :handlers=>[:raw, :erb, :html, :builder, :ruby, :jbuilder]}.

Searched in:
  * "/home/shaswat/repo/github/stremio-youtube-addon/stremio-youtube-manager/app/views"
  * "/home/shaswat/repo/github/stremio-youtube-addon/.gems/ruby/3.3.0/gems/turbo-rails-2.0.23/app/views"
  * "/home/shaswat/repo/github/stremio-youtube-addon/.gems/ruby/3.3.0/gems/actiontext-8.1.3/app/views"
  * "/home/shaswat/repo/github/stremio-youtube-addon/.gems/ruby/3.3.0/gems/actionmailbox-8.1.3/app/views"
)

Information for: ActionView::Template::Error (Missing partial shared/_header with {:locale=>[:en], :formats=>[:html], :variants=>[], :handlers=>[:raw, :erb, :html, :builder, :ruby, :jbuilder]}.

Searched in:
  * "/home/shaswat/repo/github/stremio-youtube-addon/stremio-youtube-manager/app/views"
  * "/home/shaswat/repo/github/stremio-youtube-addon/.gems/ruby/3.3.0/gems/turbo-rails-2.0.23/app/views"
  * "/home/shaswat/repo/github/stremio-youtube-addon/.gems/ruby/3.3.0/gems/actiontext-8.1.3/app/views"
  * "/home/shaswat/repo/github/stremio-youtube-addon/.gems/ruby/3.3.0/gems/actionmailbox-8.1.3/app/views"
):
    40:   </head>
    41:   <body>
    42:     <%= render "shared/header" %>
    43:     <main class="main-content">
    44:       <% if notice.present? %>
    45:         <p class="notice"><%= notice %></p>
    46:       <% end %>
  
app/views/layouts/application.html.erb:43

Information for cause: ActionView::MissingTemplate (Missing partial shared/_header with {:locale=>[:en], :formats=>[:html], :variants=>[], :handlers=>[:raw, :erb, :html, :builder, :ruby, :jbuilder]}.

Searched in:
  * "/home/shaswat/repo/github/stremio-youtube-addon/stremio-youtube-manager/app/views"
  * "/home/shaswat/repo/github/stremio-youtube-addon/.gems/ruby/3.3.0/gems/turbo-rails-2.0.23/app/views"
  * "/home/shaswat/repo/github/stremio-youtube-addon/.gems/ruby/3.3.0/gems/actiontext-8.1.3/app/views"
  * "/home/shaswat/repo/github/stremio-youtube-addon/.gems/ruby/3.3.0/gems/actionmailbox-8.1.3/app/views"
):
  
app/views/layouts/application.html.erb:43
Started GET "/" for 127.0.0.1 at 2026-05-19 12:21:02 +0530
Processing by HomeController#index as HTML
  Rendering layout layouts/application.html.erb
  Rendering home/index.html.erb within layouts/application
  [1m[36mMovie Count (0.9ms)[0m  [1m[34mSELECT COUNT(*) FROM "movies" /*action='index',application='StremioYoutubeManager',controller='home'*/[0m
  ↳ app/views/home/index.html.erb:159
  [1m[36mShow Count (0.1ms)[0m  [1m[34mSELECT COUNT(*) FROM "shows" /*action='index',application='StremioYoutubeManager',controller='home'*/[0m
  ↳ app/views/home/index.html.erb:163
  [1m[36mCACHE Movie Count (0.0ms)[0m  [1m[34mSELECT COUNT(*) FROM "movies"[0m
  ↳ app/views/home/index.html.erb:167
  [1m[36mCACHE Show Count (0.0ms)[0m  [1m[34mSELECT COUNT(*) FROM "shows"[0m
  ↳ app/views/home/index.html.erb:167
  [1m[36mMovie Exists? (0.1ms)[0m  [1m[34mSELECT 1 AS one FROM "movies" LIMIT 1 /*action='index',application='StremioYoutubeManager',controller='home'*/[0m
  ↳ app/views/home/index.html.erb:178
  [1m[36mMovie Load (0.2ms)[0m  [1m[34mSELECT "movies".* FROM "movies" /*action='index',application='StremioYoutubeManager',controller='home'*/[0m
  ↳ app/views/home/index.html.erb:180
  [1m[36mShow Exists? (0.0ms)[0m  [1m[34mSELECT 1 AS one FROM "shows" LIMIT 1 /*action='index',application='StremioYoutubeManager',controller='home'*/[0m
  ↳ app/views/home/index.html.erb:211
  Rendered home/index.html.erb within layouts/application (Duration: 17.7ms | GC: 0.4ms)
  Rendered shared/_header.html.erb (Duration: 0.6ms | GC: 0.0ms)
  Rendered layout layouts/application.html.erb (Duration: 20.5ms | GC: 0.4ms)
Completed 200 OK in 27ms (Views: 19.8ms | ActiveRecord: 2.4ms (7 queries, 2 cached) | GC: 0.4ms)


Started GET "/movies" for 127.0.0.1 at 2026-05-19 12:21:08 +0530
Processing by MoviesController#index as HTML
  Rendering layout layouts/application.html.erb
  Rendering movies/index.html.erb within layouts/application
  [1m[36mMovie Load (0.3ms)[0m  [1m[34mSELECT "movies".* FROM "movies" /*action='index',application='StremioYoutubeManager',controller='movies'*/[0m
  ↳ app/views/movies/index.html.erb:9
  Rendered movies/index.html.erb within layouts/application (Duration: 5.4ms | GC: 1.1ms)
  Rendered shared/_header.html.erb (Duration: 0.2ms | GC: 0.0ms)
  Rendered layout layouts/application.html.erb (Duration: 6.7ms | GC: 1.1ms)
Completed 200 OK in 9ms (Views: 7.3ms | ActiveRecord: 0.3ms (1 query, 0 cached) | GC: 1.2ms)


Started GET "/" for 127.0.0.1 at 2026-05-19 12:21:13 +0530
Processing by HomeController#index as HTML
  Rendering layout layouts/application.html.erb
  Rendering home/index.html.erb within layouts/application
  [1m[36mMovie Count (0.1ms)[0m  [1m[34mSELECT COUNT(*) FROM "movies" /*action='index',application='StremioYoutubeManager',controller='home'*/[0m
  ↳ app/views/home/index.html.erb:159
  [1m[36mShow Count (0.1ms)[0m  [1m[34mSELECT COUNT(*) FROM "shows" /*action='index',application='StremioYoutubeManager',controller='home'*/[0m
  ↳ app/views/home/index.html.erb:163
  [1m[36mCACHE Movie Count (0.0ms)[0m  [1m[34mSELECT COUNT(*) FROM "movies"[0m
  ↳ app/views/home/index.html.erb:167
  [1m[36mCACHE Show Count (0.0ms)[0m  [1m[34mSELECT COUNT(*) FROM "shows"[0m
  ↳ app/views/home/index.html.erb:167
  [1m[36mMovie Exists? (0.2ms)[0m  [1m[34mSELECT 1 AS one FROM "movies" LIMIT 1 /*action='index',application='StremioYoutubeManager',controller='home'*/[0m
  ↳ app/views/home/index.html.erb:178
  [1m[36mMovie Load (0.3ms)[0m  [1m[34mSELECT "movies".* FROM "movies" /*action='index',application='StremioYoutubeManager',controller='home'*/[0m
  ↳ app/views/home/index.html.erb:180
  [1m[36mShow Exists? (0.2ms)[0m  [1m[34mSELECT 1 AS one FROM "shows" LIMIT 1 /*action='index',application='StremioYoutubeManager',controller='home'*/[0m
  ↳ app/views/home/index.html.erb:211
  Rendered home/index.html.erb within layouts/application (Duration: 9.6ms | GC: 0.0ms)
  Rendered shared/_header.html.erb (Duration: 0.2ms | GC: 0.0ms)
  Rendered layout layouts/application.html.erb (Duration: 11.3ms | GC: 0.0ms)
Completed 200 OK in 13ms (Views: 11.0ms | ActiveRecord: 0.9ms (7 queries, 2 cached) | GC: 0.0ms)


Started GET "/movies/11" for 127.0.0.1 at 2026-05-19 12:21:20 +0530
Processing by MoviesController#show as HTML
  Parameters: {"id"=>"11"}
  [1m[36mMovie Load (0.2ms)[0m  [1m[34mSELECT "movies".* FROM "movies" WHERE "movies"."id" = 11 LIMIT 1 /*action='show',application='StremioYoutubeManager',controller='movies'*/[0m
  ↳ app/controllers/movies_controller.rb:63:in `set_movie'
  Rendering layout layouts/application.html.erb
  Rendering movies/show.html.erb within layouts/application
  Rendered movies/show.html.erb within layouts/application (Duration: 1.9ms | GC: 0.0ms)
  Rendered shared/_header.html.erb (Duration: 0.2ms | GC: 0.0ms)
  Rendered layout layouts/application.html.erb (Duration: 3.4ms | GC: 0.0ms)
Completed 200 OK in 7ms (Views: 4.0ms | ActiveRecord: 0.2ms (1 query, 0 cached) | GC: 0.0ms)


Started GET "/movies/11/edit" for 127.0.0.1 at 2026-05-19 12:21:24 +0530
Processing by MoviesController#edit as HTML
  Parameters: {"id"=>"11"}
  [1m[36mMovie Load (0.3ms)[0m  [1m[34mSELECT "movies".* FROM "movies" WHERE "movies"."id" = 11 LIMIT 1 /*action='edit',application='StremioYoutubeManager',controller='movies'*/[0m
  ↳ app/controllers/movies_controller.rb:63:in `set_movie'
  Rendering layout layouts/application.html.erb
  Rendering movies/edit.html.erb within layouts/application
  Rendered movies/_form.html.erb (Duration: 8.3ms | GC: 0.0ms)
  Rendered movies/edit.html.erb within layouts/application (Duration: 10.3ms | GC: 0.0ms)
  Rendered shared/_header.html.erb (Duration: 0.3ms | GC: 0.0ms)
  Rendered layout layouts/application.html.erb (Duration: 12.4ms | GC: 0.0ms)
Completed 200 OK in 17ms (Views: 13.4ms | ActiveRecord: 0.3ms (1 query, 0 cached) | GC: 0.0ms)


Started PATCH "/movies/11" for 127.0.0.1 at 2026-05-19 12:21:27 +0530
Processing by MoviesController#update as HTML
  Parameters: {"authenticity_token"=>"[FILTERED]", "movie"=>{"title"=>"Mann", "imdb_id"=>"tt0206921", "youtube_link"=>"https://www.youtube.com/watch?v=j8w7DzNgShg", "is_embeddable"=>"0"}, "commit"=>"Update Movie", "id"=>"11"}
  [1m[36mMovie Load (0.3ms)[0m  [1m[34mSELECT "movies".* FROM "movies" WHERE "movies"."id" = 11 LIMIT 1 /*action='update',application='StremioYoutubeManager',controller='movies'*/[0m
  ↳ app/controllers/movies_controller.rb:63:in `set_movie'
  [1m[36mTRANSACTION (0.1ms)[0m  [1m[35mBEGIN immediate TRANSACTION /*action='update',application='StremioYoutubeManager',controller='movies'*/[0m
  ↳ app/controllers/movies_controller.rb:40:in `block in update'
  [1m[36mMovie Update (1.3ms)[0m  [1m[33mUPDATE "movies" SET "is_embeddable" = FALSE, "updated_at" = '2026-05-19 06:51:27.151558' WHERE "movies"."id" = 11 /*action='update',application='StremioYoutubeManager',controller='movies'*/[0m
  ↳ app/controllers/movies_controller.rb:40:in `block in update'
  [1m[36mTRANSACTION (3.9ms)[0m  [1m[35mCOMMIT TRANSACTION /*action='update',application='StremioYoutubeManager',controller='movies'*/[0m
  ↳ app/controllers/movies_controller.rb:40:in `block in update'
Redirected to http://localhost:3000/movies/11
↳ app/controllers/movies_controller.rb:41:in `block (2 levels) in update'
Completed 303 See Other in 24ms (ActiveRecord: 5.6ms (2 queries, 0 cached) | GC: 7.6ms)


Started GET "/movies/11" for 127.0.0.1 at 2026-05-19 12:21:27 +0530
Processing by MoviesController#show as HTML
  Parameters: {"id"=>"11"}
  [1m[36mMovie Load (0.2ms)[0m  [1m[34mSELECT "movies".* FROM "movies" WHERE "movies"."id" = 11 LIMIT 1 /*action='show',application='StremioYoutubeManager',controller='movies'*/[0m
  ↳ app/controllers/movies_controller.rb:63:in `set_movie'
  Rendering layout layouts/application.html.erb
  Rendering movies/show.html.erb within layouts/application
  Rendered movies/show.html.erb within layouts/application (Duration: 1.6ms | GC: 0.0ms)
  Rendered shared/_header.html.erb (Duration: 0.3ms | GC: 0.0ms)
  Rendered layout layouts/application.html.erb (Duration: 3.4ms | GC: 0.0ms)
Completed 200 OK in 7ms (Views: 4.1ms | ActiveRecord: 0.2ms (1 query, 0 cached) | GC: 0.0ms)


Started GET "/" for 127.0.0.1 at 2026-05-19 12:21:29 +0530
Processing by HomeController#index as HTML
  Rendering layout layouts/application.html.erb
  Rendering home/index.html.erb within layouts/application
  [1m[36mMovie Count (0.2ms)[0m  [1m[34mSELECT COUNT(*) FROM "movies" /*action='index',application='StremioYoutubeManager',controller='home'*/[0m
  ↳ app/views/home/index.html.erb:159
  [1m[36mShow Count (0.2ms)[0m  [1m[34mSELECT COUNT(*) FROM "shows" /*action='index',application='StremioYoutubeManager',controller='home'*/[0m
  ↳ app/views/home/index.html.erb:163
  [1m[36mCACHE Movie Count (0.0ms)[0m  [1m[34mSELECT COUNT(*) FROM "movies"[0m
  ↳ app/views/home/index.html.erb:167
  [1m[36mCACHE Show Count (0.0ms)[0m  [1m[34mSELECT COUNT(*) FROM "shows"[0m
  ↳ app/views/home/index.html.erb:167
  [1m[36mMovie Exists? (0.2ms)[0m  [1m[34mSELECT 1 AS one FROM "movies" LIMIT 1 /*action='index',application='StremioYoutubeManager',controller='home'*/[0m
  ↳ app/views/home/index.html.erb:178
  [1m[36mMovie Load (0.2ms)[0m  [1m[34mSELECT "movies".* FROM "movies" /*action='index',application='StremioYoutubeManager',controller='home'*/[0m
  ↳ app/views/home/index.html.erb:180
  [1m[36mShow Exists? (0.2ms)[0m  [1m[34mSELECT 1 AS one FROM "shows" LIMIT 1 /*action='index',application='StremioYoutubeManager',controller='home'*/[0m
  ↳ app/views/home/index.html.erb:211
  Rendered home/index.html.erb within layouts/application (Duration: 12.1ms | GC: 0.6ms)
  Rendered shared/_header.html.erb (Duration: 0.2ms | GC: 0.0ms)
  Rendered layout layouts/application.html.erb (Duration: 15.0ms | GC: 1.1ms)
Completed 200 OK in 17ms (Views: 14.6ms | ActiveRecord: 1.0ms (7 queries, 2 cached) | GC: 1.1ms)


Started GET "/shows/new" for 127.0.0.1 at 2026-05-19 12:21:37 +0530
Processing by ShowsController#new as HTML
  Rendering layout layouts/application.html.erb
  Rendering shows/new.html.erb within layouts/application
  Rendered shows/_form.html.erb (Duration: 6.2ms | GC: 0.5ms)
  Rendered shows/new.html.erb within layouts/application (Duration: 8.0ms | GC: 0.5ms)
  Rendered shared/_header.html.erb (Duration: 0.2ms | GC: 0.0ms)
  Rendered layout layouts/application.html.erb (Duration: 9.6ms | GC: 0.5ms)
Completed 200 OK in 19ms (Views: 10.8ms | ActiveRecord: 0.4ms (0 queries, 0 cached) | GC: 0.5ms)


Started GET "/shows" for 127.0.0.1 at 2026-05-19 12:21:41 +0530
Processing by ShowsController#index as HTML
  Rendering layout layouts/application.html.erb
  Rendering shows/index.html.erb within layouts/application
  [1m[36mShow Load (0.4ms)[0m  [1m[34mSELECT "shows".* FROM "shows" /*action='index',application='StremioYoutubeManager',controller='shows'*/[0m
  ↳ app/views/shows/index.html.erb:9
  Rendered shows/index.html.erb within layouts/application (Duration: 5.4ms | GC: 0.5ms)
  Rendered shared/_header.html.erb (Duration: 0.4ms | GC: 0.0ms)
  Rendered layout layouts/application.html.erb (Duration: 7.7ms | GC: 0.5ms)
Completed 200 OK in 12ms (Views: 8.7ms | ActiveRecord: 0.3ms (1 query, 0 cached) | GC: 0.5ms)


Started GET "/" for 127.0.0.1 at 2026-05-19 12:21:43 +0530
Processing by HomeController#index as HTML
  Rendering layout layouts/application.html.erb
  Rendering home/index.html.erb within layouts/application
  [1m[36mMovie Count (0.2ms)[0m  [1m[34mSELECT COUNT(*) FROM "movies" /*action='index',application='StremioYoutubeManager',controller='home'*/[0m
  ↳ app/views/home/index.html.erb:159
  [1m[36mShow Count (0.2ms)[0m  [1m[34mSELECT COUNT(*) FROM "shows" /*action='index',application='StremioYoutubeManager',controller='home'*/[0m
  ↳ app/views/home/index.html.erb:163
  [1m[36mCACHE Movie Count (0.0ms)[0m  [1m[34mSELECT COUNT(*) FROM "movies"[0m
  ↳ app/views/home/index.html.erb:167
  [1m[36mCACHE Show Count (0.0ms)[0m  [1m[34mSELECT COUNT(*) FROM "shows"[0m
  ↳ app/views/home/index.html.erb:167
  [1m[36mMovie Exists? (0.3ms)[0m  [1m[34mSELECT 1 AS one FROM "movies" LIMIT 1 /*action='index',application='StremioYoutubeManager',controller='home'*/[0m
  ↳ app/views/home/index.html.erb:178
  [1m[36mMovie Load (0.2ms)[0m  [1m[34mSELECT "movies".* FROM "movies" /*action='index',application='StremioYoutubeManager',controller='home'*/[0m
  ↳ app/views/home/index.html.erb:180
  [1m[36mShow Exists? (0.1ms)[0m  [1m[34mSELECT 1 AS one FROM "shows" LIMIT 1 /*action='index',application='StremioYoutubeManager',controller='home'*/[0m
  ↳ app/views/home/index.html.erb:211
  Rendered home/index.html.erb within layouts/application (Duration: 14.8ms | GC: 0.0ms)
  Rendered shared/_header.html.erb (Duration: 0.2ms | GC: 0.0ms)
  Rendered layout layouts/application.html.erb (Duration: 17.0ms | GC: 0.0ms)
Completed 200 OK in 19ms (Views: 16.7ms | ActiveRecord: 1.1ms (7 queries, 2 cached) | GC: 0.0ms)


Started GET "/movies" for 127.0.0.1 at 2026-05-19 12:21:47 +0530
Processing by MoviesController#index as HTML
  Rendering layout layouts/application.html.erb
  Rendering movies/index.html.erb within layouts/application
  [1m[36mMovie Load (0.2ms)[0m  [1m[34mSELECT "movies".* FROM "movies" /*action='index',application='StremioYoutubeManager',controller='movies'*/[0m
  ↳ app/views/movies/index.html.erb:9
  Rendered movies/index.html.erb within layouts/application (Duration: 3.3ms | GC: 0.0ms)
  Rendered shared/_header.html.erb (Duration: 0.2ms | GC: 0.0ms)
  Rendered layout layouts/application.html.erb (Duration: 4.7ms | GC: 0.0ms)
Completed 200 OK in 6ms (Views: 5.3ms | ActiveRecord: 0.2ms (1 query, 0 cached) | GC: 0.0ms)


Started GET "/" for 127.0.0.1 at 2026-05-19 12:21:51 +0530
Processing by HomeController#index as HTML
  Rendering layout layouts/application.html.erb
  Rendering home/index.html.erb within layouts/application
  [1m[36mMovie Count (0.3ms)[0m  [1m[34mSELECT COUNT(*) FROM "movies" /*action='index',application='StremioYoutubeManager',controller='home'*/[0m
  ↳ app/views/home/index.html.erb:159
  [1m[36mShow Count (0.2ms)[0m  [1m[34mSELECT COUNT(*) FROM "shows" /*action='index',application='StremioYoutubeManager',controller='home'*/[0m
  ↳ app/views/home/index.html.erb:163
  [1m[36mCACHE Movie Count (0.0ms)[0m  [1m[34mSELECT COUNT(*) FROM "movies"[0m
  ↳ app/views/home/index.html.erb:167
  [1m[36mCACHE Show Count (0.0ms)[0m  [1m[34mSELECT COUNT(*) FROM "shows"[0m
  ↳ app/views/home/index.html.erb:167
  [1m[36mMovie Exists? (0.3ms)[0m  [1m[34mSELECT 1 AS one FROM "movies" LIMIT 1 /*action='index',application='StremioYoutubeManager',controller='home'*/[0m
  ↳ app/views/home/index.html.erb:178
  [1m[36mMovie Load (0.4ms)[0m  [1m[34mSELECT "movies".* FROM "movies" /*action='index',application='StremioYoutubeManager',controller='home'*/[0m
  ↳ app/views/home/index.html.erb:180
  [1m[36mShow Exists? (0.2ms)[0m  [1m[34mSELECT 1 AS one FROM "shows" LIMIT 1 /*action='index',application='StremioYoutubeManager',controller='home'*/[0m
  ↳ app/views/home/index.html.erb:211
  Rendered home/index.html.erb within layouts/application (Duration: 16.1ms | GC: 0.0ms)
  Rendered shared/_header.html.erb (Duration: 0.4ms | GC: 0.0ms)
  Rendered layout layouts/application.html.erb (Duration: 19.6ms | GC: 0.0ms)
Completed 200 OK in 22ms (Views: 19.3ms | ActiveRecord: 1.3ms (7 queries, 2 cached) | GC: 0.0ms)


Started GET "/movies" for 127.0.0.1 at 2026-05-19 12:24:27 +0530
Processing by MoviesController#index as HTML
  Rendering layout layouts/application.html.erb
  Rendering movies/index.html.erb within layouts/application
  [1m[36mMovie Exists? (0.2ms)[0m  [1m[34mSELECT 1 AS one FROM "movies" LIMIT 1 /*action='index',application='StremioYoutubeManager',controller='movies'*/[0m
  ↳ app/views/movies/index.html.erb:166
  [1m[36mMovie Load (0.2ms)[0m  [1m[34mSELECT "movies".* FROM "movies" /*action='index',application='StremioYoutubeManager',controller='movies'*/[0m
  ↳ app/views/movies/index.html.erb:168
  Rendered movies/index.html.erb within layouts/application (Duration: 8.2ms | GC: 0.0ms)
  Rendered shared/_header.html.erb (Duration: 0.6ms | GC: 0.0ms)
  Rendered layout layouts/application.html.erb (Duration: 10.7ms | GC: 0.0ms)
Completed 200 OK in 15ms (Views: 10.9ms | ActiveRecord: 1.3ms (2 queries, 0 cached) | GC: 0.0ms)


Started GET "/movies/8" for 127.0.0.1 at 2026-05-19 12:24:37 +0530
Processing by MoviesController#show as HTML
  Parameters: {"id"=>"8"}
  [1m[36mMovie Load (0.3ms)[0m  [1m[34mSELECT "movies".* FROM "movies" WHERE "movies"."id" = 8 LIMIT 1 /*action='show',application='StremioYoutubeManager',controller='movies'*/[0m
  ↳ app/controllers/movies_controller.rb:63:in `set_movie'
  Rendering layout layouts/application.html.erb
  Rendering movies/show.html.erb within layouts/application
  Rendered movies/show.html.erb within layouts/application (Duration: 2.0ms | GC: 0.0ms)
  Rendered shared/_header.html.erb (Duration: 0.2ms | GC: 0.0ms)
  Rendered layout layouts/application.html.erb (Duration: 3.8ms | GC: 0.6ms)
Completed 200 OK in 8ms (Views: 4.5ms | ActiveRecord: 0.2ms (1 query, 0 cached) | GC: 0.6ms)


Started GET "/movies/8" for 127.0.0.1 at 2026-05-19 12:26:22 +0530
Processing by MoviesController#show as HTML
  Parameters: {"id"=>"8"}
  [1m[36mMovie Load (0.3ms)[0m  [1m[34mSELECT "movies".* FROM "movies" WHERE "movies"."id" = 8 LIMIT 1 /*action='show',application='StremioYoutubeManager',controller='movies'*/[0m
  ↳ app/controllers/movies_controller.rb:63:in `set_movie'
  Rendering layout layouts/application.html.erb
  Rendering movies/show.html.erb within layouts/application
  Rendered movies/show.html.erb within layouts/application (Duration: 2.0ms | GC: 0.0ms)
  Rendered shared/_header.html.erb (Duration: 0.4ms | GC: 0.0ms)
  Rendered layout layouts/application.html.erb (Duration: 4.6ms | GC: 0.4ms)
Completed 200 OK in 17ms (Views: 5.8ms | ActiveRecord: 2.1ms (1 query, 0 cached) | GC: 0.9ms)


Started GET "/movies/8" for 127.0.0.1 at 2026-05-19 12:26:48 +0530
Processing by MoviesController#show as HTML
  Parameters: {"id"=>"8"}
  [1m[36mMovie Load (0.1ms)[0m  [1m[34mSELECT "movies".* FROM "movies" WHERE "movies"."id" = 8 LIMIT 1 /*action='show',application='StremioYoutubeManager',controller='movies'*/[0m
  ↳ app/controllers/movies_controller.rb:63:in `set_movie'
  Rendering layout layouts/application.html.erb
  Rendering movies/show.html.erb within layouts/application
  Rendered movies/show.html.erb within layouts/application (Duration: 2.3ms | GC: 0.0ms)
  Rendered layout layouts/application.html.erb (Duration: 2.6ms | GC: 0.0ms)
Completed 500 Internal Server Error in 19ms (ActiveRecord: 1.1ms (1 query, 0 cached) | GC: 6.5ms)


  
ActionView::Template::Error (undefined method `fetch_poster_movie_path' for an instance of #<Class:0x00007fffce33b2d0>)
Caused by: NoMethodError (undefined method `fetch_poster_movie_path' for an instance of #<Class:0x00007fffce33b2d0>)

Information for: ActionView::Template::Error (undefined method `fetch_poster_movie_path' for an instance of #<Class:0x00007fffce33b2d0>):
    219:         <div class="movie-poster-placeholder">🎬</div>
    220:       <% end %>
    221:       <%= button_to "↻ Fetch Poster", fetch_poster_movie_path(@movie), method: :post, class: "fetch-btn" %>
    222:     </div>
    223: 
    224:     <%# Right: Info %>
    225:     <div class="movie-info">
  
app/views/movies/show.html.erb:222

Information for cause: NoMethodError (undefined method `fetch_poster_movie_path' for an instance of #<Class:0x00007fffce33b2d0>):
  
app/views/movies/show.html.erb:222
Started GET "/movies/8" for 127.0.0.1 at 2026-05-19 12:27:11 +0530
Processing by MoviesController#show as HTML
  Parameters: {"id"=>"8"}
  [1m[36mMovie Load (0.2ms)[0m  [1m[34mSELECT "movies".* FROM "movies" WHERE "movies"."id" = 8 LIMIT 1 /*action='show',application='StremioYoutubeManager',controller='movies'*/[0m
  ↳ app/controllers/movies_controller.rb:63:in `set_movie'
  Rendering layout layouts/application.html.erb
  Rendering movies/show.html.erb within layouts/application
  Rendered movies/show.html.erb within layouts/application (Duration: 2.6ms | GC: 0.0ms)
  Rendered shared/_header.html.erb (Duration: 0.5ms | GC: 0.0ms)
  Rendered layout layouts/application.html.erb (Duration: 4.7ms | GC: 0.0ms)
Completed 200 OK in 18ms (Views: 6.8ms | ActiveRecord: 1.6ms (1 query, 0 cached) | GC: 0.4ms)


Started GET "/" for 127.0.0.1 at 2026-05-19 12:27:21 +0530
Processing by HomeController#index as HTML
  Rendering layout layouts/application.html.erb
  Rendering home/index.html.erb within layouts/application
  [1m[36mMovie Count (0.2ms)[0m  [1m[34mSELECT COUNT(*) FROM "movies" /*action='index',application='StremioYoutubeManager',controller='home'*/[0m
  ↳ app/views/home/index.html.erb:159
  [1m[36mShow Count (0.2ms)[0m  [1m[34mSELECT COUNT(*) FROM "shows" /*action='index',application='StremioYoutubeManager',controller='home'*/[0m
  ↳ app/views/home/index.html.erb:163
  [1m[36mCACHE Movie Count (0.0ms)[0m  [1m[34mSELECT COUNT(*) FROM "movies"[0m
  ↳ app/views/home/index.html.erb:167
  [1m[36mCACHE Show Count (0.0ms)[0m  [1m[34mSELECT COUNT(*) FROM "shows"[0m
  ↳ app/views/home/index.html.erb:167
  [1m[36mMovie Exists? (0.3ms)[0m  [1m[34mSELECT 1 AS one FROM "movies" LIMIT 1 /*action='index',application='StremioYoutubeManager',controller='home'*/[0m
  ↳ app/views/home/index.html.erb:178
  [1m[36mMovie Load (0.3ms)[0m  [1m[34mSELECT "movies".* FROM "movies" /*action='index',application='StremioYoutubeManager',controller='home'*/[0m
  ↳ app/views/home/index.html.erb:180
  [1m[36mShow Exists? (0.2ms)[0m  [1m[34mSELECT 1 AS one FROM "shows" LIMIT 1 /*action='index',application='StremioYoutubeManager',controller='home'*/[0m
  ↳ app/views/home/index.html.erb:211
  Rendered home/index.html.erb within layouts/application (Duration: 16.2ms | GC: 0.2ms)
  Rendered shared/_header.html.erb (Duration: 0.2ms | GC: 0.0ms)
  Rendered layout layouts/application.html.erb (Duration: 18.3ms | GC: 0.2ms)
Completed 200 OK in 23ms (Views: 17.8ms | ActiveRecord: 1.6ms (7 queries, 2 cached) | GC: 0.2ms)


Started GET "/movies" for 127.0.0.1 at 2026-05-19 12:29:04 +0530
Processing by MoviesController#index as HTML
  Rendering layout layouts/application.html.erb
  Rendering movies/index.html.erb within layouts/application
  [1m[36mMovie Exists? (0.2ms)[0m  [1m[34mSELECT 1 AS one FROM "movies" LIMIT 1 /*action='index',application='StremioYoutubeManager',controller='movies'*/[0m
  ↳ app/views/movies/index.html.erb:166
  [1m[36mMovie Load (0.2ms)[0m  [1m[34mSELECT "movies".* FROM "movies" /*action='index',application='StremioYoutubeManager',controller='movies'*/[0m
  ↳ app/views/movies/index.html.erb:168
  Rendered movies/index.html.erb within layouts/application (Duration: 5.9ms | GC: 0.8ms)
  Rendered shared/_header.html.erb (Duration: 0.2ms | GC: 0.0ms)
  Rendered layout layouts/application.html.erb (Duration: 8.0ms | GC: 0.8ms)
Completed 200 OK in 10ms (Views: 8.2ms | ActiveRecord: 0.4ms (2 queries, 0 cached) | GC: 0.8ms)


Started GET "/shows" for 127.0.0.1 at 2026-05-19 12:32:28 +0530
Processing by ShowsController#index as HTML
  Rendering layout layouts/application.html.erb
  Rendering shows/index.html.erb within layouts/application
  [1m[36mShow Load (0.1ms)[0m  [1m[34mSELECT "shows".* FROM "shows" /*action='index',application='StremioYoutubeManager',controller='shows'*/[0m
  ↳ app/views/shows/index.html.erb:9
  Rendered shows/index.html.erb within layouts/application (Duration: 2.5ms | GC: 0.0ms)
  Rendered shared/_header.html.erb (Duration: 0.2ms | GC: 0.0ms)
  Rendered layout layouts/application.html.erb (Duration: 3.9ms | GC: 0.0ms)
Completed 200 OK in 6ms (Views: 4.6ms | ActiveRecord: 0.1ms (1 query, 0 cached) | GC: 0.0ms)


Started GET "/shows/new" for 127.0.0.1 at 2026-05-19 12:32:30 +0530
Processing by ShowsController#new as HTML
  Rendering layout layouts/application.html.erb
  Rendering shows/new.html.erb within layouts/application
  Rendered shows/_form.html.erb (Duration: 2.6ms | GC: 0.0ms)
  Rendered shows/new.html.erb within layouts/application (Duration: 3.5ms | GC: 0.0ms)
  Rendered shared/_header.html.erb (Duration: 0.2ms | GC: 0.0ms)
  Rendered layout layouts/application.html.erb (Duration: 4.5ms | GC: 0.0ms)
Completed 200 OK in 9ms (Views: 5.1ms | ActiveRecord: 0.3ms (0 queries, 0 cached) | GC: 0.0ms)


Started POST "/shows" for 127.0.0.1 at 2026-05-19 12:34:31 +0530
Processing by ShowsController#create as HTML
  Parameters: {"authenticity_token"=>"[FILTERED]", "show"=>{"title"=>"Best of Luck Nikki", "imdb_id"=>"tt1949650", "poster_url"=>""}, "commit"=>"Create Show"}
  [1m[36mTRANSACTION (0.1ms)[0m  [1m[35mBEGIN immediate TRANSACTION /*action='create',application='StremioYoutubeManager',controller='shows'*/[0m
  ↳ app/controllers/shows_controller.rb:27:in `block in create'
  [1m[36mShow Create (1.5ms)[0m  [1m[32mINSERT INTO "shows" ("title", "imdb_id", "poster_url", "created_at", "updated_at") VALUES ('Best of Luck Nikki', 'tt1949650', '', '2026-05-19 07:04:31.987950', '2026-05-19 07:04:31.987950') RETURNING "id" /*action='create',application='StremioYoutubeManager',controller='shows'*/[0m
  ↳ app/controllers/shows_controller.rb:27:in `block in create'
  [1m[36mTRANSACTION (1.8ms)[0m  [1m[35mCOMMIT TRANSACTION /*action='create',application='StremioYoutubeManager',controller='shows'*/[0m
  ↳ app/controllers/shows_controller.rb:27:in `block in create'
Redirected to http://localhost:3000/shows/1
↳ app/controllers/shows_controller.rb:28:in `block (2 levels) in create'
Completed 302 Found in 22ms (ActiveRecord: 3.3ms (1 query, 0 cached) | GC: 11.0ms)


Started GET "/shows/1" for 127.0.0.1 at 2026-05-19 12:34:32 +0530
Processing by ShowsController#show as HTML
  Parameters: {"id"=>"1"}
  [1m[36mShow Load (0.2ms)[0m  [1m[34mSELECT "shows".* FROM "shows" WHERE "shows"."id" = 1 LIMIT 1 /*action='show',application='StremioYoutubeManager',controller='shows'*/[0m
  ↳ app/controllers/shows_controller.rb:63:in `set_show'
  Rendering layout layouts/application.html.erb
  Rendering shows/show.html.erb within layouts/application
  Rendered shows/_show.html.erb (Duration: 0.7ms | GC: 0.0ms)
  Rendered shows/show.html.erb within layouts/application (Duration: 15.8ms | GC: 0.8ms)
  Rendered shared/_header.html.erb (Duration: 0.9ms | GC: 0.5ms)
  Rendered layout layouts/application.html.erb (Duration: 18.1ms | GC: 1.2ms)
Completed 200 OK in 23ms (Views: 19.1ms | ActiveRecord: 0.2ms (1 query, 0 cached) | GC: 1.2ms)


Started GET "/shows" for 127.0.0.1 at 2026-05-19 12:34:35 +0530
Processing by ShowsController#index as HTML
  Rendering layout layouts/application.html.erb
  Rendering shows/index.html.erb within layouts/application
  [1m[36mShow Load (0.3ms)[0m  [1m[34mSELECT "shows".* FROM "shows" /*action='index',application='StremioYoutubeManager',controller='shows'*/[0m
  ↳ app/views/shows/index.html.erb:9
  Rendered shows/_show.html.erb (Duration: 0.2ms | GC: 0.0ms)
  Rendered shows/index.html.erb within layouts/application (Duration: 5.7ms | GC: 0.0ms)
  Rendered shared/_header.html.erb (Duration: 0.3ms | GC: 0.0ms)
  Rendered layout layouts/application.html.erb (Duration: 8.0ms | GC: 0.0ms)
Completed 200 OK in 11ms (Views: 9.0ms | ActiveRecord: 0.3ms (1 query, 0 cached) | GC: 0.0ms)


Started GET "/" for 127.0.0.1 at 2026-05-19 12:34:40 +0530
Processing by HomeController#index as HTML
  Rendering layout layouts/application.html.erb
  Rendering home/index.html.erb within layouts/application
  [1m[36mMovie Count (0.2ms)[0m  [1m[34mSELECT COUNT(*) FROM "movies" /*action='index',application='StremioYoutubeManager',controller='home'*/[0m
  ↳ app/views/home/index.html.erb:159
  [1m[36mShow Count (0.2ms)[0m  [1m[34mSELECT COUNT(*) FROM "shows" /*action='index',application='StremioYoutubeManager',controller='home'*/[0m
  ↳ app/views/home/index.html.erb:163
  [1m[36mCACHE Movie Count (0.0ms)[0m  [1m[34mSELECT COUNT(*) FROM "movies"[0m
  ↳ app/views/home/index.html.erb:167
  [1m[36mCACHE Show Count (0.0ms)[0m  [1m[34mSELECT COUNT(*) FROM "shows"[0m
  ↳ app/views/home/index.html.erb:167
  [1m[36mMovie Exists? (0.2ms)[0m  [1m[34mSELECT 1 AS one FROM "movies" LIMIT 1 /*action='index',application='StremioYoutubeManager',controller='home'*/[0m
  ↳ app/views/home/index.html.erb:178
  [1m[36mMovie Load (0.3ms)[0m  [1m[34mSELECT "movies".* FROM "movies" /*action='index',application='StremioYoutubeManager',controller='home'*/[0m
  ↳ app/views/home/index.html.erb:180
  [1m[36mShow Exists? (0.2ms)[0m  [1m[34mSELECT 1 AS one FROM "shows" LIMIT 1 /*action='index',application='StremioYoutubeManager',controller='home'*/[0m
  ↳ app/views/home/index.html.erb:211
  [1m[36mShow Load (0.3ms)[0m  [1m[34mSELECT "shows".* FROM "shows" /*action='index',application='StremioYoutubeManager',controller='home'*/[0m
  ↳ app/views/home/index.html.erb:213
  [1m[36mSeason Count (0.3ms)[0m  [1m[34mSELECT COUNT(*) FROM "seasons" WHERE "seasons"."show_id" = 1 /*action='index',application='StremioYoutubeManager',controller='home'*/[0m
  ↳ app/views/home/index.html.erb:224
  Rendered home/index.html.erb within layouts/application (Duration: 54.4ms | GC: 1.1ms)
  Rendered shared/_header.html.erb (Duration: 0.2ms | GC: 0.0ms)
  Rendered layout layouts/application.html.erb (Duration: 56.5ms | GC: 1.1ms)
Completed 200 OK in 59ms (Views: 55.2ms | ActiveRecord: 2.3ms (9 queries, 2 cached) | GC: 1.1ms)


Started GET "/shows/1" for 127.0.0.1 at 2026-05-19 12:34:48 +0530
Processing by ShowsController#show as HTML
  Parameters: {"id"=>"1"}
  [1m[36mShow Load (0.3ms)[0m  [1m[34mSELECT "shows".* FROM "shows" WHERE "shows"."id" = 1 LIMIT 1 /*action='show',application='StremioYoutubeManager',controller='shows'*/[0m
  ↳ app/controllers/shows_controller.rb:63:in `set_show'
  Rendering layout layouts/application.html.erb
  Rendering shows/show.html.erb within layouts/application
  Rendered shows/_show.html.erb (Duration: 0.1ms | GC: 0.0ms)
  Rendered shows/show.html.erb within layouts/application (Duration: 2.5ms | GC: 0.0ms)
  Rendered shared/_header.html.erb (Duration: 0.3ms | GC: 0.0ms)
  Rendered layout layouts/application.html.erb (Duration: 4.3ms | GC: 0.0ms)
Completed 200 OK in 9ms (Views: 5.4ms | ActiveRecord: 0.3ms (1 query, 0 cached) | GC: 0.0ms)


Started GET "/seasons" for 127.0.0.1 at 2026-05-19 12:34:53 +0530
  
ActionController::RoutingError (No route matches [GET] "/seasons"):
  
Started GET "/season" for 127.0.0.1 at 2026-05-19 12:34:57 +0530
  
ActionController::RoutingError (No route matches [GET] "/season"):
  
Started GET "/rails/info/routes?query=season" for 127.0.0.1 at 2026-05-19 12:35:01 +0530
Processing by Rails::InfoController#routes as */*
  Parameters: {"query"=>"season"}
Completed 200 OK in 16ms (Views: 0.3ms | ActiveRecord: 0.0ms (0 queries, 0 cached) | GC: 7.3ms)


Started GET "/shows/1/seasons" for 127.0.0.1 at 2026-05-19 12:35:19 +0530
Processing by SeasonsController#index as HTML
  Parameters: {"show_id"=>"1"}
  Rendering layout layouts/application.html.erb
  Rendering seasons/index.html.erb within layouts/application
  [1m[36mSeason Load (0.2ms)[0m  [1m[34mSELECT "seasons".* FROM "seasons" /*action='index',application='StremioYoutubeManager',controller='seasons'*/[0m
  ↳ app/views/seasons/index.html.erb:9
  Rendered seasons/index.html.erb within layouts/application (Duration: 3.6ms | GC: 0.0ms)
  Rendered layout layouts/application.html.erb (Duration: 3.9ms | GC: 0.0ms)
Completed 500 Internal Server Error in 6ms (ActiveRecord: 0.2ms (1 query, 0 cached) | GC: 0.0ms)


  
ActionView::Template::Error (undefined local variable or method `new_season_path' for an instance of #<Class:0x00007fffcaae96c0>)
Caused by: NameError (undefined local variable or method `new_season_path' for an instance of #<Class:0x00007fffcaae96c0>)

Information for: ActionView::Template::Error (undefined local variable or method `new_season_path' for an instance of #<Class:0x00007fffcaae96c0>):
    14: </div>
    15: 
    16: <%= link_to "New season", new_season_path %>
  
app/views/seasons/index.html.erb:17

Information for cause: NameError (undefined local variable or method `new_season_path' for an instance of #<Class:0x00007fffcaae96c0>):
  
app/views/seasons/index.html.erb:17
Started GET "/shows/1/" for 127.0.0.1 at 2026-05-19 12:35:29 +0530
Processing by ShowsController#show as HTML
  Parameters: {"id"=>"1"}
  [1m[36mShow Load (0.2ms)[0m  [1m[34mSELECT "shows".* FROM "shows" WHERE "shows"."id" = 1 LIMIT 1 /*action='show',application='StremioYoutubeManager',controller='shows'*/[0m
  ↳ app/controllers/shows_controller.rb:63:in `set_show'
  Rendering layout layouts/application.html.erb
  Rendering shows/show.html.erb within layouts/application
  Rendered shows/_show.html.erb (Duration: 0.1ms | GC: 0.0ms)
  Rendered shows/show.html.erb within layouts/application (Duration: 1.9ms | GC: 0.0ms)
  Rendered shared/_header.html.erb (Duration: 0.2ms | GC: 0.0ms)
  Rendered layout layouts/application.html.erb (Duration: 3.9ms | GC: 0.0ms)
Completed 200 OK in 7ms (Views: 4.6ms | ActiveRecord: 0.2ms (1 query, 0 cached) | GC: 0.0ms)


Started GET "/shows/1/" for 127.0.0.1 at 2026-05-19 12:36:31 +0530
Processing by ShowsController#show as HTML
  Parameters: {"id"=>"1"}
  [1m[36mShow Load (0.1ms)[0m  [1m[34mSELECT "shows".* FROM "shows" WHERE "shows"."id" = 1 LIMIT 1 /*action='show',application='StremioYoutubeManager',controller='shows'*/[0m
  ↳ app/controllers/shows_controller.rb:63:in `set_show'
  Rendering layout layouts/application.html.erb
  Rendering shows/show.html.erb within layouts/application
  Rendered shows/_show.html.erb (Duration: 0.5ms | GC: 0.0ms)
  [1m[36mSeason Exists? (0.1ms)[0m  [1m[34mSELECT 1 AS one FROM "seasons" WHERE "seasons"."show_id" = 1 LIMIT 1 /*action='show',application='StremioYoutubeManager',controller='shows'*/[0m
  ↳ app/views/shows/show.html.erb:18
  Rendered shows/show.html.erb within layouts/application (Duration: 17.5ms | GC: 6.2ms)
  Rendered shared/_header.html.erb (Duration: 0.6ms | GC: 0.0ms)
  Rendered layout layouts/application.html.erb (Duration: 19.6ms | GC: 6.2ms)
Completed 200 OK in 30ms (Views: 20.7ms | ActiveRecord: 1.8ms (2 queries, 0 cached) | GC: 6.2ms)


Started GET "/shows/1/seasons/new" for 127.0.0.1 at 2026-05-19 12:36:33 +0530
Processing by SeasonsController#new as HTML
  Parameters: {"show_id"=>"1"}
  Rendering layout layouts/application.html.erb
  Rendering seasons/new.html.erb within layouts/application
  Rendered seasons/_form.html.erb (Duration: 1.5ms | GC: 0.5ms)
  Rendered seasons/new.html.erb within layouts/application (Duration: 2.4ms | GC: 0.5ms)
  Rendered layout layouts/application.html.erb (Duration: 2.6ms | GC: 0.5ms)
Completed 500 Internal Server Error in 9ms (ActiveRecord: 0.0ms (0 queries, 0 cached) | GC: 0.5ms)


  
ActionView::Template::Error (undefined method `seasons_path' for an instance of #<Class:0x00007fffca3ebb98>)
Caused by: NoMethodError (undefined method `seasons_path' for an instance of #<Class:0x00007fffca3ebb98>)

Information for: ActionView::Template::Error (undefined method `seasons_path' for an instance of #<Class:0x00007fffca3ebb98>):
    1: <%= form_with(model: season) do |form| %>
    2:   <% if season.errors.any? %>
    3:     <div style="color: red">
    4:       <h2><%= pluralize(season.errors.count, "error") %> prohibited this season from being saved:</h2>
    5: 
  
app/views/seasons/_form.html.erb:2
app/views/seasons/new.html.erb:6

Information for cause: NoMethodError (undefined method `seasons_path' for an instance of #<Class:0x00007fffca3ebb98>):
  
app/views/seasons/_form.html.erb:2
app/views/seasons/new.html.erb:6
Started GET "/shows/1/seasons/new" for 127.0.0.1 at 2026-05-19 12:37:58 +0530
Processing by SeasonsController#new as HTML
  Parameters: {"show_id"=>"1"}
  Rendering layout layouts/application.html.erb
  Rendering seasons/new.html.erb within layouts/application
  Rendered seasons/_form.html.erb (Duration: 6.8ms | GC: 0.0ms)
  Rendered seasons/new.html.erb within layouts/application (Duration: 8.2ms | GC: 0.0ms)
  Rendered layout layouts/application.html.erb (Duration: 8.5ms | GC: 0.0ms)
Completed 500 Internal Server Error in 25ms (ActiveRecord: 1.7ms (0 queries, 0 cached) | GC: 2.1ms)


  
ActionView::Template::Error (undefined method `seasons_path' for an instance of #<Class:0x00007fffca6c6188>)
Caused by: NoMethodError (undefined method `seasons_path' for an instance of #<Class:0x00007fffca6c6188>)

Information for: ActionView::Template::Error (undefined method `seasons_path' for an instance of #<Class:0x00007fffca6c6188>):
    1: <%= form_with(model: [@show, season]) do |form| %>
    2:   <% if season.errors.any? %>
    3:     <div style="color: red">
    4:       <h2><%= pluralize(season.errors.count, "error") %> prohibited this season from being saved:</h2>
    5: 
  
app/views/seasons/_form.html.erb:2
app/views/seasons/new.html.erb:6

Information for cause: NoMethodError (undefined method `seasons_path' for an instance of #<Class:0x00007fffca6c6188>):
  
app/views/seasons/_form.html.erb:2
app/views/seasons/new.html.erb:6
Started GET "/shows/1/seasons/new" for 127.0.0.1 at 2026-05-19 12:38:38 +0530
Processing by SeasonsController#new as HTML
  Parameters: {"show_id"=>"1"}
  Rendering layout layouts/application.html.erb
  Rendering seasons/new.html.erb within layouts/application
  Rendered seasons/_form.html.erb (Duration: 2.6ms | GC: 0.5ms)
  Rendered seasons/new.html.erb within layouts/application (Duration: 3.9ms | GC: 0.5ms)
  Rendered layout layouts/application.html.erb (Duration: 4.3ms | GC: 0.5ms)
Completed 500 Internal Server Error in 22ms (ActiveRecord: 2.1ms (0 queries, 0 cached) | GC: 0.9ms)


  
ActionView::Template::Error (undefined method `seasons_path' for an instance of #<Class:0x00007fffca38fb40>)
Caused by: NoMethodError (undefined method `seasons_path' for an instance of #<Class:0x00007fffca38fb40>)

Information for: ActionView::Template::Error (undefined method `seasons_path' for an instance of #<Class:0x00007fffca38fb40>):
    1: <%= form_with(model: [@show, season]) do |form| %>
    2:   <% if season.errors.any? %>
    3:     <div style="color: red">
    4:       <h2><%= pluralize(season.errors.count, "error") %> prohibited this season from being saved:</h2>
    5: 
  
app/views/seasons/_form.html.erb:2
app/views/seasons/new.html.erb:6

Information for cause: NoMethodError (undefined method `seasons_path' for an instance of #<Class:0x00007fffca38fb40>):
  
app/views/seasons/_form.html.erb:2
app/views/seasons/new.html.erb:6
Started GET "/shows/1/seasons/new" for 127.0.0.1 at 2026-05-19 12:38:40 +0530
Processing by SeasonsController#new as HTML
  Parameters: {"show_id"=>"1"}
  Rendering layout layouts/application.html.erb
  Rendering seasons/new.html.erb within layouts/application
  Rendered seasons/_form.html.erb (Duration: 0.6ms | GC: 0.0ms)
  Rendered seasons/new.html.erb within layouts/application (Duration: 1.0ms | GC: 0.0ms)
  Rendered layout layouts/application.html.erb (Duration: 1.2ms | GC: 0.0ms)
Completed 500 Internal Server Error in 3ms (ActiveRecord: 0.0ms (0 queries, 0 cached) | GC: 0.0ms)


  
ActionView::Template::Error (undefined method `seasons_path' for an instance of #<Class:0x00007fffca38fb40>)
Caused by: NoMethodError (undefined method `seasons_path' for an instance of #<Class:0x00007fffca38fb40>)

Information for: ActionView::Template::Error (undefined method `seasons_path' for an instance of #<Class:0x00007fffca38fb40>):
    1: <%= form_with(model: [@show, season]) do |form| %>
    2:   <% if season.errors.any? %>
    3:     <div style="color: red">
    4:       <h2><%= pluralize(season.errors.count, "error") %> prohibited this season from being saved:</h2>
    5: 
  
app/views/seasons/_form.html.erb:2
app/views/seasons/new.html.erb:6

Information for cause: NoMethodError (undefined method `seasons_path' for an instance of #<Class:0x00007fffca38fb40>):
  
app/views/seasons/_form.html.erb:2
app/views/seasons/new.html.erb:6
Started GET "/shows/1/seasons/new" for 127.0.0.1 at 2026-05-19 12:39:41 +0530
Processing by SeasonsController#new as HTML
  Parameters: {"show_id"=>"1"}
  Rendering layout layouts/application.html.erb
  Rendering seasons/new.html.erb within layouts/application
  Rendered seasons/_form.html.erb (Duration: 1.1ms | GC: 0.0ms)
  Rendered seasons/new.html.erb within layouts/application (Duration: 2.0ms | GC: 0.0ms)
  Rendered layout layouts/application.html.erb (Duration: 2.2ms | GC: 0.0ms)
Completed 500 Internal Server Error in 13ms (ActiveRecord: 1.1ms (0 queries, 0 cached) | GC: 0.6ms)


  
ActionView::Template::Error (undefined method `seasons_path' for an instance of #<Class:0x00007fffca38bea0>)
Caused by: NoMethodError (undefined method `seasons_path' for an instance of #<Class:0x00007fffca38bea0>)

Information for: ActionView::Template::Error (undefined method `seasons_path' for an instance of #<Class:0x00007fffca38bea0>):
    1: <%= form_with(model: [@show, season]) do |form| %>
    2:   <% if season.errors.any? %>
    3:     <div style="color: red">
    4:       <h2><%= pluralize(season.errors.count, "error") %> prohibited this season from being saved:</h2>
    5: 
  
app/views/seasons/_form.html.erb:2
app/views/seasons/new.html.erb:6

Information for cause: NoMethodError (undefined method `seasons_path' for an instance of #<Class:0x00007fffca38bea0>):
  
app/views/seasons/_form.html.erb:2
app/views/seasons/new.html.erb:6
Started GET "/shows/1/seasons/new" for 127.0.0.1 at 2026-05-19 12:42:31 +0530
Processing by SeasonsController#new as HTML
  Parameters: {"show_id"=>"1"}
  [1m[36mShow Load (0.1ms)[0m  [1m[34mSELECT "shows".* FROM "shows" WHERE "shows"."id" = 1 LIMIT 1 /*action='new',application='StremioYoutubeManager',controller='seasons'*/[0m
  ↳ app/controllers/seasons_controller.rb:44:in `set_show'
  Rendering layout layouts/application.html.erb
  Rendering seasons/new.html.erb within layouts/application
  Rendered seasons/_form.html.erb (Duration: 3.9ms | GC: 0.4ms)
  Rendered seasons/new.html.erb within layouts/application (Duration: 4.9ms | GC: 0.4ms)
  Rendered layout layouts/application.html.erb (Duration: 5.1ms | GC: 0.4ms)
Completed 500 Internal Server Error in 33ms (ActiveRecord: 1.8ms (1 query, 0 cached) | GC: 7.5ms)


  
ActionView::Template::Error (undefined local variable or method `seasons_path' for an instance of #<Class:0x00007fffca6774e8>)
Caused by: NameError (undefined local variable or method `seasons_path' for an instance of #<Class:0x00007fffca6774e8>)

Information for: ActionView::Template::Error (undefined local variable or method `seasons_path' for an instance of #<Class:0x00007fffca6774e8>):
     8: 
     9: <div>
    10:   <%= link_to "Back to seasons", seasons_path %>
    11: </div>
  
app/views/seasons/new.html.erb:11

Information for cause: NameError (undefined local variable or method `seasons_path' for an instance of #<Class:0x00007fffca6774e8>):
  
app/views/seasons/new.html.erb:11
Started GET "/shows/1/seasons/new" for 127.0.0.1 at 2026-05-19 12:43:01 +0530
Processing by SeasonsController#new as HTML
  Parameters: {"show_id"=>"1"}
  [1m[36mShow Load (0.1ms)[0m  [1m[34mSELECT "shows".* FROM "shows" WHERE "shows"."id" = 1 LIMIT 1 /*action='new',application='StremioYoutubeManager',controller='seasons'*/[0m
  ↳ app/controllers/seasons_controller.rb:44:in `set_show'
  Rendering layout layouts/application.html.erb
  Rendering seasons/new.html.erb within layouts/application
  Rendered seasons/_form.html.erb (Duration: 2.4ms | GC: 0.0ms)
  Rendered seasons/new.html.erb within layouts/application (Duration: 3.2ms | GC: 0.0ms)
  Rendered shared/_header.html.erb (Duration: 0.6ms | GC: 0.0ms)
  Rendered layout layouts/application.html.erb (Duration: 5.7ms | GC: 0.0ms)
Completed 200 OK in 25ms (Views: 6.9ms | ActiveRecord: 1.5ms (1 query, 0 cached) | GC: 1.6ms)


Started POST "/shows/1/seasons" for 127.0.0.1 at 2026-05-19 12:43:28 +0530
Processing by SeasonsController#create as HTML
  Parameters: {"authenticity_token"=>"[FILTERED]", "season"=>{"show_id"=>"1", "season_number"=>"1", "youtube_playlist_link"=>"https://www.youtube.com/playlist?list=PLCqMXmBveulAmR0o5plQi9d0S-dnrP3j5"}, "commit"=>"Create Season", "show_id"=>"1"}
  [1m[36mShow Load (0.2ms)[0m  [1m[34mSELECT "shows".* FROM "shows" WHERE "shows"."id" = 1 LIMIT 1 /*action='create',application='StremioYoutubeManager',controller='seasons'*/[0m
  ↳ app/controllers/seasons_controller.rb:44:in `set_show'
  [1m[36mTRANSACTION (0.1ms)[0m  [1m[35mBEGIN immediate TRANSACTION /*action='create',application='StremioYoutubeManager',controller='seasons'*/[0m
  ↳ app/controllers/seasons_controller.rb:21:in `create'
  [1m[36mSeason Create (1.7ms)[0m  [1m[32mINSERT INTO "seasons" ("show_id", "imdb_id", "season_number", "youtube_playlist_link", "created_at", "updated_at") VALUES (1, NULL, 1, 'https://www.youtube.com/playlist?list=PLCqMXmBveulAmR0o5plQi9d0S-dnrP3j5', '2026-05-19 07:13:28.132294', '2026-05-19 07:13:28.132294') RETURNING "id" /*action='create',application='StremioYoutubeManager',controller='seasons'*/[0m
  ↳ app/controllers/seasons_controller.rb:21:in `create'
  [1m[36mTRANSACTION (2.0ms)[0m  [1m[35mCOMMIT TRANSACTION /*action='create',application='StremioYoutubeManager',controller='seasons'*/[0m
  ↳ app/controllers/seasons_controller.rb:21:in `create'
Redirected to http://localhost:3000/shows/1/seasons/1
↳ app/controllers/seasons_controller.rb:22:in `create'
Completed 302 Found in 13ms (ActiveRecord: 4.0ms (2 queries, 0 cached) | GC: 0.0ms)


Started GET "/shows/1/seasons/1" for 127.0.0.1 at 2026-05-19 12:43:28 +0530
Processing by SeasonsController#show as HTML
  Parameters: {"show_id"=>"1", "id"=>"1"}
  [1m[36mShow Load (0.2ms)[0m  [1m[34mSELECT "shows".* FROM "shows" WHERE "shows"."id" = 1 LIMIT 1 /*action='show',application='StremioYoutubeManager',controller='seasons'*/[0m
  ↳ app/controllers/seasons_controller.rb:44:in `set_show'
  [1m[36mSeason Load (0.2ms)[0m  [1m[34mSELECT "seasons".* FROM "seasons" WHERE "seasons"."show_id" = 1 AND "seasons"."id" = 1 LIMIT 1 /*action='show',application='StremioYoutubeManager',controller='seasons'*/[0m
  ↳ app/controllers/seasons_controller.rb:48:in `set_season'
  Rendering layout layouts/application.html.erb
  Rendering seasons/show.html.erb within layouts/application
  Rendered seasons/_season.html.erb (Duration: 0.7ms | GC: 0.0ms)
  Rendered seasons/show.html.erb within layouts/application (Duration: 3.4ms | GC: 0.0ms)
  Rendered layout layouts/application.html.erb (Duration: 3.8ms | GC: 0.0ms)
Completed 500 Internal Server Error in 9ms (ActiveRecord: 0.4ms (2 queries, 0 cached) | GC: 0.0ms)


  
ActionView::Template::Error (undefined method `edit_season_path' for an instance of #<Class:0x00007fffca5fea70>)
Caused by: NoMethodError (undefined method `edit_season_path' for an instance of #<Class:0x00007fffca5fea70>)

Information for: ActionView::Template::Error (undefined method `edit_season_path' for an instance of #<Class:0x00007fffca5fea70>):
    4: 
    5: <div>
    6:   <%= link_to "Edit this season", edit_season_path(@season) %> |
    7:   <%= link_to "Back to seasons", seasons_path %>
    8: 
    9:   <%= button_to "Destroy this season", @season, method: :delete %>
   10: </div>
  
app/views/seasons/show.html.erb:7

Information for cause: NoMethodError (undefined method `edit_season_path' for an instance of #<Class:0x00007fffca5fea70>):
  
app/views/seasons/show.html.erb:7
Started GET "/" for 127.0.0.1 at 2026-06-04 09:11:52 +0530
  [1m[36mActiveRecord::SchemaMigration Load (0.4ms)[0m  [1m[34mSELECT "schema_migrations"."version" FROM "schema_migrations" ORDER BY "schema_migrations"."version" ASC /*application='StremioYoutubeManager'*/[0m
Processing by HomeController#index as HTML
  Rendering layout layouts/application.html.erb
  Rendering home/index.html.erb within layouts/application
  [1m[36mMovie Count (2.0ms)[0m  [1m[34mSELECT COUNT(*) FROM "movies" /*action='index',application='StremioYoutubeManager',controller='home'*/[0m
  ↳ app/views/home/index.html.erb:159
  [1m[36mShow Count (0.1ms)[0m  [1m[34mSELECT COUNT(*) FROM "shows" /*action='index',application='StremioYoutubeManager',controller='home'*/[0m
  ↳ app/views/home/index.html.erb:163
  [1m[36mCACHE Movie Count (0.0ms)[0m  [1m[34mSELECT COUNT(*) FROM "movies"[0m
  ↳ app/views/home/index.html.erb:167
  [1m[36mCACHE Show Count (0.0ms)[0m  [1m[34mSELECT COUNT(*) FROM "shows"[0m
  ↳ app/views/home/index.html.erb:167
  [1m[36mMovie Exists? (0.3ms)[0m  [1m[34mSELECT 1 AS one FROM "movies" LIMIT 1 /*action='index',application='StremioYoutubeManager',controller='home'*/[0m
  ↳ app/views/home/index.html.erb:178
  [1m[36mMovie Load (0.5ms)[0m  [1m[34mSELECT "movies".* FROM "movies" /*action='index',application='StremioYoutubeManager',controller='home'*/[0m
  ↳ app/views/home/index.html.erb:180
  [1m[36mShow Exists? (0.2ms)[0m  [1m[34mSELECT 1 AS one FROM "shows" LIMIT 1 /*action='index',application='StremioYoutubeManager',controller='home'*/[0m
  ↳ app/views/home/index.html.erb:211
  [1m[36mShow Load (0.2ms)[0m  [1m[34mSELECT "shows".* FROM "shows" /*action='index',application='StremioYoutubeManager',controller='home'*/[0m
  ↳ app/views/home/index.html.erb:213
  [1m[36mSeason Count (0.3ms)[0m  [1m[34mSELECT COUNT(*) FROM "seasons" WHERE "seasons"."show_id" = 1 /*action='index',application='StremioYoutubeManager',controller='home'*/[0m
  ↳ app/views/home/index.html.erb:224
  Rendered home/index.html.erb within layouts/application (Duration: 72.3ms | GC: 5.7ms)
  Rendered shared/_header.html.erb (Duration: 1.2ms | GC: 0.0ms)
  Rendered layout layouts/application.html.erb (Duration: 93.9ms | GC: 5.7ms)
Completed 200 OK in 277ms (Views: 99.6ms | ActiveRecord: 7.7ms (9 queries, 2 cached) | GC: 112.9ms)


Started GET "/favicon.ico" for 127.0.0.1 at 2026-06-04 09:11:54 +0530
  
ActionController::RoutingError (No route matches [GET] "/favicon.ico"):
  
