append_cflags: checking for whether -Wall is accepted as CFLAGS... -------------------- yes

LD_LIBRARY_PATH=.:/nix/store/kj9xkgqsiz5h24k2f947z3p6h3mcn2hc-ruby-3.3.10/lib:/etc/sane-libs:/nix/store/qnamc978gh40gj3zl1s4yyk2xlhkiskl-pipewire-1.4.9-jack/lib "gcc -o conftest -I/nix/store/kj9xkgqsiz5h24k2f947z3p6h3mcn2hc-ruby-3.3.10/include/ruby-3.3.0/x86_64-linux -I/nix/store/kj9xkgqsiz5h24k2f947z3p6h3mcn2hc-ruby-3.3.10/include/ruby-3.3.0/ruby/backward -I/nix/store/kj9xkgqsiz5h24k2f947z3p6h3mcn2hc-ruby-3.3.10/include/ruby-3.3.0 -I.    -O3 -fPIC conftest.c  -L. -L/nix/store/kj9xkgqsiz5h24k2f947z3p6h3mcn2hc-ruby-3.3.10/lib -Wl,-rpath,/nix/store/kj9xkgqsiz5h24k2f947z3p6h3mcn2hc-ruby-3.3.10/lib -L. -fstack-protector-strong -rdynamic -Wl,-export-dynamic -Wl,--no-as-needed     -Wl,-rpath,/nix/store/kj9xkgqsiz5h24k2f947z3p6h3mcn2hc-ruby-3.3.10/lib -L/nix/store/kj9xkgqsiz5h24k2f947z3p6h3mcn2hc-ruby-3.3.10/lib -lruby-3.3.10  -lm -lpthread  -lc"
checked program was:
/* begin */
1: #include "ruby.h"
2: 
3: int main(int argc, char **argv)
4: {
5:   return !!argv[argc];
6: }
/* end */

LD_LIBRARY_PATH=.:/nix/store/kj9xkgqsiz5h24k2f947z3p6h3mcn2hc-ruby-3.3.10/lib:/etc/sane-libs:/nix/store/qnamc978gh40gj3zl1s4yyk2xlhkiskl-pipewire-1.4.9-jack/lib "gcc -I/nix/store/kj9xkgqsiz5h24k2f947z3p6h3mcn2hc-ruby-3.3.10/include/ruby-3.3.0/x86_64-linux -I/nix/store/kj9xkgqsiz5h24k2f947z3p6h3mcn2hc-ruby-3.3.10/include/ruby-3.3.0/ruby/backward -I/nix/store/kj9xkgqsiz5h24k2f947z3p6h3mcn2hc-ruby-3.3.10/include/ruby-3.3.0 -I.    -O3 -fPIC  -Wall -Werror -c conftest.c"
checked program was:
/* begin */
1: #include "ruby.h"
2: 
3: int main(int argc, char **argv)
4: {
5:   return !!argv[argc];
6: }
/* end */

--------------------

append_cflags: checking for whether -O3 is accepted as CFLAGS... -------------------- yes

LD_LIBRARY_PATH=.:/nix/store/kj9xkgqsiz5h24k2f947z3p6h3mcn2hc-ruby-3.3.10/lib:/etc/sane-libs:/nix/store/qnamc978gh40gj3zl1s4yyk2xlhkiskl-pipewire-1.4.9-jack/lib "gcc -I/nix/store/kj9xkgqsiz5h24k2f947z3p6h3mcn2hc-ruby-3.3.10/include/ruby-3.3.0/x86_64-linux -I/nix/store/kj9xkgqsiz5h24k2f947z3p6h3mcn2hc-ruby-3.3.10/include/ruby-3.3.0/ruby/backward -I/nix/store/kj9xkgqsiz5h24k2f947z3p6h3mcn2hc-ruby-3.3.10/include/ruby-3.3.0 -I.    -O3 -fPIC -Wall  -O3 -Werror -c conftest.c"
checked program was:
/* begin */
1: #include "ruby.h"
2: 
3: int main(int argc, char **argv)
4: {
5:   return !!argv[argc];
6: }
/* end */

--------------------

append_cflags: checking for whether -pedantic is accepted as CFLAGS... -------------------- yes

LD_LIBRARY_PATH=.:/nix/store/kj9xkgqsiz5h24k2f947z3p6h3mcn2hc-ruby-3.3.10/lib:/etc/sane-libs:/nix/store/qnamc978gh40gj3zl1s4yyk2xlhkiskl-pipewire-1.4.9-jack/lib "gcc -I/nix/store/kj9xkgqsiz5h24k2f947z3p6h3mcn2hc-ruby-3.3.10/include/ruby-3.3.0/x86_64-linux -I/nix/store/kj9xkgqsiz5h24k2f947z3p6h3mcn2hc-ruby-3.3.10/include/ruby-3.3.0/ruby/backward -I/nix/store/kj9xkgqsiz5h24k2f947z3p6h3mcn2hc-ruby-3.3.10/include/ruby-3.3.0 -I.    -O3 -fPIC -Wall -O3  -pedantic -Werror -c conftest.c"
checked program was:
/* begin */
1: #include "ruby.h"
2: 
3: int main(int argc, char **argv)
4: {
5:   return !!argv[argc];
6: }
/* end */

--------------------

append_cflags: checking for whether -std=c99 is accepted as CFLAGS... -------------------- no

LD_LIBRARY_PATH=.:/nix/store/kj9xkgqsiz5h24k2f947z3p6h3mcn2hc-ruby-3.3.10/lib:/etc/sane-libs:/nix/store/qnamc978gh40gj3zl1s4yyk2xlhkiskl-pipewire-1.4.9-jack/lib "gcc -I/nix/store/kj9xkgqsiz5h24k2f947z3p6h3mcn2hc-ruby-3.3.10/include/ruby-3.3.0/x86_64-linux -I/nix/store/kj9xkgqsiz5h24k2f947z3p6h3mcn2hc-ruby-3.3.10/include/ruby-3.3.0/ruby/backward -I/nix/store/kj9xkgqsiz5h24k2f947z3p6h3mcn2hc-ruby-3.3.10/include/ruby-3.3.0 -I.    -O3 -fPIC -Wall -O3 -pedantic  -std=c99 -Werror -c conftest.c"
In file included from /nix/store/kj9xkgqsiz5h24k2f947z3p6h3mcn2hc-ruby-3.3.10/include/ruby-3.3.0/ruby/ruby.h:15,
                 from /nix/store/kj9xkgqsiz5h24k2f947z3p6h3mcn2hc-ruby-3.3.10/include/ruby-3.3.0/ruby.h:38,
                 from conftest.c:1:
/nix/store/kj9xkgqsiz5h24k2f947z3p6h3mcn2hc-ruby-3.3.10/include/ruby-3.3.0/ruby/internal/config.h:139:50: error: ‘__VA_OPT__’ is not available until C23 [-Werror=pedantic]
  139 | # define RBIMPL_TEST2(...)          RBIMPL_TEST3(__VA_OPT__(,),1,0,0)
      |                                                  ^
In file included from /nix/store/kj9xkgqsiz5h24k2f947z3p6h3mcn2hc-ruby-3.3.10/include/ruby-3.3.0/ruby/internal/xmalloc.h:34,
                 from /nix/store/kj9xkgqsiz5h24k2f947z3p6h3mcn2hc-ruby-3.3.10/include/ruby-3.3.0/ruby/defines.h:71,
                 from /nix/store/kj9xkgqsiz5h24k2f947z3p6h3mcn2hc-ruby-3.3.10/include/ruby-3.3.0/ruby/ruby.h:25:
/nix/store/kj9xkgqsiz5h24k2f947z3p6h3mcn2hc-ruby-3.3.10/include/ruby-3.3.0/ruby/internal/attr/nodiscard.h:35:34: error: ISO C does not support ‘[[]]’ attributes before C23 [-Werror=pedantic]
   35 | # define RBIMPL_ATTR_NODISCARD() [[nodiscard]]
      |                                  ^
/nix/store/kj9xkgqsiz5h24k2f947z3p6h3mcn2hc-ruby-3.3.10/include/ruby-3.3.0/ruby/internal/xmalloc.h:62:1: note: in expansion of macro ‘RBIMPL_ATTR_NODISCARD’
   62 | RBIMPL_ATTR_NODISCARD()
      | ^~~~~~~~~~~~~~~~~~~~~
/nix/store/kj9xkgqsiz5h24k2f947z3p6h3mcn2hc-ruby-3.3.10/include/ruby-3.3.0/ruby/internal/attr/nodiscard.h:35:34: error: ISO C does not support ‘[[]]’ attributes before C23 [-Werror=pedantic]
   35 | # define RBIMPL_ATTR_NODISCARD() [[nodiscard]]
      |                                  ^
/nix/store/kj9xkgqsiz5h24k2f947z3p6h3mcn2hc-ruby-3.3.10/include/ruby-3.3.0/ruby/internal/xmalloc.h:90:1: note: in expansion of macro ‘RBIMPL_ATTR_NODISCARD’
   90 | RBIMPL_ATTR_NODISCARD()
      | ^~~~~~~~~~~~~~~~~~~~~
/nix/store/kj9xkgqsiz5h24k2f947z3p6h3mcn2hc-ruby-3.3.10/include/ruby-3.3.0/ruby/internal/attr/nodiscard.h:35:34: error: ISO C does not support ‘[[]]’ attributes before C23 [-Werror=pedantic]
   35 | # define RBIMPL_ATTR_NODISCARD() [[nodiscard]]
      |                                  ^
/nix/store/kj9xkgqsiz5h24k2f947z3p6h3mcn2hc-ruby-3.3.10/include/ruby-3.3.0/ruby/internal/xmalloc.h:121:1: note: in expansion of macro ‘RBIMPL_ATTR_NODISCARD’
  121 | RBIMPL_ATTR_NODISCARD()
      | ^~~~~~~~~~~~~~~~~~~~~
/nix/store/kj9xkgqsiz5h24k2f947z3p6h3mcn2hc-ruby-3.3.10/include/ruby-3.3.0/ruby/internal/attr/nodiscard.h:35:34: error: ISO C does not support ‘[[]]’ attributes before C23 [-Werror=pedantic]
   35 | # define RBIMPL_ATTR_NODISCARD() [[nodiscard]]
      |                                  ^
/nix/store/kj9xkgqsiz5h24k2f947z3p6h3mcn2hc-ruby-3.3.10/include/ruby-3.3.0/ruby/internal/xmalloc.h:151:1: note: in expansion of macro ‘RBIMPL_ATTR_NODISCARD’
  151 | RBIMPL_ATTR_NODISCARD()
      | ^~~~~~~~~~~~~~~~~~~~~
/nix/store/kj9xkgqsiz5h24k2f947z3p6h3mcn2hc-ruby-3.3.10/include/ruby-3.3.0/ruby/internal/attr/nodiscard.h:35:34: error: ISO C does not support ‘[[]]’ attributes before C23 [-Werror=pedantic]
   35 | # define RBIMPL_ATTR_NODISCARD() [[nodiscard]]
      |                                  ^
/nix/store/kj9xkgqsiz5h24k2f947z3p6h3mcn2hc-ruby-3.3.10/include/ruby-3.3.0/ruby/internal/xmalloc.h:197:1: note: in expansion of macro ‘RBIMPL_ATTR_NODISCARD’
  197 | RBIMPL_ATTR_NODISCARD()
      | ^~~~~~~~~~~~~~~~~~~~~
In file included from /nix/store/kj9xkgqsiz5h24k2f947z3p6h3mcn2hc-ruby-3.3.10/include/ruby-3.3.0/ruby/backward/2/attributes.h:38,
                 from /nix/store/kj9xkgqsiz5h24k2f947z3p6h3mcn2hc-ruby-3.3.10/include/ruby-3.3.0/ruby/defines.h:73:
/nix/store/kj9xkgqsiz5h24k2f947z3p6h3mcn2hc-ruby-3.3.10/include/ruby-3.3.0/ruby/internal/attr/maybe_unused.h:31:37: error: ISO C does not support ‘[[]]’ attributes before C23 [-Werror=pedantic]
   31 | # define RBIMPL_ATTR_MAYBE_UNUSED() [[maybe_unused]]
      |                                     ^
/nix/store/kj9xkgqsiz5h24k2f947z3p6h3mcn2hc-ruby-3.3.10/include/ruby-3.3.0/ruby/internal/anyargs.h:252:38: note: in expansion of macro ‘RBIMPL_ATTR_MAYBE_UNUSED’
  252 | # define RBIMPL_ANYARGS_ATTRSET(sym) RBIMPL_ATTR_MAYBE_UNUSED() RBIMPL_ATTR_NONNULL(()) RBIMPL_ATTR_WEAKREF(sym)
      |                                      ^~~~~~~~~~~~~~~~~~~~~~~~
/nix/store/kj9xkgqsiz5h24k2f947z3p6h3mcn2hc-ruby-3.3.10/include/ruby-3.3.0/ruby/internal/anyargs.h:254:1: note: in expansion of macro ‘RBIMPL_ANYARGS_ATTRSET’
  254 | RBIMPL_ANYARGS_ATTRSET(sym) static void sym ## _notimpl(__VA_ARGS__, VALUE(*)(int, const VALUE *, VALUE, VALUE), int); \
      | ^~~~~~~~~~~~~~~~~~~~~~
/nix/store/kj9xkgqsiz5h24k2f947z3p6h3mcn2hc-ruby-3.3.10/include/ruby-3.3.0/ruby/internal/anyargs.h:274:1: note: in expansion of macro ‘RBIMPL_ANYARGS_DECL’
  274 | RBIMPL_ANYARGS_DECL(rb_define_singleton_method, VALUE, const char *)
      | ^~~~~~~~~~~~~~~~~~~
/nix/store/kj9xkgqsiz5h24k2f947z3p6h3mcn2hc-ruby-3.3.10/include/ruby-3.3.0/ruby/internal/attr/maybe_unused.h:31:37: error: ISO C does not support ‘[[]]’ attributes before C23 [-Werror=pedantic]
   31 | # define RBIMPL_ATTR_MAYBE_UNUSED() [[maybe_unused]]
      |                                     ^
/nix/store/kj9xkgqsiz5h24k2f947z3p6h3mcn2hc-ruby-3.3.10/include/ruby-3.3.0/ruby/internal/anyargs.h:252:38: note: in expansion of macro ‘RBIMPL_ATTR_MAYBE_UNUSED’
  252 | # define RBIMPL_ANYARGS_ATTRSET(sym) RBIMPL_ATTR_MAYBE_UNUSED() RBIMPL_ATTR_NONNULL(()) RBIMPL_ATTR_WEAKREF(sym)
      |                                      ^~~~~~~~~~~~~~~~~~~~~~~~
/nix/store/kj9xkgqsiz5h24k2f947z3p6h3mcn2hc-ruby-3.3.10/include/ruby-3.3.0/ruby/internal/anyargs.h:255:1: note: in expansion of macro ‘RBIMPL_ANYARGS_ATTRSET’
  255 | RBIMPL_ANYARGS_ATTRSET(sym) static void sym ## _m3(__VA_ARGS__, VALUE(*)(ANYARGS), int); \
      | ^~~~~~~~~~~~~~~~~~~~~~
/nix/store/kj9xkgqsiz5h24k2f947z3p6h3mcn2hc-ruby-3.3.10/include/ruby-3.3.0/ruby/internal/anyargs.h:274:1: note: in expansion of macro ‘RBIMPL_ANYARGS_DECL’
  274 | RBIMPL_ANYARGS_DECL(rb_define_singleton_method, VALUE, const char *)
      | ^~~~~~~~~~~~~~~~~~~
/nix/store/kj9xkgqsiz5h24k2f947z3p6h3mcn2hc-ruby-3.3.10/include/ruby-3.3.0/ruby/internal/attr/maybe_unused.h:31:37: error: ISO C does not support ‘[[]]’ attributes before C23 [-Werror=pedantic]
   31 | # define RBIMPL_ATTR_MAYBE_UNUSED() [[maybe_unused]]
      |                                     ^
/nix/store/kj9xkgqsiz5h24k2f947z3p6h3mcn2hc-ruby-3.3.10/include/ruby-3.3.0/ruby/internal/anyargs.h:252:38: note: in expansion of macro ‘RBIMPL_ATTR_MAYBE_UNUSED’
  252 | # define RBIMPL_ANYARGS_ATTRSET(sym) RBIMPL_ATTR_MAYBE_UNUSED() RBIMPL_ATTR_NONNULL(()) RBIMPL_ATTR_WEAKREF(sym)
      |                                      ^~~~~~~~~~~~~~~~~~~~~~~~
/nix/store/kj9xkgqsiz5h24k2f947z3p6h3mcn2hc-ruby-3.3.10/include/ruby-3.3.0/ruby/internal/anyargs.h:256:1: note: in expansion of macro ‘RBIMPL_ANYARGS_ATTRSET’
  256 | RBIMPL_ANYARGS_ATTRSET(sym) static void sym ## _m2(__VA_ARGS__, VALUE(*)(VALUE, VALUE), int); \
      | ^~~~~~~~~~~~~~~~~~~~~~
/nix/store/kj9xkgqsiz5h24k2f947z3p6h3mcn2hc-ruby-3.3.10/include/ruby-3.3.0/ruby/internal/anyargs.h:274:1: note: in expansion of macro ‘RBIMPL_ANYARGS_DECL’
  274 | RBIMPL_ANYARGS_DECL(rb_define_singleton_method, VALUE, const char *)
      | ^~~~~~~~~~~~~~~~~~~
/nix/store/kj9xkgqsiz5h24k2f947z3p6h3mcn2hc-ruby-3.3.10/include/ruby-3.3.0/ruby/internal/attr/maybe_unused.h:31:37: error: ISO C does not support ‘[[]]’ attributes before C23 [-Werror=pedantic]
   31 | # define RBIMPL_ATTR_MAYBE_UNUSED() [[maybe_unused]]
      |                                     ^
/nix/store/kj9xkgqsiz5h24k2f947z3p6h3mcn2hc-ruby-3.3.10/include/ruby-3.3.0/ruby/internal/anyargs.h:252:38: note: in expansion of macro ‘RBIMPL_ATTR_MAYBE_UNUSED’
  252 | # define RBIMPL_ANYARGS_ATTRSET(sym) RBIMPL_ATTR_MAYBE_UNUSED() RBIMPL_ATTR_NONNULL(()) RBIMPL_ATTR_WEAKREF(sym)
      |                                      ^~~~~~~~~~~~~~~~~~~~~~~~
/nix/store/kj9xkgqsiz5h24k2f947z3p6h3mcn2hc-ruby-3.3.10/include/ruby-3.3.0/ruby/internal/anyargs.h:257:1: note: in expansion of macro ‘RBIMPL_ANYARGS_ATTRSET’
  257 | RBIMPL_ANYARGS_ATTRSET(sym) static void sym ## _m1(__VA_ARGS__, VALUE(*)(int, union { VALUE *x; const VALUE *y; } __attribute__((__transparent_union__)), VALUE), int); \
      | ^~~~~~~~~~~~~~~~~~~~~~
/nix/store/kj9xkgqsiz5h24k2f947z3p6h3mcn2hc-ruby-3.3.10/include/ruby-3.3.0/ruby/internal/anyargs.h:274:1: note: in expansion of macro ‘RBIMPL_ANYARGS_DECL’
  274 | RBIMPL_ANYARGS_DECL(rb_define_singleton_method, VALUE, const char *)
      | ^~~~~~~~~~~~~~~~~~~
/nix/store/kj9xkgqsiz5h24k2f947z3p6h3mcn2hc-ruby-3.3.10/include/ruby-3.3.0/ruby/internal/attr/maybe_unused.h:31:37: error: ISO C does not support ‘[[]]’ attributes before C23 [-Werror=pedantic]
   31 | # define RBIMPL_ATTR_MAYBE_UNUSED() [[maybe_unused]]
      |                                     ^
/nix/store/kj9xkgqsiz5h24k2f947z3p6h3mcn2hc-ruby-3.3.10/include/ruby-3.3.0/ruby/internal/anyargs.h:252:38: note: in expansion of macro ‘RBIMPL_ATTR_MAYBE_UNUSED’
  252 | # define RBIMPL_ANYARGS_ATTRSET(sym) RBIMPL_ATTR_MAYBE_UNUSED() RBIMPL_ATTR_NONNULL(()) RBIMPL_ATTR_WEAKREF(sym)
      |                                      ^~~~~~~~~~~~~~~~~~~~~~~~
/nix/store/kj9xkgqsiz5h24k2f947z3p6h3mcn2hc-ruby-3.3.10/include/ruby-3.3.0/ruby/internal/anyargs.h:258:1: note: in expansion of macro ‘RBIMPL_ANYARGS_ATTRSET’
  258 | RBIMPL_ANYARGS_ATTRSET(sym) static void sym ## _00(__VA_ARGS__, VALUE(*)(VALUE), int); \
      | ^~~~~~~~~~~~~~~~~~~~~~
/nix/store/kj9xkgqsiz5h24k2f947z3p6h3mcn2hc-ruby-3.3.10/include/ruby-3.3.0/ruby/internal/anyargs.h:274:1: note: in expansion of macro ‘RBIMPL_ANYARGS_DECL’
  274 | RBIMPL_ANYARGS_DECL(rb_define_singleton_method, VALUE, const char *)
      | ^~~~~~~~~~~~~~~~~~~
/nix/store/kj9xkgqsiz5h24k2f947z3p6h3mcn2hc-ruby-3.3.10/include/ruby-3.3.0/ruby/internal/attr/maybe_unused.h:31:37: error: ISO C does not support ‘[[]]’ attributes before C23 [-Werror=pedantic]
   31 | # define RBIMPL_ATTR_MAYBE_UNUSED() [[maybe_unused]]
      |                                     ^
/nix/store/kj9xkgqsiz5h24k2f947z3p6h3mcn2hc-ruby-3.3.10/include/ruby-3.3.0/ruby/internal/anyargs.h:252:38: note: in expansion of macro ‘RBIMPL_ATTR_MAYBE_UNUSED’
  252 | # define RBIMPL_ANYARGS_ATTRSET(sym) RBIMPL_ATTR_MAYBE_UNUSED() RBIMPL_ATTR_NONNULL(()) RBIMPL_ATTR_WEAKREF(sym)
      |                                      ^~~~~~~~~~~~~~~~~~~~~~~~
/nix/store/kj9xkgqsiz5h24k2f947z3p6h3mcn2hc-ruby-3.3.10/include/ruby-3.3.0/ruby/internal/anyargs.h:259:1: note: in expansion of macro ‘RBIMPL_ANYARGS_ATTRSET’
  259 | RBIMPL_ANYARGS_ATTRSET(sym) static void sym ## _01(__VA_ARGS__, VALUE(*)(VALUE, VALUE), int); \
      | ^~~~~~~~~~~~~~~~~~~~~~
/nix/store/kj9xkgqsiz5h24k2f947z3p6h3mcn2hc-ruby-3.3.10/include/ruby-3.3.0/ruby/internal/anyargs.h:274:1: note: in expansion of macro ‘RBIMPL_ANYARGS_DECL’
  274 | RBIMPL_ANYARGS_DECL(rb_define_singleton_method, VALUE, const char *)
      | ^~~~~~~~~~~~~~~~~~~
/nix/store/kj9xkgqsiz5h24k2f947z3p6h3mcn2hc-ruby-3.3.10/include/ruby-3.3.0/ruby/internal/attr/maybe_unused.h:31:37: error: ISO C does not support ‘[[]]’ attributes before C23 [-Werror=pedantic]
   31 | # define RBIMPL_ATTR_MAYBE_UNUSED() [[maybe_unused]]
      |                                     ^
/nix/store/kj9xkgqsiz5h24k2f947z3p6h3mcn2hc-ruby-3.3.10/include/ruby-3.3.0/ruby/internal/anyargs.h:252:38: note: in expansion of macro ‘RBIMPL_ATTR_MAYBE_UNUSED’
  252 | # define RBIMPL_ANYARGS_ATTRSET(sym) RBIMPL_ATTR_MAYBE_UNUSED() RBIMPL_ATTR_NONNULL(()) RBIMPL_ATTR_WEAKREF(sym)
      |                                      ^~~~~~~~~~~~~~~~~~~~~~~~
/nix/store/kj9xkgqsiz5h24k2f947z3p6h3mcn2hc-ruby-3.3.10/include/ruby-3.3.0/ruby/internal/anyargs.h:260:1: note: in expansion of macro ‘RBIMPL_ANYARGS_ATTRSET’
  260 | RBIMPL_ANYARGS_ATTRSET(sym) static void sym ## _02(__VA_ARGS__, VALUE(*)(VALUE, VALUE, VALUE), int); \
      | ^~~~~~~~~~~~~~~~~~~~~~
/nix/store/kj9xkgqsiz5h24k2f947z3p6h3mcn2hc-ruby-3.3.10/include/ruby-3.3.0/ruby/internal/anyargs.h:274:1: note: in expansion of macro ‘RBIMPL_ANYARGS_DECL’
  274 | RBIMPL_ANYARGS_DECL(rb_define_singleton_method, VALUE, const char *)
      | ^~~~~~~~~~~~~~~~~~~
/nix/store/kj9xkgqsiz5h24k2f947z3p6h3mcn2hc-ruby-3.3.10/include/ruby-3.3.0/ruby/internal/attr/maybe_unused.h:31:37: error: ISO C does not support ‘[[]]’ attributes before C23 [-Werror=pedantic]
   31 | # define RBIMPL_ATTR_MAYBE_UNUSED() [[maybe_unused]]
      |                                     ^
/nix/store/kj9xkgqsiz5h24k2f947z3p6h3mcn2hc-ruby-3.3.10/include/ruby-3.3.0/ruby/internal/anyargs.h:252:38: note: in expansion of macro ‘RBIMPL_ATTR_MAYBE_UNUSED’
  252 | # define RBIMPL_ANYARGS_ATTRSET(sym) RBIMPL_ATTR_MAYBE_UNUSED() RBIMPL_ATTR_NONNULL(()) RBIMPL_ATTR_WEAKREF(sym)
      |                                      ^~~~~~~~~~~~~~~~~~~~~~~~
/nix/store/kj9xkgqsiz5h24k2f947z3p6h3mcn2hc-ruby-3.3.10/include/ruby-3.3.0/ruby/internal/anyargs.h:261:1: note: in expansion of macro ‘RBIMPL_ANYARGS_ATTRSET’
  261 | RBIMPL_ANYARGS_ATTRSET(sym) static void sym ## _03(__VA_ARGS__, VALUE(*)(VALUE, VALUE, VALUE, VALUE), int); \
      | ^~~~~~~~~~~~~~~~~~~~~~
/nix/store/kj9xkgqsiz5h24k2f947z3p6h3mcn2hc-ruby-3.3.10/include/ruby-3.3.0/ruby/internal/anyargs.h:274:1: note: in expansion of macro ‘RBIMPL_ANYARGS_DECL’
  274 | RBIMPL_ANYARGS_DECL(rb_define_singleton_method, VALUE, const char *)
      | ^~~~~~~~~~~~~~~~~~~
/nix/store/kj9xkgqsiz5h24k2f947z3p6h3mcn2hc-ruby-3.3.10/include/ruby-3.3.0/ruby/internal/attr/maybe_unused.h:31:37: error: ISO C does not support ‘[[]]’ attributes before C23 [-Werror=pedantic]
   31 | # define RBIMPL_ATTR_MAYBE_UNUSED() [[maybe_unused]]
      |                                     ^
/nix/store/kj9xkgqsiz5h24k2f947z3p6h3mcn2hc-ruby-3.3.10/include/ruby-3.3.0/ruby/internal/anyargs.h:252:38: note: in expansion of macro ‘RBIMPL_ATTR_MAYBE_UNUSED’
  252 | # define RBIMPL_ANYARGS_ATTRSET(sym) RBIMPL_ATTR_MAYBE_UNUSED() RBIMPL_ATTR_NONNULL(()) RBIMPL_ATTR_WEAKREF(sym)
      |                                      ^~~~~~~~~~~~~~~~~~~~~~~~
/nix/store/kj9xkgqsiz5h24k2f947z3p6h3mcn2hc-ruby-3.3.10/include/ruby-3.3.0/ruby/internal/anyargs.h:262:1: note: in expansion of macro ‘RBIMPL_ANYARGS_ATTRSET’
  262 | RBIMPL_ANYARGS_ATTRSET(sym) static void sym ## _04(__VA_ARGS__, VALUE(*)(VALUE, VALUE, VALUE, VALUE, VALUE), int); \
      | ^~~~~~~~~~~~~~~~~~~~~~
/nix/store/kj9xkgqsiz5h24k2f947z3p6h3mcn2hc-ruby-3.3.10/include/ruby-3.3.0/ruby/internal/anyargs.h:274:1: note: in expansion of macro ‘RBIMPL_ANYARGS_DECL’
  274 | RBIMPL_ANYARGS_DECL(rb_define_singleton_method, VALUE, const char *)
      | ^~~~~~~~~~~~~~~~~~~
/nix/store/kj9xkgqsiz5h24k2f947z3p6h3mcn2hc-ruby-3.3.10/include/ruby-3.3.0/ruby/internal/attr/maybe_unused.h:31:37: error: ISO C does not support ‘[[]]’ attributes before C23 [-Werror=pedantic]
   31 | # define RBIMPL_ATTR_MAYBE_UNUSED() [[maybe_unused]]
      |                                     ^
/nix/store/kj9xkgqsiz5h24k2f947z3p6h3mcn2hc-ruby-3.3.10/include/ruby-3.3.0/ruby/internal/anyargs.h:252:38: note: in expansion of macro ‘RBIMPL_ATTR_MAYBE_UNUSED’
  252 | # define RBIMPL_ANYARGS_ATTRSET(sym) RBIMPL_ATTR_MAYBE_UNUSED() RBIMPL_ATTR_NONNULL(()) RBIMPL_ATTR_WEAKREF(sym)
      |                                      ^~~~~~~~~~~~~~~~~~~~~~~~
/nix/store/kj9xkgqsiz5h24k2f947z3p6h3mcn2hc-ruby-3.3.10/include/ruby-3.3.0/ruby/internal/anyargs.h:263:1: note: in expansion of macro ‘RBIMPL_ANYARGS_ATTRSET’
  263 | RBIMPL_ANYARGS_ATTRSET(sym) static void sym ## _05(__VA_ARGS__, VALUE(*)(VALUE, VALUE, VALUE, VALUE, VALUE, VALUE), int); \
      | ^~~~~~~~~~~~~~~~~~~~~~
/nix/store/kj9xkgqsiz5h24k2f947z3p6h3mcn2hc-ruby-3.3.10/include/ruby-3.3.0/ruby/internal/anyargs.h:274:1: note: in expansion of macro ‘RBIMPL_ANYARGS_DECL’
  274 | RBIMPL_ANYARGS_DECL(rb_define_singleton_method, VALUE, const char *)
      | ^~~~~~~~~~~~~~~~~~~
/nix/store/kj9xkgqsiz5h24k2f947z3p6h3mcn2hc-ruby-3.3.10/include/ruby-3.3.0/ruby/internal/attr/maybe_unused.h:31:37: error: ISO C does not support ‘[[]]’ attributes before C23 [-Werror=pedantic]
   31 | # define RBIMPL_ATTR_MAYBE_UNUSED() [[maybe_unused]]
      |                                     ^
/nix/store/kj9xkgqsiz5h24k2f947z3p6h3mcn2hc-ruby-3.3.10/include/ruby-3.3.0/ruby/internal/anyargs.h:252:38: note: in expansion of macro ‘RBIMPL_ATTR_MAYBE_UNUSED’
  252 | # define RBIMPL_ANYARGS_ATTRSET(sym) RBIMPL_ATTR_MAYBE_UNUSED() RBIMPL_ATTR_NONNULL(()) RBIMPL_ATTR_WEAKREF(sym)
      |                                      ^~~~~~~~~~~~~~~~~~~~~~~~
/nix/store/kj9xkgqsiz5h24k2f947z3p6h3mcn2hc-ruby-3.3.10/include/ruby-3.3.0/ruby/internal/anyargs.h:264:1: note: in expansion of macro ‘RBIMPL_ANYARGS_ATTRSET’
  264 | RBIMPL_ANYARGS_ATTRSET(sym) static void sym ## _06(__VA_ARGS__, VALUE(*)(VALUE, VALUE, VALUE, VALUE, VALUE, VALUE, VALUE), int); \
      | ^~~~~~~~~~~~~~~~~~~~~~
/nix/store/kj9xkgqsiz5h24k2f947z3p6h3mcn2hc-ruby-3.3.10/include/ruby-3.3.0/ruby/internal/anyargs.h:274:1: note: in expansion of macro ‘RBIMPL_ANYARGS_DECL’
  274 | RBIMPL_ANYARGS_DECL(rb_define_singleton_method, VALUE, const char *)
      | ^~~~~~~~~~~~~~~~~~~
/nix/store/kj9xkgqsiz5h24k2f947z3p6h3mcn2hc-ruby-3.3.10/include/ruby-3.3.0/ruby/internal/attr/maybe_unused.h:31:37: error: ISO C does not support ‘[[]]’ attributes before C23 [-Werror=pedantic]
   31 | # define RBIMPL_ATTR_MAYBE_UNUSED() [[maybe_unused]]
      |                                     ^
/nix/store/kj9xkgqsiz5h24k2f947z3p6h3mcn2hc-ruby-3.3.10/include/ruby-3.3.0/ruby/internal/anyargs.h:252:38: note: in expansion of macro ‘RBIMPL_ATTR_MAYBE_UNUSED’
  252 | # define RBIMPL_ANYARGS_ATTRSET(sym) RBIMPL_ATTR_MAYBE_UNUSED() RBIMPL_ATTR_NONNULL(()) RBIMPL_ATTR_WEAKREF(sym)
      |                                      ^~~~~~~~~~~~~~~~~~~~~~~~
/nix/store/kj9xkgqsiz5h24k2f947z3p6h3mcn2hc-ruby-3.3.10/include/ruby-3.3.0/ruby/internal/anyargs.h:265:1: note: in expansion of macro ‘RBIMPL_ANYARGS_ATTRSET’
  265 | RBIMPL_ANYARGS_ATTRSET(sym) static void sym ## _07(__VA_ARGS__, VALUE(*)(VALUE, VALUE, VALUE, VALUE, VALUE, VALUE, VALUE, VALUE), int); \
      | ^~~~~~~~~~~~~~~~~~~~~~
/nix/store/kj9xkgqsiz5h24k2f947z3p6h3mcn2hc-ruby-3.3.10/include/ruby-3.3.0/ruby/internal/anyargs.h:274:1: note: in expansion of macro ‘RBIMPL_ANYARGS_DECL’
  274 | RBIMPL_ANYARGS_DECL(rb_define_singleton_method, VALUE, const char *)
      | ^~~~~~~~~~~~~~~~~~~
/nix/store/kj9xkgqsiz5h24k2f947z3p6h3mcn2hc-ruby-3.3.10/include/ruby-3.3.0/ruby/internal/attr/maybe_unused.h:31:37: error: ISO C does not support ‘[[]]’ attributes before C23 [-Werror=pedantic]
   31 | # define RBIMPL_ATTR_MAYBE_UNUSED() [[maybe_unused]]
      |                                     ^
/nix/store/kj9xkgqsiz5h24k2f947z3p6h3mcn2hc-ruby-3.3.10/include/ruby-3.3.0/ruby/internal/anyargs.h:252:38: note: in expansion of macro ‘RBIMPL_ATTR_MAYBE_UNUSED’
  252 | # define RBIMPL_ANYARGS_ATTRSET(sym) RBIMPL_ATTR_MAYBE_UNUSED() RBIMPL_ATTR_NONNULL(()) RBIMPL_ATTR_WEAKREF(sym)
      |                                      ^~~~~~~~~~~~~~~~~~~~~~~~
/nix/store/kj9xkgqsiz5h24k2f947z3p6h3mcn2hc-ruby-3.3.10/include/ruby-3.3.0/ruby/internal/anyargs.h:266:1: note: in expansion of macro ‘RBIMPL_ANYARGS_ATTRSET’
  266 | RBIMPL_ANYARGS_ATTRSET(sym) static void sym ## _08(__VA_ARGS__, VALUE(*)(VALUE, VALUE, VALUE, VALUE, VALUE, VALUE, VALUE, VALUE, VALUE), int); \
      | ^~~~~~~~~~~~~~~~~~~~~~
/nix/store/kj9xkgqsiz5h24k2f947z3p6h3mcn2hc-ruby-3.3.10/include/ruby-3.3.0/ruby/internal/anyargs.h:274:1: note: in expansion of macro ‘RBIMPL_ANYARGS_DECL’
  274 | RBIMPL_ANYARGS_DECL(rb_define_singleton_method, VALUE, const char *)
      | ^~~~~~~~~~~~~~~~~~~
/nix/store/kj9xkgqsiz5h24k2f947z3p6h3mcn2hc-ruby-3.3.10/include/ruby-3.3.0/ruby/internal/attr/maybe_unused.h:31:37: error: ISO C does not support ‘[[]]’ attributes before C23 [-Werror=pedantic]
   31 | # define RBIMPL_ATTR_MAYBE_UNUSED() [[maybe_unused]]
      |                                     ^
/nix/store/kj9xkgqsiz5h24k2f947z3p6h3mcn2hc-ruby-3.3.10/include/ruby-3.3.0/ruby/internal/anyargs.h:252:38: note: in expansion of macro ‘RBIMPL_ATTR_MAYBE_UNUSED’
  252 | # define RBIMPL_ANYARGS_ATTRSET(sym) RBIMPL_ATTR_MAYBE_UNUSED() RBIMPL_ATTR_NONNULL(()) RBIMPL_ATTR_WEAKREF(sym)
      |                                      ^~~~~~~~~~~~~~~~~~~~~~~~
/nix/store/kj9xkgqsiz5h24k2f947z3p6h3mcn2hc-ruby-3.3.10/include/ruby-3.3.0/ruby/internal/anyargs.h:267:1: note: in expansion of macro ‘RBIMPL_ANYARGS_ATTRSET’
  267 | RBIMPL_ANYARGS_ATTRSET(sym) static void sym ## _09(__VA_ARGS__, VALUE(*)(VALUE, VALUE, VALUE, VALUE, VALUE, VALUE, VALUE, VALUE, VALUE, VALUE), int); \
      | ^~~~~~~~~~~~~~~~~~~~~~
/nix/store/kj9xkgqsiz5h24k2f947z3p6h3mcn2hc-ruby-3.3.10/include/ruby-3.3.0/ruby/internal/anyargs.h:274:1: note: in expansion of macro ‘RBIMPL_ANYARGS_DECL’
  274 | RBIMPL_ANYARGS_DECL(rb_define_singleton_method, VALUE, const char *)
      | ^~~~~~~~~~~~~~~~~~~
/nix/store/kj9xkgqsiz5h24k2f947z3p6h3mcn2hc-ruby-3.3.10/include/ruby-3.3.0/ruby/internal/attr/maybe_unused.h:31:37: error: ISO C does not support ‘[[]]’ attributes before C23 [-Werror=pedantic]
   31 | # define RBIMPL_ATTR_MAYBE_UNUSED() [[maybe_unused]]
      |                                     ^
/nix/store/kj9xkgqsiz5h24k2f947z3p6h3mcn2hc-ruby-3.3.10/include/ruby-3.3.0/ruby/internal/anyargs.h:252:38: note: in expansion of macro ‘RBIMPL_ATTR_MAYBE_UNUSED’
  252 | # define RBIMPL_ANYARGS_ATTRSET(sym) RBIMPL_ATTR_MAYBE_UNUSED() RBIMPL_ATTR_NONNULL(()) RBIMPL_ATTR_WEAKREF(sym)
      |                                      ^~~~~~~~~~~~~~~~~~~~~~~~
/nix/store/kj9xkgqsiz5h24k2f947z3p6h3mcn2hc-ruby-3.3.10/include/ruby-3.3.0/ruby/internal/anyargs.h:268:1: note: in expansion of macro ‘RBIMPL_ANYARGS_ATTRSET’
  268 | RBIMPL_ANYARGS_ATTRSET(sym) static void sym ## _10(__VA_ARGS__, VALUE(*)(VALUE, VALUE, VALUE, VALUE, VALUE, VALUE, VALUE, VALUE, VALUE, VALUE, VALUE), int); \
      | ^~~~~~~~~~~~~~~~~~~~~~
/nix/store/kj9xkgqsiz5h24k2f947z3p6h3mcn2hc-ruby-3.3.10/include/ruby-3.3.0/ruby/internal/anyargs.h:274:1: note: in expansion of macro ‘RBIMPL_ANYARGS_DECL’
  274 | RBIMPL_ANYARGS_DECL(rb_define_singleton_method, VALUE, const char *)
      | ^~~~~~~~~~~~~~~~~~~
/nix/store/kj9xkgqsiz5h24k2f947z3p6h3mcn2hc-ruby-3.3.10/include/ruby-3.3.0/ruby/internal/attr/maybe_unused.h:31:37: error: ISO C does not support ‘[[]]’ attributes before C23 [-Werror=pedantic]
   31 | # define RBIMPL_ATTR_MAYBE_UNUSED() [[maybe_unused]]
      |                                     ^
/nix/store/kj9xkgqsiz5h24k2f947z3p6h3mcn2hc-ruby-3.3.10/include/ruby-3.3.0/ruby/internal/anyargs.h:252:38: note: in expansion of macro ‘RBIMPL_ATTR_MAYBE_UNUSED’
  252 | # define RBIMPL_ANYARGS_ATTRSET(sym) RBIMPL_ATTR_MAYBE_UNUSED() RBIMPL_ATTR_NONNULL(()) RBIMPL_ATTR_WEAKREF(sym)
      |                                      ^~~~~~~~~~~~~~~~~~~~~~~~
/nix/store/kj9xkgqsiz5h24k2f947z3p6h3mcn2hc-ruby-3.3.10/include/ruby-3.3.0/ruby/internal/anyargs.h:269:1: note: in expansion of macro ‘RBIMPL_ANYARGS_ATTRSET’
  269 | RBIMPL_ANYARGS_ATTRSET(sym) static void sym ## _11(__VA_ARGS__, VALUE(*)(VALUE, VALUE, VALUE, VALUE, VALUE, VALUE, VALUE, VALUE, VALUE, VALUE, VALUE, VALUE), int); \
      | ^~~~~~~~~~~~~~~~~~~~~~
/nix/store/kj9xkgqsiz5h24k2f947z3p6h3mcn2hc-ruby-3.3.10/include/ruby-3.3.0/ruby/internal/anyargs.h:274:1: note: in expansion of macro ‘RBIMPL_ANYARGS_DECL’
  274 | RBIMPL_ANYARGS_DECL(rb_define_singleton_method, VALUE, const char *)
      | ^~~~~~~~~~~~~~~~~~~
/nix/store/kj9xkgqsiz5h24k2f947z3p6h3mcn2hc-ruby-3.3.10/include/ruby-3.3.0/ruby/internal/attr/maybe_unused.h:31:37: error: ISO C does not support ‘[[]]’ attributes before C23 [-Werror=pedantic]
   31 | # define RBIMPL_ATTR_MAYBE_UNUSED() [[maybe_unused]]
      |                                     ^
/nix/store/kj9xkgqsiz5h24k2f947z3p6h3mcn2hc-ruby-3.3.10/include/ruby-3.3.0/ruby/internal/anyargs.h:252:38: note: in expansion of macro ‘RBIMPL_ATTR_MAYBE_UNUSED’
  252 | # define RBIMPL_ANYARGS_ATTRSET(sym) RBIMPL_ATTR_MAYBE_UNUSED() RBIMPL_ATTR_NONNULL(()) RBIMPL_ATTR_WEAKREF(sym)
      |                                      ^~~~~~~~~~~~~~~~~~~~~~~~
/nix/store/kj9xkgqsiz5h24k2f947z3p6h3mcn2hc-ruby-3.3.10/include/ruby-3.3.0/ruby/internal/anyargs.h:270:1: note: in expansion of macro ‘RBIMPL_ANYARGS_ATTRSET’
  270 | RBIMPL_ANYARGS_ATTRSET(sym) static void sym ## _12(__VA_ARGS__, VALUE(*)(VALUE, VALUE, VALUE, VALUE, VALUE, VALUE, VALUE, VALUE, VALUE, VALUE, VALUE, VALUE, VALUE), int); \
      | ^~~~~~~~~~~~~~~~~~~~~~
/nix/store/kj9xkgqsiz5h24k2f947z3p6h3mcn2hc-ruby-3.3.10/include/ruby-3.3.0/ruby/internal/anyargs.h:274:1: note: in expansion of macro ‘RBIMPL_ANYARGS_DECL’
  274 | RBIMPL_ANYARGS_DECL(rb_define_singleton_method, VALUE, const char *)
      | ^~~~~~~~~~~~~~~~~~~
/nix/store/kj9xkgqsiz5h24k2f947z3p6h3mcn2hc-ruby-3.3.10/include/ruby-3.3.0/ruby/internal/attr/maybe_unused.h:31:37: error: ISO C does not support ‘[[]]’ attributes before C23 [-Werror=pedantic]
   31 | # define RBIMPL_ATTR_MAYBE_UNUSED() [[maybe_unused]]
      |                                     ^
/nix/store/kj9xkgqsiz5h24k2f947z3p6h3mcn2hc-ruby-3.3.10/include/ruby-3.3.0/ruby/internal/anyargs.h:252:38: note: in expansion of macro ‘RBIMPL_ATTR_MAYBE_UNUSED’
  252 | # define RBIMPL_ANYARGS_ATTRSET(sym) RBIMPL_ATTR_MAYBE_UNUSED() RBIMPL_ATTR_NONNULL(()) RBIMPL_ATTR_WEAKREF(sym)
      |                                      ^~~~~~~~~~~~~~~~~~~~~~~~
/nix/store/kj9xkgqsiz5h24k2f947z3p6h3mcn2hc-ruby-3.3.10/include/ruby-3.3.0/ruby/internal/anyargs.h:271:1: note: in expansion of macro ‘RBIMPL_ANYARGS_ATTRSET’
  271 | RBIMPL_ANYARGS_ATTRSET(sym) static void sym ## _13(__VA_ARGS__, VALUE(*)(VALUE, VALUE, VALUE, VALUE, VALUE, VALUE, VALUE, VALUE, VALUE, VALUE, VALUE, VALUE, VALUE, VALUE), int); \
      | ^~~~~~~~~~~~~~~~~~~~~~
/nix/store/kj9xkgqsiz5h24k2f947z3p6h3mcn2hc-ruby-3.3.10/include/ruby-3.3.0/ruby/internal/anyargs.h:274:1: note: in expansion of macro ‘RBIMPL_ANYARGS_DECL’
  274 | RBIMPL_ANYARGS_DECL(rb_define_singleton_method, VALUE, const char *)
      | ^~~~~~~~~~~~~~~~~~~
/nix/store/kj9xkgqsiz5h24k2f947z3p6h3mcn2hc-ruby-3.3.10/include/ruby-3.3.0/ruby/internal/attr/maybe_unused.h:31:37: error: ISO C does not support ‘[[]]’ attributes before C23 [-Werror=pedantic]
   31 | # define RBIMPL_ATTR_MAYBE_UNUSED() [[maybe_unused]]
      |                                     ^
/nix/store/kj9xkgqsiz5h24k2f947z3p6h3mcn2hc-ruby-3.3.10/include/ruby-3.3.0/ruby/internal/anyargs.h:252:38: note: in expansion of macro ‘RBIMPL_ATTR_MAYBE_UNUSED’
  252 | # define RBIMPL_ANYARGS_ATTRSET(sym) RBIMPL_ATTR_MAYBE_UNUSED() RBIMPL_ATTR_NONNULL(()) RBIMPL_ATTR_WEAKREF(sym)
      |                                      ^~~~~~~~~~~~~~~~~~~~~~~~
/nix/store/kj9xkgqsiz5h24k2f947z3p6h3mcn2hc-ruby-3.3.10/include/ruby-3.3.0/ruby/internal/anyargs.h:272:1: note: in expansion of macro ‘RBIMPL_ANYARGS_ATTRSET’
  272 | RBIMPL_ANYARGS_ATTRSET(sym) static void sym ## _14(__VA_ARGS__, VALUE(*)(VALUE, VALUE, VALUE, VALUE, VALUE, VALUE, VALUE, VALUE, VALUE, VALUE, VALUE, VALUE, VALUE, VALUE, VALUE), int); \
      | ^~~~~~~~~~~~~~~~~~~~~~
/nix/store/kj9xkgqsiz5h24k2f947z3p6h3mcn2hc-ruby-3.3.10/include/ruby-3.3.0/ruby/internal/anyargs.h:274:1: note: in expansion of macro ‘RBIMPL_ANYARGS_DECL’
  274 | RBIMPL_ANYARGS_DECL(rb_define_singleton_method, VALUE, const char *)
      | ^~~~~~~~~~~~~~~~~~~
/nix/store/kj9xkgqsiz5h24k2f947z3p6h3mcn2hc-ruby-3.3.10/include/ruby-3.3.0/ruby/internal/attr/maybe_unused.h:31:37: error: ISO C does not support ‘[[]]’ attributes before C23 [-Werror=pedantic]
   31 | # define RBIMPL_ATTR_MAYBE_UNUSED() [[maybe_unused]]
      |                                     ^
/nix/store/kj9xkgqsiz5h24k2f947z3p6h3mcn2hc-ruby-3.3.10/include/ruby-3.3.0/ruby/internal/anyargs.h:252:38: note: in expansion of macro ‘RBIMPL_ATTR_MAYBE_UNUSED’
  252 | # define RBIMPL_ANYARGS_ATTRSET(sym) RBIMPL_ATTR_MAYBE_UNUSED() RBIMPL_ATTR_NONNULL(()) RBIMPL_ATTR_WEAKREF(sym)
      |                                      ^~~~~~~~~~~~~~~~~~~~~~~~
/nix/store/kj9xkgqsiz5h24k2f947z3p6h3mcn2hc-ruby-3.3.10/include/ruby-3.3.0/ruby/internal/anyargs.h:273:1: note: in expansion of macro ‘RBIMPL_ANYARGS_ATTRSET’
  273 | RBIMPL_ANYARGS_ATTRSET(sym) static void sym ## _15(__VA_ARGS__, VALUE(*)(VALUE, VALUE, VALUE, VALUE, VALUE, VALUE, VALUE, VALUE, VALUE, VALUE, VALUE, VALUE, VALUE, VALUE, VALUE, VALUE), int);
      | ^~~~~~~~~~~~~~~~~~~~~~
/nix/store/kj9xkgqsiz5h24k2f947z3p6h3mcn2hc-ruby-3.3.10/include/ruby-3.3.0/ruby/internal/anyargs.h:274:1: note: in expansion of macro ‘RBIMPL_ANYARGS_DECL’
  274 | RBIMPL_ANYARGS_DECL(rb_define_singleton_method, VALUE, const char *)
      | ^~~~~~~~~~~~~~~~~~~
/nix/store/kj9xkgqsiz5h24k2f947z3p6h3mcn2hc-ruby-3.3.10/include/ruby-3.3.0/ruby/internal/attr/maybe_unused.h:31:37: error: ISO C does not support ‘[[]]’ attributes before C23 [-Werror=pedantic]
   31 | # define RBIMPL_ATTR_MAYBE_UNUSED() [[maybe_unused]]
      |                                     ^
/nix/store/kj9xkgqsiz5h24k2f947z3p6h3mcn2hc-ruby-3.3.10/include/ruby-3.3.0/ruby/internal/anyargs.h:252:38: note: in expansion of macro ‘RBIMPL_ATTR_MAYBE_UNUSED’
  252 | # define RBIMPL_ANYARGS_ATTRSET(sym) RBIMPL_ATTR_MAYBE_UNUSED() RBIMPL_ATTR_NONNULL(()) RBIMPL_ATTR_WEAKREF(sym)
      |                                      ^~~~~~~~~~~~~~~~~~~~~~~~
/nix/store/kj9xkgqsiz5h24k2f947z3p6h3mcn2hc-ruby-3.3.10/include/ruby-3.3.0/ruby/internal/anyargs.h:254:1: note: in expansion of macro ‘RBIMPL_ANYARGS_ATTRSET’
  254 | RBIMPL_ANYARGS_ATTRSET(sym) static void sym ## _notimpl(__VA_ARGS__, VALUE(*)(int, const VALUE *, VALUE, VALUE), int); \
      | ^~~~~~~~~~~~~~~~~~~~~~
/nix/store/kj9xkgqsiz5h24k2f947z3p6h3mcn2hc-ruby-3.3.10/include/ruby-3.3.0/ruby/internal/anyargs.h:275:1: note: in expansion of macro ‘RBIMPL_ANYARGS_DECL’
  275 | RBIMPL_ANYARGS_DECL(rb_define_protected_method, VALUE, const char *)
      | ^~~~~~~~~~~~~~~~~~~
/nix/store/kj9xkgqsiz5h24k2f947z3p6h3mcn2hc-ruby-3.3.10/include/ruby-3.3.0/ruby/internal/attr/maybe_unused.h:31:37: error: ISO C does not support ‘[[]]’ attributes before C23 [-Werror=pedantic]
   31 | # define RBIMPL_ATTR_MAYBE_UNUSED() [[maybe_unused]]
      |                                     ^
/nix/store/kj9xkgqsiz5h24k2f947z3p6h3mcn2hc-ruby-3.3.10/include/ruby-3.3.0/ruby/internal/anyargs.h:252:38: note: in expansion of macro ‘RBIMPL_ATTR_MAYBE_UNUSED’
  252 | # define RBIMPL_ANYARGS_ATTRSET(sym) RBIMPL_ATTR_MAYBE_UNUSED() RBIMPL_ATTR_NONNULL(()) RBIMPL_ATTR_WEAKREF(sym)
      |                                      ^~~~~~~~~~~~~~~~~~~~~~~~
/nix/store/kj9xkgqsiz5h24k2f947z3p6h3mcn2hc-ruby-3.3.10/include/ruby-3.3.0/ruby/internal/anyargs.h:255:1: note: in expansion of macro ‘RBIMPL_ANYARGS_ATTRSET’
  255 | RBIMPL_ANYARGS_ATTRSET(sym) static void sym ## _m3(__VA_ARGS__, VALUE(*)(ANYARGS), int); \
      | ^~~~~~~~~~~~~~~~~~~~~~
/nix/store/kj9xkgqsiz5h24k2f947z3p6h3mcn2hc-ruby-3.3.10/include/ruby-3.3.0/ruby/internal/anyargs.h:275:1: note: in expansion of macro ‘RBIMPL_ANYARGS_DECL’
  275 | RBIMPL_ANYARGS_DECL(rb_define_protected_method, VALUE, const char *)
      | ^~~~~~~~~~~~~~~~~~~
/nix/store/kj9xkgqsiz5h24k2f947z3p6h3mcn2hc-ruby-3.3.10/include/ruby-3.3.0/ruby/internal/attr/maybe_unused.h:31:37: error: ISO C does not support ‘[[]]’ attributes before C23 [-Werror=pedantic]
   31 | # define RBIMPL_ATTR_MAYBE_UNUSED() [[maybe_unused]]
      |                                     ^
/nix/store/kj9xkgqsiz5h24k2f947z3p6h3mcn2hc-ruby-3.3.10/include/ruby-3.3.0/ruby/internal/anyargs.h:252:38: note: in expansion of macro ‘RBIMPL_ATTR_MAYBE_UNUSED’
  252 | # define RBIMPL_ANYARGS_ATTRSET(sym) RBIMPL_ATTR_MAYBE_UNUSED() RBIMPL_ATTR_NONNULL(()) RBIMPL_ATTR_WEAKREF(sym)
      |                                      ^~~~~~~~~~~~~~~~~~~~~~~~
/nix/store/kj9xkgqsiz5h24k2f947z3p6h3mcn2hc-ruby-3.3.10/include/ruby-3.3.0/ruby/internal/anyargs.h:256:1: note: in expansion of macro ‘RBIMPL_ANYARGS_ATTRSET’
  256 | RBIMPL_ANYARGS_ATTRSET(sym) static void sym ## _m2(__VA_ARGS__, VALUE(*)(VALUE, VALUE), int); \
      | ^~~~~~~~~~~~~~~~~~~~~~
/nix/store/kj9xkgqsiz5h24k2f947z3p6h3mcn2hc-ruby-3.3.10/include/ruby-3.3.0/ruby/internal/anyargs.h:275:1: note: in expansion of macro ‘RBIMPL_ANYARGS_DECL’
  275 | RBIMPL_ANYARGS_DECL(rb_define_protected_method, VALUE, const char *)
      | ^~~~~~~~~~~~~~~~~~~
/nix/store/kj9xkgqsiz5h24k2f947z3p6h3mcn2hc-ruby-3.3.10/include/ruby-3.3.0/ruby/internal/attr/maybe_unused.h:31:37: error: ISO C does not support ‘[[]]’ attributes before C23 [-Werror=pedantic]
   31 | # define RBIMPL_ATTR_MAYBE_UNUSED() [[maybe_unused]]
      |                                     ^
/nix/store/kj9xkgqsiz5h24k2f947z3p6h3mcn2hc-ruby-3.3.10/include/ruby-3.3.0/ruby/internal/anyargs.h:252:38: note: in expansion of macro ‘RBIMPL_ATTR_MAYBE_UNUSED’
  252 | # define RBIMPL_ANYARGS_ATTRSET(sym) RBIMPL_ATTR_MAYBE_UNUSED() RBIMPL_ATTR_NONNULL(()) RBIMPL_ATTR_WEAKREF(sym)
      |                                      ^~~~~~~~~~~~~~~~~~~~~~~~
/nix/store/kj9xkgqsiz5h24k2f947z3p6h3mcn2hc-ruby-3.3.10/include/ruby-3.3.0/ruby/internal/anyargs.h:257:1: note: in expansion of macro ‘RBIMPL_ANYARGS_ATTRSET’
  257 | RBIMPL_ANYARGS_ATTRSET(sym) static void sym ## _m1(__VA_ARGS__, VALUE(*)(int, union { VALUE *x; const VALUE *y; } __attribute__((__transparent_union__)), VALUE), int); \
      | ^~~~~~~~~~~~~~~~~~~~~~
/nix/store/kj9xkgqsiz5h24k2f947z3p6h3mcn2hc-ruby-3.3.10/include/ruby-3.3.0/ruby/internal/anyargs.h:275:1: note: in expansion of macro ‘RBIMPL_ANYARGS_DECL’
  275 | RBIMPL_ANYARGS_DECL(rb_define_protected_method, VALUE, const char *)
      | ^~~~~~~~~~~~~~~~~~~
/nix/store/kj9xkgqsiz5h24k2f947z3p6h3mcn2hc-ruby-3.3.10/include/ruby-3.3.0/ruby/internal/attr/maybe_unused.h:31:37: error: ISO C does not support ‘[[]]’ attributes before C23 [-Werror=pedantic]
   31 | # define RBIMPL_ATTR_MAYBE_UNUSED() [[maybe_unused]]
      |                                     ^
/nix/store/kj9xkgqsiz5h24k2f947z3p6h3mcn2hc-ruby-3.3.10/include/ruby-3.3.0/ruby/internal/anyargs.h:252:38: note: in expansion of macro ‘RBIMPL_ATTR_MAYBE_UNUSED’
  252 | # define RBIMPL_ANYARGS_ATTRSET(sym) RBIMPL_ATTR_MAYBE_UNUSED() RBIMPL_ATTR_NONNULL(()) RBIMPL_ATTR_WEAKREF(sym)
      |                                      ^~~~~~~~~~~~~~~~~~~~~~~~
/nix/store/kj9xkgqsiz5h24k2f947z3p6h3mcn2hc-ruby-3.3.10/include/ruby-3.3.0/ruby/internal/anyargs.h:258:1: note: in expansion of macro ‘RBIMPL_ANYARGS_ATTRSET’
  258 | RBIMPL_ANYARGS_ATTRSET(sym) static void sym ## _00(__VA_ARGS__, VALUE(*)(VALUE), int); \
      | ^~~~~~~~~~~~~~~~~~~~~~
/nix/store/kj9xkgqsiz5h24k2f947z3p6h3mcn2hc-ruby-3.3.10/include/ruby-3.3.0/ruby/internal/anyargs.h:275:1: note: in expansion of macro ‘RBIMPL_ANYARGS_DECL’
  275 | RBIMPL_ANYARGS_DECL(rb_define_protected_method, VALUE, const char *)
      | ^~~~~~~~~~~~~~~~~~~
/nix/store/kj9xkgqsiz5h24k2f947z3p6h3mcn2hc-ruby-3.3.10/include/ruby-3.3.0/ruby/internal/attr/maybe_unused.h:31:37: error: ISO C does not support ‘[[]]’ attributes before C23 [-Werror=pedantic]
   31 | # define RBIMPL_ATTR_MAYBE_UNUSED() [[maybe_unused]]
      |                                     ^
/nix/store/kj9xkgqsiz5h24k2f947z3p6h3mcn2hc-ruby-3.3.10/include/ruby-3.3.0/ruby/internal/anyargs.h:252:38: note: in expansion of macro ‘RBIMPL_ATTR_MAYBE_UNUSED’
  252 | # define RBIMPL_ANYARGS_ATTRSET(sym) RBIMPL_ATTR_MAYBE_UNUSED() RBIMPL_ATTR_NONNULL(()) RBIMPL_ATTR_WEAKREF(sym)
      |                                      ^~~~~~~~~~~~~~~~~~~~~~~~
/nix/store/kj9xkgqsiz5h24k2f947z3p6h3mcn2hc-ruby-3.3.10/include/ruby-3.3.0/ruby/internal/anyargs.h:259:1: note: in expansion of macro ‘RBIMPL_ANYARGS_ATTRSET’
  259 | RBIMPL_ANYARGS_ATTRSET(sym) static void sym ## _01(__VA_ARGS__, VALUE(*)(VALUE, VALUE), int); \
      | ^~~~~~~~~~~~~~~~~~~~~~
/nix/store/kj9xkgqsiz5h24k2f947z3p6h3mcn2hc-ruby-3.3.10/include/ruby-3.3.0/ruby/internal/anyargs.h:275:1: note: in expansion of macro ‘RBIMPL_ANYARGS_DECL’
  275 | RBIMPL_ANYARGS_DECL(rb_define_protected_method, VALUE, const char *)
      | ^~~~~~~~~~~~~~~~~~~
/nix/store/kj9xkgqsiz5h24k2f947z3p6h3mcn2hc-ruby-3.3.10/include/ruby-3.3.0/ruby/internal/attr/maybe_unused.h:31:37: error: ISO C does not support ‘[[]]’ attributes before C23 [-Werror=pedantic]
   31 | # define RBIMPL_ATTR_MAYBE_UNUSED() [[maybe_unused]]
      |                                     ^
/nix/store/kj9xkgqsiz5h24k2f947z3p6h3mcn2hc-ruby-3.3.10/include/ruby-3.3.0/ruby/internal/anyargs.h:252:38: note: in expansion of macro ‘RBIMPL_ATTR_MAYBE_UNUSED’
  252 | # define RBIMPL_ANYARGS_ATTRSET(sym) RBIMPL_ATTR_MAYBE_UNUSED() RBIMPL_ATTR_NONNULL(()) RBIMPL_ATTR_WEAKREF(sym)
      |                                      ^~~~~~~~~~~~~~~~~~~~~~~~
/nix/store/kj9xkgqsiz5h24k2f947z3p6h3mcn2hc-ruby-3.3.10/include/ruby-3.3.0/ruby/internal/anyargs.h:260:1: note: in expansion of macro ‘RBIMPL_ANYARGS_ATTRSET’
  260 | RBIMPL_ANYARGS_ATTRSET(sym) static void sym ## _02(__VA_ARGS__, VALUE(*)(VALUE, VALUE, VALUE), int); \
      | ^~~~~~~~~~~~~~~~~~~~~~
/nix/store/kj9xkgqsiz5h24k2f947z3p6h3mcn2hc-ruby-3.3.10/include/ruby-3.3.0/ruby/internal/anyargs.h:275:1: note: in expansion of macro ‘RBIMPL_ANYARGS_DECL’
  275 | RBIMPL_ANYARGS_DECL(rb_define_protected_method, VALUE, const char *)
      | ^~~~~~~~~~~~~~~~~~~
/nix/store/kj9xkgqsiz5h24k2f947z3p6h3mcn2hc-ruby-3.3.10/include/ruby-3.3.0/ruby/internal/attr/maybe_unused.h:31:37: error: ISO C does not support ‘[[]]’ attributes before C23 [-Werror=pedantic]
   31 | # define RBIMPL_ATTR_MAYBE_UNUSED() [[maybe_unused]]
      |                                     ^
/nix/store/kj9xkgqsiz5h24k2f947z3p6h3mcn2hc-ruby-3.3.10/include/ruby-3.3.0/ruby/internal/anyargs.h:252:38: note: in expansion of macro ‘RBIMPL_ATTR_MAYBE_UNUSED’
  252 | # define RBIMPL_ANYARGS_ATTRSET(sym) RBIMPL_ATTR_MAYBE_UNUSED() RBIMPL_ATTR_NONNULL(()) RBIMPL_ATTR_WEAKREF(sym)
      |                                      ^~~~~~~~~~~~~~~~~~~~~~~~
/nix/store/kj9xkgqsiz5h24k2f947z3p6h3mcn2hc-ruby-3.3.10/include/ruby-3.3.0/ruby/internal/anyargs.h:261:1: note: in expansion of macro ‘RBIMPL_ANYARGS_ATTRSET’
  261 | RBIMPL_ANYARGS_ATTRSET(sym) static void sym ## _03(__VA_ARGS__, VALUE(*)(VALUE, VALUE, VALUE, VALUE), int); \
      | ^~~~~~~~~~~~~~~~~~~~~~
/nix/store/kj9xkgqsiz5h24k2f947z3p6h3mcn2hc-ruby-3.3.10/include/ruby-3.3.0/ruby/internal/anyargs.h:275:1: note: in expansion of macro ‘RBIMPL_ANYARGS_DECL’
  275 | RBIMPL_ANYARGS_DECL(rb_define_protected_method, VALUE, const char *)
      | ^~~~~~~~~~~~~~~~~~~
/nix/store/kj9xkgqsiz5h24k2f947z3p6h3mcn2hc-ruby-3.3.10/include/ruby-3.3.0/ruby/internal/attr/maybe_unused.h:31:37: error: ISO C does not support ‘[[]]’ attributes before C23 [-Werror=pedantic]
   31 | # define RBIMPL_ATTR_MAYBE_UNUSED() [[maybe_unused]]
      |                                     ^
/nix/store/kj9xkgqsiz5h24k2f947z3p6h3mcn2hc-ruby-3.3.10/include/ruby-3.3.0/ruby/internal/anyargs.h:252:38: note: in expansion of macro ‘RBIMPL_ATTR_MAYBE_UNUSED’
  252 | # define RBIMPL_ANYARGS_ATTRSET(sym) RBIMPL_ATTR_MAYBE_UNUSED() RBIMPL_ATTR_NONNULL(()) RBIMPL_ATTR_WEAKREF(sym)
      |                                      ^~~~~~~~~~~~~~~~~~~~~~~~
/nix/store/kj9xkgqsiz5h24k2f947z3p6h3mcn2hc-ruby-3.3.10/include/ruby-3.3.0/ruby/internal/anyargs.h:262:1: note: in expansion of macro ‘RBIMPL_ANYARGS_ATTRSET’
  262 | RBIMPL_ANYARGS_ATTRSET(sym) static void sym ## _04(__VA_ARGS__, VALUE(*)(VALUE, VALUE, VALUE, VALUE, VALUE), int); \
      | ^~~~~~~~~~~~~~~~~~~~~~
/nix/store/kj9xkgqsiz5h24k2f947z3p6h3mcn2hc-ruby-3.3.10/include/ruby-3.3.0/ruby/internal/anyargs.h:275:1: note: in expansion of macro ‘RBIMPL_ANYARGS_DECL’
  275 | RBIMPL_ANYARGS_DECL(rb_define_protected_method, VALUE, const char *)
      | ^~~~~~~~~~~~~~~~~~~
/nix/store/kj9xkgqsiz5h24k2f947z3p6h3mcn2hc-ruby-3.3.10/include/ruby-3.3.0/ruby/internal/attr/maybe_unused.h:31:37: error: ISO C does not support ‘[[]]’ attributes before C23 [-Werror=pedantic]
   31 | # define RBIMPL_ATTR_MAYBE_UNUSED() [[maybe_unused]]
      |                                     ^
/nix/store/kj9xkgqsiz5h24k2f947z3p6h3mcn2hc-ruby-3.3.10/include/ruby-3.3.0/ruby/internal/anyargs.h:252:38: note: in expansion of macro ‘RBIMPL_ATTR_MAYBE_UNUSED’
  252 | # define RBIMPL_ANYARGS_ATTRSET(sym) RBIMPL_ATTR_MAYBE_UNUSED() RBIMPL_ATTR_NONNULL(()) RBIMPL_ATTR_WEAKREF(sym)
      |                                      ^~~~~~~~~~~~~~~~~~~~~~~~
/nix/store/kj9xkgqsiz5h24k2f947z3p6h3mcn2hc-ruby-3.3.10/include/ruby-3.3.0/ruby/internal/anyargs.h:263:1: note: in expansion of macro ‘RBIMPL_ANYARGS_ATTRSET’
  263 | RBIMPL_ANYARGS_ATTRSET(sym) static void sym ## _05(__VA_ARGS__, VALUE(*)(VALUE, VALUE, VALUE, VALUE, VALUE, VALUE), int); \
      | ^~~~~~~~~~~~~~~~~~~~~~
/nix/store/kj9xkgqsiz5h24k2f947z3p6h3mcn2hc-ruby-3.3.10/include/ruby-3.3.0/ruby/internal/anyargs.h:275:1: note: in expansion of macro ‘RBIMPL_ANYARGS_DECL’
  275 | RBIMPL_ANYARGS_DECL(rb_define_protected_method, VALUE, const char *)
      | ^~~~~~~~~~~~~~~~~~~
/nix/store/kj9xkgqsiz5h24k2f947z3p6h3mcn2hc-ruby-3.3.10/include/ruby-3.3.0/ruby/internal/attr/maybe_unused.h:31:37: error: ISO C does not support ‘[[]]’ attributes before C23 [-Werror=pedantic]
   31 | # define RBIMPL_ATTR_MAYBE_UNUSED() [[maybe_unused]]
      |                                     ^
/nix/store/kj9xkgqsiz5h24k2f947z3p6h3mcn2hc-ruby-3.3.10/include/ruby-3.3.0/ruby/internal/anyargs.h:252:38: note: in expansion of macro ‘RBIMPL_ATTR_MAYBE_UNUSED’
  252 | # define RBIMPL_ANYARGS_ATTRSET(sym) RBIMPL_ATTR_MAYBE_UNUSED() RBIMPL_ATTR_NONNULL(()) RBIMPL_ATTR_WEAKREF(sym)
      |                                      ^~~~~~~~~~~~~~~~~~~~~~~~
/nix/store/kj9xkgqsiz5h24k2f947z3p6h3mcn2hc-ruby-3.3.10/include/ruby-3.3.0/ruby/internal/anyargs.h:264:1: note: in expansion of macro ‘RBIMPL_ANYARGS_ATTRSET’
  264 | RBIMPL_ANYARGS_ATTRSET(sym) static void sym ## _06(__VA_ARGS__, VALUE(*)(VALUE, VALUE, VALUE, VALUE, VALUE, VALUE, VALUE), int); \
      | ^~~~~~~~~~~~~~~~~~~~~~
/nix/store/kj9xkgqsiz5h24k2f947z3p6h3mcn2hc-ruby-3.3.10/include/ruby-3.3.0/ruby/internal/anyargs.h:275:1: note: in expansion of macro ‘RBIMPL_ANYARGS_DECL’
  275 | RBIMPL_ANYARGS_DECL(rb_define_protected_method, VALUE, const char *)
      | ^~~~~~~~~~~~~~~~~~~
/nix/store/kj9xkgqsiz5h24k2f947z3p6h3mcn2hc-ruby-3.3.10/include/ruby-3.3.0/ruby/internal/attr/maybe_unused.h:31:37: error: ISO C does not support ‘[[]]’ attributes before C23 [-Werror=pedantic]
   31 | # define RBIMPL_ATTR_MAYBE_UNUSED() [[maybe_unused]]
      |                                     ^
/nix/store/kj9xkgqsiz5h24k2f947z3p6h3mcn2hc-ruby-3.3.10/include/ruby-3.3.0/ruby/internal/anyargs.h:252:38: note: in expansion of macro ‘RBIMPL_ATTR_MAYBE_UNUSED’
  252 | # define RBIMPL_ANYARGS_ATTRSET(sym) RBIMPL_ATTR_MAYBE_UNUSED() RBIMPL_ATTR_NONNULL(()) RBIMPL_ATTR_WEAKREF(sym)
      |                                      ^~~~~~~~~~~~~~~~~~~~~~~~
/nix/store/kj9xkgqsiz5h24k2f947z3p6h3mcn2hc-ruby-3.3.10/include/ruby-3.3.0/ruby/internal/anyargs.h:265:1: note: in expansion of macro ‘RBIMPL_ANYARGS_ATTRSET’
  265 | RBIMPL_ANYARGS_ATTRSET(sym) static void sym ## _07(__VA_ARGS__, VALUE(*)(VALUE, VALUE, VALUE, VALUE, VALUE, VALUE, VALUE, VALUE), int); \
      | ^~~~~~~~~~~~~~~~~~~~~~
/nix/store/kj9xkgqsiz5h24k2f947z3p6h3mcn2hc-ruby-3.3.10/include/ruby-3.3.0/ruby/internal/anyargs.h:275:1: note: in expansion of macro ‘RBIMPL_ANYARGS_DECL’
  275 | RBIMPL_ANYARGS_DECL(rb_define_protected_method, VALUE, const char *)
      | ^~~~~~~~~~~~~~~~~~~
/nix/store/kj9xkgqsiz5h24k2f947z3p6h3mcn2hc-ruby-3.3.10/include/ruby-3.3.0/ruby/internal/attr/maybe_unused.h:31:37: error: ISO C does not support ‘[[]]’ attributes before C23 [-Werror=pedantic]
   31 | # define RBIMPL_ATTR_MAYBE_UNUSED() [[maybe_unused]]
      |                                     ^
/nix/store/kj9xkgqsiz5h24k2f947z3p6h3mcn2hc-ruby-3.3.10/include/ruby-3.3.0/ruby/internal/anyargs.h:252:38: note: in expansion of macro ‘RBIMPL_ATTR_MAYBE_UNUSED’
  252 | # define RBIMPL_ANYARGS_ATTRSET(sym) RBIMPL_ATTR_MAYBE_UNUSED() RBIMPL_ATTR_NONNULL(()) RBIMPL_ATTR_WEAKREF(sym)
      |                                      ^~~~~~~~~~~~~~~~~~~~~~~~
/nix/store/kj9xkgqsiz5h24k2f947z3p6h3mcn2hc-ruby-3.3.10/include/ruby-3.3.0/ruby/internal/anyargs.h:266:1: note: in expansion of macro ‘RBIMPL_ANYARGS_ATTRSET’
  266 | RBIMPL_ANYARGS_ATTRSET(sym) static void sym ## _08(__VA_ARGS__, VALUE(*)(VALUE, VALUE, VALUE, VALUE, VALUE, VALUE, VALUE, VALUE, VALUE), int); \
      | ^~~~~~~~~~~~~~~~~~~~~~
/nix/store/kj9xkgqsiz5h24k2f947z3p6h3mcn2hc-ruby-3.3.10/include/ruby-3.3.0/ruby/internal/anyargs.h:275:1: note: in expansion of macro ‘RBIMPL_ANYARGS_DECL’
  275 | RBIMPL_ANYARGS_DECL(rb_define_protected_method, VALUE, const char *)
      | ^~~~~~~~~~~~~~~~~~~
/nix/store/kj9xkgqsiz5h24k2f947z3p6h3mcn2hc-ruby-3.3.10/include/ruby-3.3.0/ruby/internal/attr/maybe_unused.h:31:37: error: ISO C does not support ‘[[]]’ attributes before C23 [-Werror=pedantic]
   31 | # define RBIMPL_ATTR_MAYBE_UNUSED() [[maybe_unused]]
      |                                     ^
/nix/store/kj9xkgqsiz5h24k2f947z3p6h3mcn2hc-ruby-3.3.10/include/ruby-3.3.0/ruby/internal/anyargs.h:252:38: note: in expansion of macro ‘RBIMPL_ATTR_MAYBE_UNUSED’
  252 | # define RBIMPL_ANYARGS_ATTRSET(sym) RBIMPL_ATTR_MAYBE_UNUSED() RBIMPL_ATTR_NONNULL(()) RBIMPL_ATTR_WEAKREF(sym)
      |                                      ^~~~~~~~~~~~~~~~~~~~~~~~
/nix/store/kj9xkgqsiz5h24k2f947z3p6h3mcn2hc-ruby-3.3.10/include/ruby-3.3.0/ruby/internal/anyargs.h:267:1: note: in expansion of macro ‘RBIMPL_ANYARGS_ATTRSET’
  267 | RBIMPL_ANYARGS_ATTRSET(sym) static void sym ## _09(__VA_ARGS__, VALUE(*)(VALUE, VALUE, VALUE, VALUE, VALUE, VALUE, VALUE, VALUE, VALUE, VALUE), int); \
      | ^~~~~~~~~~~~~~~~~~~~~~
/nix/store/kj9xkgqsiz5h24k2f947z3p6h3mcn2hc-ruby-3.3.10/include/ruby-3.3.0/ruby/internal/anyargs.h:275:1: note: in expansion of macro ‘RBIMPL_ANYARGS_DECL’
  275 | RBIMPL_ANYARGS_DECL(rb_define_protected_method, VALUE, const char *)
      | ^~~~~~~~~~~~~~~~~~~
/nix/store/kj9xkgqsiz5h24k2f947z3p6h3mcn2hc-ruby-3.3.10/include/ruby-3.3.0/ruby/internal/attr/maybe_unused.h:31:37: error: ISO C does not support ‘[[]]’ attributes before C23 [-Werror=pedantic]
   31 | # define RBIMPL_ATTR_MAYBE_UNUSED() [[maybe_unused]]
      |                                     ^
/nix/store/kj9xkgqsiz5h24k2f947z3p6h3mcn2hc-ruby-3.3.10/include/ruby-3.3.0/ruby/internal/anyargs.h:252:38: note: in expansion of macro ‘RBIMPL_ATTR_MAYBE_UNUSED’
  252 | # define RBIMPL_ANYARGS_ATTRSET(sym) RBIMPL_ATTR_MAYBE_UNUSED() RBIMPL_ATTR_NONNULL(()) RBIMPL_ATTR_WEAKREF(sym)
      |                                      ^~~~~~~~~~~~~~~~~~~~~~~~
/nix/store/kj9xkgqsiz5h24k2f947z3p6h3mcn2hc-ruby-3.3.10/include/ruby-3.3.0/ruby/internal/anyargs.h:268:1: note: in expansion of macro ‘RBIMPL_ANYARGS_ATTRSET’
  268 | RBIMPL_ANYARGS_ATTRSET(sym) static void sym ## _10(__VA_ARGS__, VALUE(*)(VALUE, VALUE, VALUE, VALUE, VALUE, VALUE, VALUE, VALUE, VALUE, VALUE, VALUE), int); \
      | ^~~~~~~~~~~~~~~~~~~~~~
/nix/store/kj9xkgqsiz5h24k2f947z3p6h3mcn2hc-ruby-3.3.10/include/ruby-3.3.0/ruby/internal/anyargs.h:275:1: note: in expansion of macro ‘RBIMPL_ANYARGS_DECL’
  275 | RBIMPL_ANYARGS_DECL(rb_define_protected_method, VALUE, const char *)
      | ^~~~~~~~~~~~~~~~~~~
/nix/store/kj9xkgqsiz5h24k2f947z3p6h3mcn2hc-ruby-3.3.10/include/ruby-3.3.0/ruby/internal/attr/maybe_unused.h:31:37: error: ISO C does not support ‘[[]]’ attributes before C23 [-Werror=pedantic]
   31 | # define RBIMPL_ATTR_MAYBE_UNUSED() [[maybe_unused]]
      |                                     ^
/nix/store/kj9xkgqsiz5h24k2f947z3p6h3mcn2hc-ruby-3.3.10/include/ruby-3.3.0/ruby/internal/anyargs.h:252:38: note: in expansion of macro ‘RBIMPL_ATTR_MAYBE_UNUSED’
  252 | # define RBIMPL_ANYARGS_ATTRSET(sym) RBIMPL_ATTR_MAYBE_UNUSED() RBIMPL_ATTR_NONNULL(()) RBIMPL_ATTR_WEAKREF(sym)
      |                                      ^~~~~~~~~~~~~~~~~~~~~~~~
/nix/store/kj9xkgqsiz5h24k2f947z3p6h3mcn2hc-ruby-3.3.10/include/ruby-3.3.0/ruby/internal/anyargs.h:269:1: note: in expansion of macro ‘RBIMPL_ANYARGS_ATTRSET’
  269 | RBIMPL_ANYARGS_ATTRSET(sym) static void sym ## _11(__VA_ARGS__, VALUE(*)(VALUE, VALUE, VALUE, VALUE, VALUE, VALUE, VALUE, VALUE, VALUE, VALUE, VALUE, VALUE), int); \
      | ^~~~~~~~~~~~~~~~~~~~~~
/nix/store/kj9xkgqsiz5h24k2f947z3p6h3mcn2hc-ruby-3.3.10/include/ruby-3.3.0/ruby/internal/anyargs.h:275:1: note: in expansion of macro ‘RBIMPL_ANYARGS_DECL’
  275 | RBIMPL_ANYARGS_DECL(rb_define_protected_method, VALUE, const char *)
      | ^~~~~~~~~~~~~~~~~~~
/nix/store/kj9xkgqsiz5h24k2f947z3p6h3mcn2hc-ruby-3.3.10/include/ruby-3.3.0/ruby/internal/attr/maybe_unused.h:31:37: error: ISO C does not support ‘[[]]’ attributes before C23 [-Werror=pedantic]
   31 | # define RBIMPL_ATTR_MAYBE_UNUSED() [[maybe_unused]]
      |                                     ^
/nix/store/kj9xkgqsiz5h24k2f947z3p6h3mcn2hc-ruby-3.3.10/include/ruby-3.3.0/ruby/internal/anyargs.h:252:38: note: in expansion of macro ‘RBIMPL_ATTR_MAYBE_UNUSED’
  252 | # define RBIMPL_ANYARGS_ATTRSET(sym) RBIMPL_ATTR_MAYBE_UNUSED() RBIMPL_ATTR_NONNULL(()) RBIMPL_ATTR_WEAKREF(sym)
      |                                      ^~~~~~~~~~~~~~~~~~~~~~~~
/nix/store/kj9xkgqsiz5h24k2f947z3p6h3mcn2hc-ruby-3.3.10/include/ruby-3.3.0/ruby/internal/anyargs.h:270:1: note: in expansion of macro ‘RBIMPL_ANYARGS_ATTRSET’
  270 | RBIMPL_ANYARGS_ATTRSET(sym) static void sym ## _12(__VA_ARGS__, VALUE(*)(VALUE, VALUE, VALUE, VALUE, VALUE, VALUE, VALUE, VALUE, VALUE, VALUE, VALUE, VALUE, VALUE), int); \
      | ^~~~~~~~~~~~~~~~~~~~~~
/nix/store/kj9xkgqsiz5h24k2f947z3p6h3mcn2hc-ruby-3.3.10/include/ruby-3.3.0/ruby/internal/anyargs.h:275:1: note: in expansion of macro ‘RBIMPL_ANYARGS_DECL’
  275 | RBIMPL_ANYARGS_DECL(rb_define_protected_method, VALUE, const char *)
      | ^~~~~~~~~~~~~~~~~~~
/nix/store/kj9xkgqsiz5h24k2f947z3p6h3mcn2hc-ruby-3.3.10/include/ruby-3.3.0/ruby/internal/attr/maybe_unused.h:31:37: error: ISO C does not support ‘[[]]’ attributes before C23 [-Werror=pedantic]
   31 | # define RBIMPL_ATTR_MAYBE_UNUSED() [[maybe_unused]]
      |                                     ^
/nix/store/kj9xkgqsiz5h24k2f947z3p6h3mcn2hc-ruby-3.3.10/include/ruby-3.3.0/ruby/internal/anyargs.h:252:38: note: in expansion of macro ‘RBIMPL_ATTR_MAYBE_UNUSED’
  252 | # define RBIMPL_ANYARGS_ATTRSET(sym) RBIMPL_ATTR_MAYBE_UNUSED() RBIMPL_ATTR_NONNULL(()) RBIMPL_ATTR_WEAKREF(sym)
      |                                      ^~~~~~~~~~~~~~~~~~~~~~~~
/nix/store/kj9xkgqsiz5h24k2f947z3p6h3mcn2hc-ruby-3.3.10/include/ruby-3.3.0/ruby/internal/anyargs.h:271:1: note: in expansion of macro ‘RBIMPL_ANYARGS_ATTRSET’
  271 | RBIMPL_ANYARGS_ATTRSET(sym) static void sym ## _13(__VA_ARGS__, VALUE(*)(VALUE, VALUE, VALUE, VALUE, VALUE, VALUE, VALUE, VALUE, VALUE, VALUE, VALUE, VALUE, VALUE, VALUE), int); \
      | ^~~~~~~~~~~~~~~~~~~~~~
/nix/store/kj9xkgqsiz5h24k2f947z3p6h3mcn2hc-ruby-3.3.10/include/ruby-3.3.0/ruby/internal/anyargs.h:275:1: note: in expansion of macro ‘RBIMPL_ANYARGS_DECL’
  275 | RBIMPL_ANYARGS_DECL(rb_define_protected_method, VALUE, const char *)
      | ^~~~~~~~~~~~~~~~~~~
/nix/store/kj9xkgqsiz5h24k2f947z3p6h3mcn2hc-ruby-3.3.10/include/ruby-3.3.0/ruby/internal/attr/maybe_unused.h:31:37: error: ISO C does not support ‘[[]]’ attributes before C23 [-Werror=pedantic]
   31 | # define RBIMPL_ATTR_MAYBE_UNUSED() [[maybe_unused]]
      |                                     ^
/nix/store/kj9xkgqsiz5h24k2f947z3p6h3mcn2hc-ruby-3.3.10/include/ruby-3.3.0/ruby/internal/anyargs.h:252:38: note: in expansion of macro ‘RBIMPL_ATTR_MAYBE_UNUSED’
  252 | # define RBIMPL_ANYARGS_ATTRSET(sym) RBIMPL_ATTR_MAYBE_UNUSED() RBIMPL_ATTR_NONNULL(()) RBIMPL_ATTR_WEAKREF(sym)
      |                                      ^~~~~~~~~~~~~~~~~~~~~~~~
/nix/store/kj9xkgqsiz5h24k2f947z3p6h3mcn2hc-ruby-3.3.10/include/ruby-3.3.0/ruby/internal/anyargs.h:272:1: note: in expansion of macro ‘RBIMPL_ANYARGS_ATTRSET’
  272 | RBIMPL_ANYARGS_ATTRSET(sym) static void sym ## _14(__VA_ARGS__, VALUE(*)(VALUE, VALUE, VALUE, VALUE, VALUE, VALUE, VALUE, VALUE, VALUE, VALUE, VALUE, VALUE, VALUE, VALUE, VALUE), int); \
      | ^~~~~~~~~~~~~~~~~~~~~~
/nix/store/kj9xkgqsiz5h24k2f947z3p6h3mcn2hc-ruby-3.3.10/include/ruby-3.3.0/ruby/internal/anyargs.h:275:1: note: in expansion of macro ‘RBIMPL_ANYARGS_DECL’
  275 | RBIMPL_ANYARGS_DECL(rb_define_protected_method, VALUE, const char *)
      | ^~~~~~~~~~~~~~~~~~~
/nix/store/kj9xkgqsiz5h24k2f947z3p6h3mcn2hc-ruby-3.3.10/include/ruby-3.3.0/ruby/internal/attr/maybe_unused.h:31:37: error: ISO C does not support ‘[[]]’ attributes before C23 [-Werror=pedantic]
   31 | # define RBIMPL_ATTR_MAYBE_UNUSED() [[maybe_unused]]
      |                                     ^
/nix/store/kj9xkgqsiz5h24k2f947z3p6h3mcn2hc-ruby-3.3.10/include/ruby-3.3.0/ruby/internal/anyargs.h:252:38: note: in expansion of macro ‘RBIMPL_ATTR_MAYBE_UNUSED’
  252 | # define RBIMPL_ANYARGS_ATTRSET(sym) RBIMPL_ATTR_MAYBE_UNUSED() RBIMPL_ATTR_NONNULL(()) RBIMPL_ATTR_WEAKREF(sym)
      |                                      ^~~~~~~~~~~~~~~~~~~~~~~~
/nix/store/kj9xkgqsiz5h24k2f947z3p6h3mcn2hc-ruby-3.3.10/include/ruby-3.3.0/ruby/internal/anyargs.h:273:1: note: in expansion of macro ‘RBIMPL_ANYARGS_ATTRSET’
  273 | RBIMPL_ANYARGS_ATTRSET(sym) static void sym ## _15(__VA_ARGS__, VALUE(*)(VALUE, VALUE, VALUE, VALUE, VALUE, VALUE, VALUE, VALUE, VALUE, VALUE, VALUE, VALUE, VALUE, VALUE, VALUE, VALUE), int);
      | ^~~~~~~~~~~~~~~~~~~~~~
/nix/store/kj9xkgqsiz5h24k2f947z3p6h3mcn2hc-ruby-3.3.10/include/ruby-3.3.0/ruby/internal/anyargs.h:275:1: note: in expansion of macro ‘RBIMPL_ANYARGS_DECL’
  275 | RBIMPL_ANYARGS_DECL(rb_define_protected_method, VALUE, const char *)
      | ^~~~~~~~~~~~~~~~~~~
/nix/store/kj9xkgqsiz5h24k2f947z3p6h3mcn2hc-ruby-3.3.10/include/ruby-3.3.0/ruby/internal/attr/maybe_unused.h:31:37: error: ISO C does not support ‘[[]]’ attributes before C23 [-Werror=pedantic]
   31 | # define RBIMPL_ATTR_MAYBE_UNUSED() [[maybe_unused]]
      |                                     ^
/nix/store/kj9xkgqsiz5h24k2f947z3p6h3mcn2hc-ruby-3.3.10/include/ruby-3.3.0/ruby/internal/anyargs.h:252:38: note: in expansion of macro ‘RBIMPL_ATTR_MAYBE_UNUSED’
  252 | # define RBIMPL_ANYARGS_ATTRSET(sym) RBIMPL_ATTR_MAYBE_UNUSED() RBIMPL_ATTR_NONNULL(()) RBIMPL_ATTR_WEAKREF(sym)
      |                                      ^~~~~~~~~~~~~~~~~~~~~~~~
/nix/store/kj9xkgqsiz5h24k2f947z3p6h3mcn2hc-ruby-3.3.10/include/ruby-3.3.0/ruby/internal/anyargs.h:254:1: note: in expansion of macro ‘RBIMPL_ANYARGS_ATTRSET’
  254 | RBIMPL_ANYARGS_ATTRSET(sym) static void sym ## _notimpl(__VA_ARGS__, VALUE(*)(int, const VALUE *, VALUE, VALUE), int); \
      | ^~~~~~~~~~~~~~~~~~~~~~
/nix/store/kj9xkgqsiz5h24k2f947z3p6h3mcn2hc-ruby-3.3.10/include/ruby-3.3.0/ruby/internal/anyargs.h:276:1: note: in expansion of macro ‘RBIMPL_ANYARGS_DECL’
  276 | RBIMPL_ANYARGS_DECL(rb_define_private_method, VALUE, const char *)
      | ^~~~~~~~~~~~~~~~~~~
/nix/store/kj9xkgqsiz5h24k2f947z3p6h3mcn2hc-ruby-3.3.10/include/ruby-3.3.0/ruby/internal/attr/maybe_unused.h:31:37: error: ISO C does not support ‘[[]]’ attributes before C23 [-Werror=pedantic]
   31 | # define RBIMPL_ATTR_MAYBE_UNUSED() [[maybe_unused]]
      |                                     ^
/nix/store/kj9xkgqsiz5h24k2f947z3p6h3mcn2hc-ruby-3.3.10/include/ruby-3.3.0/ruby/internal/anyargs.h:252:38: note: in expansion of macro ‘RBIMPL_ATTR_MAYBE_UNUSED’
  252 | # define RBIMPL_ANYARGS_ATTRSET(sym) RBIMPL_ATTR_MAYBE_UNUSED() RBIMPL_ATTR_NONNULL(()) RBIMPL_ATTR_WEAKREF(sym)
      |                                      ^~~~~~~~~~~~~~~~~~~~~~~~
/nix/store/kj9xkgqsiz5h24k2f947z3p6h3mcn2hc-ruby-3.3.10/include/ruby-3.3.0/ruby/internal/anyargs.h:255:1: note: in expansion of macro ‘RBIMPL_ANYARGS_ATTRSET’
  255 | RBIMPL_ANYARGS_ATTRSET(sym) static void sym ## _m3(__VA_ARGS__, VALUE(*)(ANYARGS), int); \
      | ^~~~~~~~~~~~~~~~~~~~~~
/nix/store/kj9xkgqsiz5h24k2f947z3p6h3mcn2hc-ruby-3.3.10/include/ruby-3.3.0/ruby/internal/anyargs.h:276:1: note: in expansion of macro ‘RBIMPL_ANYARGS_DECL’
  276 | RBIMPL_ANYARGS_DECL(rb_define_private_method, VALUE, const char *)
      | ^~~~~~~~~~~~~~~~~~~
/nix/store/kj9xkgqsiz5h24k2f947z3p6h3mcn2hc-ruby-3.3.10/include/ruby-3.3.0/ruby/internal/attr/maybe_unused.h:31:37: error: ISO C does not support ‘[[]]’ attributes before C23 [-Werror=pedantic]
   31 | # define RBIMPL_ATTR_MAYBE_UNUSED() [[maybe_unused]]
      |                                     ^
/nix/store/kj9xkgqsiz5h24k2f947z3p6h3mcn2hc-ruby-3.3.10/include/ruby-3.3.0/ruby/internal/anyargs.h:252:38: note: in expansion of macro ‘RBIMPL_ATTR_MAYBE_UNUSED’
  252 | # define RBIMPL_ANYARGS_ATTRSET(sym) RBIMPL_ATTR_MAYBE_UNUSED() RBIMPL_ATTR_NONNULL(()) RBIMPL_ATTR_WEAKREF(sym)
      |                                      ^~~~~~~~~~~~~~~~~~~~~~~~
/nix/store/kj9xkgqsiz5h24k2f947z3p6h3mcn2hc-ruby-3.3.10/include/ruby-3.3.0/ruby/internal/anyargs.h:256:1: note: in expansion of macro ‘RBIMPL_ANYARGS_ATTRSET’
  256 | RBIMPL_ANYARGS_ATTRSET(sym) static void sym ## _m2(__VA_ARGS__, VALUE(*)(VALUE, VALUE), int); \
      | ^~~~~~~~~~~~~~~~~~~~~~
/nix/store/kj9xkgqsiz5h24k2f947z3p6h3mcn2hc-ruby-3.3.10/include/ruby-3.3.0/ruby/internal/anyargs.h:276:1: note: in expansion of macro ‘RBIMPL_ANYARGS_DECL’
  276 | RBIMPL_ANYARGS_DECL(rb_define_private_method, VALUE, const char *)
      | ^~~~~~~~~~~~~~~~~~~
/nix/store/kj9xkgqsiz5h24k2f947z3p6h3mcn2hc-ruby-3.3.10/include/ruby-3.3.0/ruby/internal/attr/maybe_unused.h:31:37: error: ISO C does not support ‘[[]]’ attributes before C23 [-Werror=pedantic]
   31 | # define RBIMPL_ATTR_MAYBE_UNUSED() [[maybe_unused]]
      |                                     ^
/nix/store/kj9xkgqsiz5h24k2f947z3p6h3mcn2hc-ruby-3.3.10/include/ruby-3.3.0/ruby/internal/anyargs.h:252:38: note: in expansion of macro ‘RBIMPL_ATTR_MAYBE_UNUSED’
  252 | # define RBIMPL_ANYARGS_ATTRSET(sym) RBIMPL_ATTR_MAYBE_UNUSED() RBIMPL_ATTR_NONNULL(()) RBIMPL_ATTR_WEAKREF(sym)
      |                                      ^~~~~~~~~~~~~~~~~~~~~~~~
/nix/store/kj9xkgqsiz5h24k2f947z3p6h3mcn2hc-ruby-3.3.10/include/ruby-3.3.0/ruby/internal/anyargs.h:257:1: note: in expansion of macro ‘RBIMPL_ANYARGS_ATTRSET’
  257 | RBIMPL_ANYARGS_ATTRSET(sym) static void sym ## _m1(__VA_ARGS__, VALUE(*)(int, union { VALUE *x; const VALUE *y; } __attribute__((__transparent_union__)), VALUE), int); \
      | ^~~~~~~~~~~~~~~~~~~~~~
/nix/store/kj9xkgqsiz5h24k2f947z3p6h3mcn2hc-ruby-3.3.10/include/ruby-3.3.0/ruby/internal/anyargs.h:276:1: note: in expansion of macro ‘RBIMPL_ANYARGS_DECL’
  276 | RBIMPL_ANYARGS_DECL(rb_define_private_method, VALUE, const char *)
      | ^~~~~~~~~~~~~~~~~~~
/nix/store/kj9xkgqsiz5h24k2f947z3p6h3mcn2hc-ruby-3.3.10/include/ruby-3.3.0/ruby/internal/attr/maybe_unused.h:31:37: error: ISO C does not support ‘[[]]’ attributes before C23 [-Werror=pedantic]
   31 | # define RBIMPL_ATTR_MAYBE_UNUSED() [[maybe_unused]]
      |                                     ^
/nix/store/kj9xkgqsiz5h24k2f947z3p6h3mcn2hc-ruby-3.3.10/include/ruby-3.3.0/ruby/internal/anyargs.h:252:38: note: in expansion of macro ‘RBIMPL_ATTR_MAYBE_UNUSED’
  252 | # define RBIMPL_ANYARGS_ATTRSET(sym) RBIMPL_ATTR_MAYBE_UNUSED() RBIMPL_ATTR_NONNULL(()) RBIMPL_ATTR_WEAKREF(sym)
      |                                      ^~~~~~~~~~~~~~~~~~~~~~~~
/nix/store/kj9xkgqsiz5h24k2f947z3p6h3mcn2hc-ruby-3.3.10/include/ruby-3.3.0/ruby/internal/anyargs.h:258:1: note: in expansion of macro ‘RBIMPL_ANYARGS_ATTRSET’
  258 | RBIMPL_ANYARGS_ATTRSET(sym) static void sym ## _00(__VA_ARGS__, VALUE(*)(VALUE), int); \
      | ^~~~~~~~~~~~~~~~~~~~~~
/nix/store/kj9xkgqsiz5h24k2f947z3p6h3mcn2hc-ruby-3.3.10/include/ruby-3.3.0/ruby/internal/anyargs.h:276:1: note: in expansion of macro ‘RBIMPL_ANYARGS_DECL’
  276 | RBIMPL_ANYARGS_DECL(rb_define_private_method, VALUE, const char *)
      | ^~~~~~~~~~~~~~~~~~~
/nix/store/kj9xkgqsiz5h24k2f947z3p6h3mcn2hc-ruby-3.3.10/include/ruby-3.3.0/ruby/internal/attr/maybe_unused.h:31:37: error: ISO C does not support ‘[[]]’ attributes before C23 [-Werror=pedantic]
   31 | # define RBIMPL_ATTR_MAYBE_UNUSED() [[maybe_unused]]
      |                                     ^
/nix/store/kj9xkgqsiz5h24k2f947z3p6h3mcn2hc-ruby-3.3.10/include/ruby-3.3.0/ruby/internal/anyargs.h:252:38: note: in expansion of macro ‘RBIMPL_ATTR_MAYBE_UNUSED’
  252 | # define RBIMPL_ANYARGS_ATTRSET(sym) RBIMPL_ATTR_MAYBE_UNUSED() RBIMPL_ATTR_NONNULL(()) RBIMPL_ATTR_WEAKREF(sym)
      |                                      ^~~~~~~~~~~~~~~~~~~~~~~~
/nix/store/kj9xkgqsiz5h24k2f947z3p6h3mcn2hc-ruby-3.3.10/include/ruby-3.3.0/ruby/internal/anyargs.h:259:1: note: in expansion of macro ‘RBIMPL_ANYARGS_ATTRSET’
  259 | RBIMPL_ANYARGS_ATTRSET(sym) static void sym ## _01(__VA_ARGS__, VALUE(*)(VALUE, VALUE), int); \
      | ^~~~~~~~~~~~~~~~~~~~~~
/nix/store/kj9xkgqsiz5h24k2f947z3p6h3mcn2hc-ruby-3.3.10/include/ruby-3.3.0/ruby/internal/anyargs.h:276:1: note: in expansion of macro ‘RBIMPL_ANYARGS_DECL’
  276 | RBIMPL_ANYARGS_DECL(rb_define_private_method, VALUE, const char *)
      | ^~~~~~~~~~~~~~~~~~~
/nix/store/kj9xkgqsiz5h24k2f947z3p6h3mcn2hc-ruby-3.3.10/include/ruby-3.3.0/ruby/internal/attr/maybe_unused.h:31:37: error: ISO C does not support ‘[[]]’ attributes before C23 [-Werror=pedantic]
   31 | # define RBIMPL_ATTR_MAYBE_UNUSED() [[maybe_unused]]
      |                                     ^
/nix/store/kj9xkgqsiz5h24k2f947z3p6h3mcn2hc-ruby-3.3.10/include/ruby-3.3.0/ruby/internal/anyargs.h:252:38: note: in expansion of macro ‘RBIMPL_ATTR_MAYBE_UNUSED’
  252 | # define RBIMPL_ANYARGS_ATTRSET(sym) RBIMPL_ATTR_MAYBE_UNUSED() RBIMPL_ATTR_NONNULL(()) RBIMPL_ATTR_WEAKREF(sym)
      |                                      ^~~~~~~~~~~~~~~~~~~~~~~~
/nix/store/kj9xkgqsiz5h24k2f947z3p6h3mcn2hc-ruby-3.3.10/include/ruby-3.3.0/ruby/internal/anyargs.h:260:1: note: in expansion of macro ‘RBIMPL_ANYARGS_ATTRSET’
  260 | RBIMPL_ANYARGS_ATTRSET(sym) static void sym ## _02(__VA_ARGS__, VALUE(*)(VALUE, VALUE, VALUE), int); \
      | ^~~~~~~~~~~~~~~~~~~~~~
/nix/store/kj9xkgqsiz5h24k2f947z3p6h3mcn2hc-ruby-3.3.10/include/ruby-3.3.0/ruby/internal/anyargs.h:276:1: note: in expansion of macro ‘RBIMPL_ANYARGS_DECL’
  276 | RBIMPL_ANYARGS_DECL(rb_define_private_method, VALUE, const char *)
      | ^~~~~~~~~~~~~~~~~~~
/nix/store/kj9xkgqsiz5h24k2f947z3p6h3mcn2hc-ruby-3.3.10/include/ruby-3.3.0/ruby/internal/attr/maybe_unused.h:31:37: error: ISO C does not support ‘[[]]’ attributes before C23 [-Werror=pedantic]
   31 | # define RBIMPL_ATTR_MAYBE_UNUSED() [[maybe_unused]]
      |                                     ^
/nix/store/kj9xkgqsiz5h24k2f947z3p6h3mcn2hc-ruby-3.3.10/include/ruby-3.3.0/ruby/internal/anyargs.h:252:38: note: in expansion of macro ‘RBIMPL_ATTR_MAYBE_UNUSED’
  252 | # define RBIMPL_ANYARGS_ATTRSET(sym) RBIMPL_ATTR_MAYBE_UNUSED() RBIMPL_ATTR_NONNULL(()) RBIMPL_ATTR_WEAKREF(sym)
      |                                      ^~~~~~~~~~~~~~~~~~~~~~~~
/nix/store/kj9xkgqsiz5h24k2f947z3p6h3mcn2hc-ruby-3.3.10/include/ruby-3.3.0/ruby/internal/anyargs.h:261:1: note: in expansion of macro ‘RBIMPL_ANYARGS_ATTRSET’
  261 | RBIMPL_ANYARGS_ATTRSET(sym) static void sym ## _03(__VA_ARGS__, VALUE(*)(VALUE, VALUE, VALUE, VALUE), int); \
      | ^~~~~~~~~~~~~~~~~~~~~~
/nix/store/kj9xkgqsiz5h24k2f947z3p6h3mcn2hc-ruby-3.3.10/include/ruby-3.3.0/ruby/internal/anyargs.h:276:1: note: in expansion of macro ‘RBIMPL_ANYARGS_DECL’
  276 | RBIMPL_ANYARGS_DECL(rb_define_private_method, VALUE, const char *)
      | ^~~~~~~~~~~~~~~~~~~
/nix/store/kj9xkgqsiz5h24k2f947z3p6h3mcn2hc-ruby-3.3.10/include/ruby-3.3.0/ruby/internal/attr/maybe_unused.h:31:37: error: ISO C does not support ‘[[]]’ attributes before C23 [-Werror=pedantic]
   31 | # define RBIMPL_ATTR_MAYBE_UNUSED() [[maybe_unused]]
      |                                     ^
/nix/store/kj9xkgqsiz5h24k2f947z3p6h3mcn2hc-ruby-3.3.10/include/ruby-3.3.0/ruby/internal/anyargs.h:252:38: note: in expansion of macro ‘RBIMPL_ATTR_MAYBE_UNUSED’
  252 | # define RBIMPL_ANYARGS_ATTRSET(sym) RBIMPL_ATTR_MAYBE_UNUSED() RBIMPL_ATTR_NONNULL(()) RBIMPL_ATTR_WEAKREF(sym)
      |                                      ^~~~~~~~~~~~~~~~~~~~~~~~
/nix/store/kj9xkgqsiz5h24k2f947z3p6h3mcn2hc-ruby-3.3.10/include/ruby-3.3.0/ruby/internal/anyargs.h:262:1: note: in expansion of macro ‘RBIMPL_ANYARGS_ATTRSET’
  262 | RBIMPL_ANYARGS_ATTRSET(sym) static void sym ## _04(__VA_ARGS__, VALUE(*)(VALUE, VALUE, VALUE, VALUE, VALUE), int); \
      | ^~~~~~~~~~~~~~~~~~~~~~
/nix/store/kj9xkgqsiz5h24k2f947z3p6h3mcn2hc-ruby-3.3.10/include/ruby-3.3.0/ruby/internal/anyargs.h:276:1: note: in expansion of macro ‘RBIMPL_ANYARGS_DECL’
  276 | RBIMPL_ANYARGS_DECL(rb_define_private_method, VALUE, const char *)
      | ^~~~~~~~~~~~~~~~~~~
/nix/store/kj9xkgqsiz5h24k2f947z3p6h3mcn2hc-ruby-3.3.10/include/ruby-3.3.0/ruby/internal/attr/maybe_unused.h:31:37: error: ISO C does not support ‘[[]]’ attributes before C23 [-Werror=pedantic]
   31 | # define RBIMPL_ATTR_MAYBE_UNUSED() [[maybe_unused]]
      |                                     ^
/nix/store/kj9xkgqsiz5h24k2f947z3p6h3mcn2hc-ruby-3.3.10/include/ruby-3.3.0/ruby/internal/anyargs.h:252:38: note: in expansion of macro ‘RBIMPL_ATTR_MAYBE_UNUSED’
  252 | # define RBIMPL_ANYARGS_ATTRSET(sym) RBIMPL_ATTR_MAYBE_UNUSED() RBIMPL_ATTR_NONNULL(()) RBIMPL_ATTR_WEAKREF(sym)
      |                                      ^~~~~~~~~~~~~~~~~~~~~~~~
/nix/store/kj9xkgqsiz5h24k2f947z3p6h3mcn2hc-ruby-3.3.10/include/ruby-3.3.0/ruby/internal/anyargs.h:263:1: note: in expansion of macro ‘RBIMPL_ANYARGS_ATTRSET’
  263 | RBIMPL_ANYARGS_ATTRSET(sym) static void sym ## _05(__VA_ARGS__, VALUE(*)(VALUE, VALUE, VALUE, VALUE, VALUE, VALUE), int); \
      | ^~~~~~~~~~~~~~~~~~~~~~
/nix/store/kj9xkgqsiz5h24k2f947z3p6h3mcn2hc-ruby-3.3.10/include/ruby-3.3.0/ruby/internal/anyargs.h:276:1: note: in expansion of macro ‘RBIMPL_ANYARGS_DECL’
  276 | RBIMPL_ANYARGS_DECL(rb_define_private_method, VALUE, const char *)
      | ^~~~~~~~~~~~~~~~~~~
/nix/store/kj9xkgqsiz5h24k2f947z3p6h3mcn2hc-ruby-3.3.10/include/ruby-3.3.0/ruby/internal/attr/maybe_unused.h:31:37: error: ISO C does not support ‘[[]]’ attributes before C23 [-Werror=pedantic]
   31 | # define RBIMPL_ATTR_MAYBE_UNUSED() [[maybe_unused]]
      |                                     ^
/nix/store/kj9xkgqsiz5h24k2f947z3p6h3mcn2hc-ruby-3.3.10/include/ruby-3.3.0/ruby/internal/anyargs.h:252:38: note: in expansion of macro ‘RBIMPL_ATTR_MAYBE_UNUSED’
  252 | # define RBIMPL_ANYARGS_ATTRSET(sym) RBIMPL_ATTR_MAYBE_UNUSED() RBIMPL_ATTR_NONNULL(()) RBIMPL_ATTR_WEAKREF(sym)
      |                                      ^~~~~~~~~~~~~~~~~~~~~~~~
/nix/store/kj9xkgqsiz5h24k2f947z3p6h3mcn2hc-ruby-3.3.10/include/ruby-3.3.0/ruby/internal/anyargs.h:264:1: note: in expansion of macro ‘RBIMPL_ANYARGS_ATTRSET’
  264 | RBIMPL_ANYARGS_ATTRSET(sym) static void sym ## _06(__VA_ARGS__, VALUE(*)(VALUE, VALUE, VALUE, VALUE, VALUE, VALUE, VALUE), int); \
      | ^~~~~~~~~~~~~~~~~~~~~~
/nix/store/kj9xkgqsiz5h24k2f947z3p6h3mcn2hc-ruby-3.3.10/include/ruby-3.3.0/ruby/internal/anyargs.h:276:1: note: in expansion of macro ‘RBIMPL_ANYARGS_DECL’
  276 | RBIMPL_ANYARGS_DECL(rb_define_private_method, VALUE, const char *)
      | ^~~~~~~~~~~~~~~~~~~
/nix/store/kj9xkgqsiz5h24k2f947z3p6h3mcn2hc-ruby-3.3.10/include/ruby-3.3.0/ruby/internal/attr/maybe_unused.h:31:37: error: ISO C does not support ‘[[]]’ attributes before C23 [-Werror=pedantic]
   31 | # define RBIMPL_ATTR_MAYBE_UNUSED() [[maybe_unused]]
      |                                     ^
/nix/store/kj9xkgqsiz5h24k2f947z3p6h3mcn2hc-ruby-3.3.10/include/ruby-3.3.0/ruby/internal/anyargs.h:252:38: note: in expansion of macro ‘RBIMPL_ATTR_MAYBE_UNUSED’
  252 | # define RBIMPL_ANYARGS_ATTRSET(sym) RBIMPL_ATTR_MAYBE_UNUSED() RBIMPL_ATTR_NONNULL(()) RBIMPL_ATTR_WEAKREF(sym)
      |                                      ^~~~~~~~~~~~~~~~~~~~~~~~
/nix/store/kj9xkgqsiz5h24k2f947z3p6h3mcn2hc-ruby-3.3.10/include/ruby-3.3.0/ruby/internal/anyargs.h:265:1: note: in expansion of macro ‘RBIMPL_ANYARGS_ATTRSET’
  265 | RBIMPL_ANYARGS_ATTRSET(sym) static void sym ## _07(__VA_ARGS__, VALUE(*)(VALUE, VALUE, VALUE, VALUE, VALUE, VALUE, VALUE, VALUE), int); \
      | ^~~~~~~~~~~~~~~~~~~~~~
/nix/store/kj9xkgqsiz5h24k2f947z3p6h3mcn2hc-ruby-3.3.10/include/ruby-3.3.0/ruby/internal/anyargs.h:276:1: note: in expansion of macro ‘RBIMPL_ANYARGS_DECL’
  276 | RBIMPL_ANYARGS_DECL(rb_define_private_method, VALUE, const char *)
      | ^~~~~~~~~~~~~~~~~~~
/nix/store/kj9xkgqsiz5h24k2f947z3p6h3mcn2hc-ruby-3.3.10/include/ruby-3.3.0/ruby/internal/attr/maybe_unused.h:31:37: error: ISO C does not support ‘[[]]’ attributes before C23 [-Werror=pedantic]
   31 | # define RBIMPL_ATTR_MAYBE_UNUSED() [[maybe_unused]]
      |                                     ^
/nix/store/kj9xkgqsiz5h24k2f947z3p6h3mcn2hc-ruby-3.3.10/include/ruby-3.3.0/ruby/internal/anyargs.h:252:38: note: in expansion of macro ‘RBIMPL_ATTR_MAYBE_UNUSED’
  252 | # define RBIMPL_ANYARGS_ATTRSET(sym) RBIMPL_ATTR_MAYBE_UNUSED() RBIMPL_ATTR_NONNULL(()) RBIMPL_ATTR_WEAKREF(sym)
      |                                      ^~~~~~~~~~~~~~~~~~~~~~~~
/nix/store/kj9xkgqsiz5h24k2f947z3p6h3mcn2hc-ruby-3.3.10/include/ruby-3.3.0/ruby/internal/anyargs.h:266:1: note: in expansion of macro ‘RBIMPL_ANYARGS_ATTRSET’
  266 | RBIMPL_ANYARGS_ATTRSET(sym) static void sym ## _08(__VA_ARGS__, VALUE(*)(VALUE, VALUE, VALUE, VALUE, VALUE, VALUE, VALUE, VALUE, VALUE), int); \
      | ^~~~~~~~~~~~~~~~~~~~~~
/nix/store/kj9xkgqsiz5h24k2f947z3p6h3mcn2hc-ruby-3.3.10/include/ruby-3.3.0/ruby/internal/anyargs.h:276:1: note: in expansion of macro ‘RBIMPL_ANYARGS_DECL’
  276 | RBIMPL_ANYARGS_DECL(rb_define_private_method, VALUE, const char *)
      | ^~~~~~~~~~~~~~~~~~~
/nix/store/kj9xkgqsiz5h24k2f947z3p6h3mcn2hc-ruby-3.3.10/include/ruby-3.3.0/ruby/internal/attr/maybe_unused.h:31:37: error: ISO C does not support ‘[[]]’ attributes before C23 [-Werror=pedantic]
   31 | # define RBIMPL_ATTR_MAYBE_UNUSED() [[maybe_unused]]
      |                                     ^
/nix/store/kj9xkgqsiz5h24k2f947z3p6h3mcn2hc-ruby-3.3.10/include/ruby-3.3.0/ruby/internal/anyargs.h:252:38: note: in expansion of macro ‘RBIMPL_ATTR_MAYBE_UNUSED’
  252 | # define RBIMPL_ANYARGS_ATTRSET(sym) RBIMPL_ATTR_MAYBE_UNUSED() RBIMPL_ATTR_NONNULL(()) RBIMPL_ATTR_WEAKREF(sym)
      |                                      ^~~~~~~~~~~~~~~~~~~~~~~~
/nix/store/kj9xkgqsiz5h24k2f947z3p6h3mcn2hc-ruby-3.3.10/include/ruby-3.3.0/ruby/internal/anyargs.h:267:1: note: in expansion of macro ‘RBIMPL_ANYARGS_ATTRSET’
  267 | RBIMPL_ANYARGS_ATTRSET(sym) static void sym ## _09(__VA_ARGS__, VALUE(*)(VALUE, VALUE, VALUE, VALUE, VALUE, VALUE, VALUE, VALUE, VALUE, VALUE), int); \
      | ^~~~~~~~~~~~~~~~~~~~~~
/nix/store/kj9xkgqsiz5h24k2f947z3p6h3mcn2hc-ruby-3.3.10/include/ruby-3.3.0/ruby/internal/anyargs.h:276:1: note: in expansion of macro ‘RBIMPL_ANYARGS_DECL’
  276 | RBIMPL_ANYARGS_DECL(rb_define_private_method, VALUE, const char *)
      | ^~~~~~~~~~~~~~~~~~~
/nix/store/kj9xkgqsiz5h24k2f947z3p6h3mcn2hc-ruby-3.3.10/include/ruby-3.3.0/ruby/internal/attr/maybe_unused.h:31:37: error: ISO C does not support ‘[[]]’ attributes before C23 [-Werror=pedantic]
   31 | # define RBIMPL_ATTR_MAYBE_UNUSED() [[maybe_unused]]
      |                                     ^
/nix/store/kj9xkgqsiz5h24k2f947z3p6h3mcn2hc-ruby-3.3.10/include/ruby-3.3.0/ruby/internal/anyargs.h:252:38: note: in expansion of macro ‘RBIMPL_ATTR_MAYBE_UNUSED’
  252 | # define RBIMPL_ANYARGS_ATTRSET(sym) RBIMPL_ATTR_MAYBE_UNUSED() RBIMPL_ATTR_NONNULL(()) RBIMPL_ATTR_WEAKREF(sym)
      |                                      ^~~~~~~~~~~~~~~~~~~~~~~~
/nix/store/kj9xkgqsiz5h24k2f947z3p6h3mcn2hc-ruby-3.3.10/include/ruby-3.3.0/ruby/internal/anyargs.h:268:1: note: in expansion of macro ‘RBIMPL_ANYARGS_ATTRSET’
  268 | RBIMPL_ANYARGS_ATTRSET(sym) static void sym ## _10(__VA_ARGS__, VALUE(*)(VALUE, VALUE, VALUE, VALUE, VALUE, VALUE, VALUE, VALUE, VALUE, VALUE, VALUE), int); \
      | ^~~~~~~~~~~~~~~~~~~~~~
/nix/store/kj9xkgqsiz5h24k2f947z3p6h3mcn2hc-ruby-3.3.10/include/ruby-3.3.0/ruby/internal/anyargs.h:276:1: note: in expansion of macro ‘RBIMPL_ANYARGS_DECL’
  276 | RBIMPL_ANYARGS_DECL(rb_define_private_method, VALUE, const char *)
      | ^~~~~~~~~~~~~~~~~~~
/nix/store/kj9xkgqsiz5h24k2f947z3p6h3mcn2hc-ruby-3.3.10/include/ruby-3.3.0/ruby/internal/attr/maybe_unused.h:31:37: error: ISO C does not support ‘[[]]’ attributes before C23 [-Werror=pedantic]
   31 | # define RBIMPL_ATTR_MAYBE_UNUSED() [[maybe_unused]]
      |                                     ^
/nix/store/kj9xkgqsiz5h24k2f947z3p6h3mcn2hc-ruby-3.3.10/include/ruby-3.3.0/ruby/internal/anyargs.h:252:38: note: in expansion of macro ‘RBIMPL_ATTR_MAYBE_UNUSED’
  252 | # define RBIMPL_ANYARGS_ATTRSET(sym) RBIMPL_ATTR_MAYBE_UNUSED() RBIMPL_ATTR_NONNULL(()) RBIMPL_ATTR_WEAKREF(sym)
      |                                      ^~~~~~~~~~~~~~~~~~~~~~~~
/nix/store/kj9xkgqsiz5h24k2f947z3p6h3mcn2hc-ruby-3.3.10/include/ruby-3.3.0/ruby/internal/anyargs.h:269:1: note: in expansion of macro ‘RBIMPL_ANYARGS_ATTRSET’
  269 | RBIMPL_ANYARGS_ATTRSET(sym) static void sym ## _11(__VA_ARGS__, VALUE(*)(VALUE, VALUE, VALUE, VALUE, VALUE, VALUE, VALUE, VALUE, VALUE, VALUE, VALUE, VALUE), int); \
      | ^~~~~~~~~~~~~~~~~~~~~~
/nix/store/kj9xkgqsiz5h24k2f947z3p6h3mcn2hc-ruby-3.3.10/include/ruby-3.3.0/ruby/internal/anyargs.h:276:1: note: in expansion of macro ‘RBIMPL_ANYARGS_DECL’
  276 | RBIMPL_ANYARGS_DECL(rb_define_private_method, VALUE, const char *)
      | ^~~~~~~~~~~~~~~~~~~
/nix/store/kj9xkgqsiz5h24k2f947z3p6h3mcn2hc-ruby-3.3.10/include/ruby-3.3.0/ruby/internal/attr/maybe_unused.h:31:37: error: ISO C does not support ‘[[]]’ attributes before C23 [-Werror=pedantic]
   31 | # define RBIMPL_ATTR_MAYBE_UNUSED() [[maybe_unused]]
      |                                     ^
/nix/store/kj9xkgqsiz5h24k2f947z3p6h3mcn2hc-ruby-3.3.10/include/ruby-3.3.0/ruby/internal/anyargs.h:252:38: note: in expansion of macro ‘RBIMPL_ATTR_MAYBE_UNUSED’
  252 | # define RBIMPL_ANYARGS_ATTRSET(sym) RBIMPL_ATTR_MAYBE_UNUSED() RBIMPL_ATTR_NONNULL(()) RBIMPL_ATTR_WEAKREF(sym)
      |                                      ^~~~~~~~~~~~~~~~~~~~~~~~
/nix/store/kj9xkgqsiz5h24k2f947z3p6h3mcn2hc-ruby-3.3.10/include/ruby-3.3.0/ruby/internal/anyargs.h:270:1: note: in expansion of macro ‘RBIMPL_ANYARGS_ATTRSET’
  270 | RBIMPL_ANYARGS_ATTRSET(sym) static void sym ## _12(__VA_ARGS__, VALUE(*)(VALUE, VALUE, VALUE, VALUE, VALUE, VALUE, VALUE, VALUE, VALUE, VALUE, VALUE, VALUE, VALUE), int); \
      | ^~~~~~~~~~~~~~~~~~~~~~
/nix/store/kj9xkgqsiz5h24k2f947z3p6h3mcn2hc-ruby-3.3.10/include/ruby-3.3.0/ruby/internal/anyargs.h:276:1: note: in expansion of macro ‘RBIMPL_ANYARGS_DECL’
  276 | RBIMPL_ANYARGS_DECL(rb_define_private_method, VALUE, const char *)
      | ^~~~~~~~~~~~~~~~~~~
/nix/store/kj9xkgqsiz5h24k2f947z3p6h3mcn2hc-ruby-3.3.10/include/ruby-3.3.0/ruby/internal/attr/maybe_unused.h:31:37: error: ISO C does not support ‘[[]]’ attributes before C23 [-Werror=pedantic]
   31 | # define RBIMPL_ATTR_MAYBE_UNUSED() [[maybe_unused]]
      |                                     ^
/nix/store/kj9xkgqsiz5h24k2f947z3p6h3mcn2hc-ruby-3.3.10/include/ruby-3.3.0/ruby/internal/anyargs.h:252:38: note: in expansion of macro ‘RBIMPL_ATTR_MAYBE_UNUSED’
  252 | # define RBIMPL_ANYARGS_ATTRSET(sym) RBIMPL_ATTR_MAYBE_UNUSED() RBIMPL_ATTR_NONNULL(()) RBIMPL_ATTR_WEAKREF(sym)
      |                                      ^~~~~~~~~~~~~~~~~~~~~~~~
/nix/store/kj9xkgqsiz5h24k2f947z3p6h3mcn2hc-ruby-3.3.10/include/ruby-3.3.0/ruby/internal/anyargs.h:271:1: note: in expansion of macro ‘RBIMPL_ANYARGS_ATTRSET’
  271 | RBIMPL_ANYARGS_ATTRSET(sym) static void sym ## _13(__VA_ARGS__, VALUE(*)(VALUE, VALUE, VALUE, VALUE, VALUE, VALUE, VALUE, VALUE, VALUE, VALUE, VALUE, VALUE, VALUE, VALUE), int); \
      | ^~~~~~~~~~~~~~~~~~~~~~
/nix/store/kj9xkgqsiz5h24k2f947z3p6h3mcn2hc-ruby-3.3.10/include/ruby-3.3.0/ruby/internal/anyargs.h:276:1: note: in expansion of macro ‘RBIMPL_ANYARGS_DECL’
  276 | RBIMPL_ANYARGS_DECL(rb_define_private_method, VALUE, const char *)
      | ^~~~~~~~~~~~~~~~~~~
/nix/store/kj9xkgqsiz5h24k2f947z3p6h3mcn2hc-ruby-3.3.10/include/ruby-3.3.0/ruby/internal/attr/maybe_unused.h:31:37: error: ISO C does not support ‘[[]]’ attributes before C23 [-Werror=pedantic]
   31 | # define RBIMPL_ATTR_MAYBE_UNUSED() [[maybe_unused]]
      |                                     ^
/nix/store/kj9xkgqsiz5h24k2f947z3p6h3mcn2hc-ruby-3.3.10/include/ruby-3.3.0/ruby/internal/anyargs.h:252:38: note: in expansion of macro ‘RBIMPL_ATTR_MAYBE_UNUSED’
  252 | # define RBIMPL_ANYARGS_ATTRSET(sym) RBIMPL_ATTR_MAYBE_UNUSED() RBIMPL_ATTR_NONNULL(()) RBIMPL_ATTR_WEAKREF(sym)
      |                                      ^~~~~~~~~~~~~~~~~~~~~~~~
/nix/store/kj9xkgqsiz5h24k2f947z3p6h3mcn2hc-ruby-3.3.10/include/ruby-3.3.0/ruby/internal/anyargs.h:272:1: note: in expansion of macro ‘RBIMPL_ANYARGS_ATTRSET’
  272 | RBIMPL_ANYARGS_ATTRSET(sym) static void sym ## _14(__VA_ARGS__, VALUE(*)(VALUE, VALUE, VALUE, VALUE, VALUE, VALUE, VALUE, VALUE, VALUE, VALUE, VALUE, VALUE, VALUE, VALUE, VALUE), int); \
      | ^~~~~~~~~~~~~~~~~~~~~~
/nix/store/kj9xkgqsiz5h24k2f947z3p6h3mcn2hc-ruby-3.3.10/include/ruby-3.3.0/ruby/internal/anyargs.h:276:1: note: in expansion of macro ‘RBIMPL_ANYARGS_DECL’
  276 | RBIMPL_ANYARGS_DECL(rb_define_private_method, VALUE, const char *)
      | ^~~~~~~~~~~~~~~~~~~
/nix/store/kj9xkgqsiz5h24k2f947z3p6h3mcn2hc-ruby-3.3.10/include/ruby-3.3.0/ruby/internal/attr/maybe_unused.h:31:37: error: ISO C does not support ‘[[]]’ attributes before C23 [-Werror=pedantic]
   31 | # define RBIMPL_ATTR_MAYBE_UNUSED() [[maybe_unused]]
      |                                     ^
/nix/store/kj9xkgqsiz5h24k2f947z3p6h3mcn2hc-ruby-3.3.10/include/ruby-3.3.0/ruby/internal/anyargs.h:252:38: note: in expansion of macro ‘RBIMPL_ATTR_MAYBE_UNUSED’
  252 | # define RBIMPL_ANYARGS_ATTRSET(sym) RBIMPL_ATTR_MAYBE_UNUSED() RBIMPL_ATTR_NONNULL(()) RBIMPL_ATTR_WEAKREF(sym)
      |                                      ^~~~~~~~~~~~~~~~~~~~~~~~
/nix/store/kj9xkgqsiz5h24k2f947z3p6h3mcn2hc-ruby-3.3.10/include/ruby-3.3.0/ruby/internal/anyargs.h:273:1: note: in expansion of macro ‘RBIMPL_ANYARGS_ATTRSET’
  273 | RBIMPL_ANYARGS_ATTRSET(sym) static void sym ## _15(__VA_ARGS__, VALUE(*)(VALUE, VALUE, VALUE, VALUE, VALUE, VALUE, VALUE, VALUE, VALUE, VALUE, VALUE, VALUE, VALUE, VALUE, VALUE, VALUE), int);
      | ^~~~~~~~~~~~~~~~~~~~~~
/nix/store/kj9xkgqsiz5h24k2f947z3p6h3mcn2hc-ruby-3.3.10/include/ruby-3.3.0/ruby/internal/anyargs.h:276:1: note: in expansion of macro ‘RBIMPL_ANYARGS_DECL’
  276 | RBIMPL_ANYARGS_DECL(rb_define_private_method, VALUE, const char *)
      | ^~~~~~~~~~~~~~~~~~~
/nix/store/kj9xkgqsiz5h24k2f947z3p6h3mcn2hc-ruby-3.3.10/include/ruby-3.3.0/ruby/internal/attr/maybe_unused.h:31:37: error: ISO C does not support ‘[[]]’ attributes before C23 [-Werror=pedantic]
   31 | # define RBIMPL_ATTR_MAYBE_UNUSED() [[maybe_unused]]
      |                                     ^
/nix/store/kj9xkgqsiz5h24k2f947z3p6h3mcn2hc-ruby-3.3.10/include/ruby-3.3.0/ruby/internal/anyargs.h:252:38: note: in expansion of macro ‘RBIMPL_ATTR_MAYBE_UNUSED’
  252 | # define RBIMPL_ANYARGS_ATTRSET(sym) RBIMPL_ATTR_MAYBE_UNUSED() RBIMPL_ATTR_NONNULL(()) RBIMPL_ATTR_WEAKREF(sym)
      |                                      ^~~~~~~~~~~~~~~~~~~~~~~~
/nix/store/kj9xkgqsiz5h24k2f947z3p6h3mcn2hc-ruby-3.3.10/include/ruby-3.3.0/ruby/internal/anyargs.h:254:1: note: in expansion of macro ‘RBIMPL_ANYARGS_ATTRSET’
  254 | RBIMPL_ANYARGS_ATTRSET(sym) static void sym ## _notimpl(__VA_ARGS__, VALUE(*)(int, const VALUE *, VALUE, VALUE), int); \
      | ^~~~~~~~~~~~~~~~~~~~~~
/nix/store/kj9xkgqsiz5h24k2f947z3p6h3mcn2hc-ruby-3.3.10/include/ruby-3.3.0/ruby/internal/anyargs.h:277:1: note: in expansion of macro ‘RBIMPL_ANYARGS_DECL’
  277 | RBIMPL_ANYARGS_DECL(rb_define_module_function, VALUE, const char *)
      | ^~~~~~~~~~~~~~~~~~~
/nix/store/kj9xkgqsiz5h24k2f947z3p6h3mcn2hc-ruby-3.3.10/include/ruby-3.3.0/ruby/internal/attr/maybe_unused.h:31:37: error: ISO C does not support ‘[[]]’ attributes before C23 [-Werror=pedantic]
   31 | # define RBIMPL_ATTR_MAYBE_UNUSED() [[maybe_unused]]
      |                                     ^
/nix/store/kj9xkgqsiz5h24k2f947z3p6h3mcn2hc-ruby-3.3.10/include/ruby-3.3.0/ruby/internal/anyargs.h:252:38: note: in expansion of macro ‘RBIMPL_ATTR_MAYBE_UNUSED’
  252 | # define RBIMPL_ANYARGS_ATTRSET(sym) RBIMPL_ATTR_MAYBE_UNUSED() RBIMPL_ATTR_NONNULL(()) RBIMPL_ATTR_WEAKREF(sym)
      |                                      ^~~~~~~~~~~~~~~~~~~~~~~~
/nix/store/kj9xkgqsiz5h24k2f947z3p6h3mcn2hc-ruby-3.3.10/include/ruby-3.3.0/ruby/internal/anyargs.h:255:1: note: in expansion of macro ‘RBIMPL_ANYARGS_ATTRSET’
  255 | RBIMPL_ANYARGS_ATTRSET(sym) static void sym ## _m3(__VA_ARGS__, VALUE(*)(ANYARGS), int); \
      | ^~~~~~~~~~~~~~~~~~~~~~
/nix/store/kj9xkgqsiz5h24k2f947z3p6h3mcn2hc-ruby-3.3.10/include/ruby-3.3.0/ruby/internal/anyargs.h:277:1: note: in expansion of macro ‘RBIMPL_ANYARGS_DECL’
  277 | RBIMPL_ANYARGS_DECL(rb_define_module_function, VALUE, const char *)
      | ^~~~~~~~~~~~~~~~~~~
/nix/store/kj9xkgqsiz5h24k2f947z3p6h3mcn2hc-ruby-3.3.10/include/ruby-3.3.0/ruby/internal/attr/maybe_unused.h:31:37: error: ISO C does not support ‘[[]]’ attributes before C23 [-Werror=pedantic]
   31 | # define RBIMPL_ATTR_MAYBE_UNUSED() [[maybe_unused]]
      |                                     ^
/nix/store/kj9xkgqsiz5h24k2f947z3p6h3mcn2hc-ruby-3.3.10/include/ruby-3.3.0/ruby/internal/anyargs.h:252:38: note: in expansion of macro ‘RBIMPL_ATTR_MAYBE_UNUSED’
  252 | # define RBIMPL_ANYARGS_ATTRSET(sym) RBIMPL_ATTR_MAYBE_UNUSED() RBIMPL_ATTR_NONNULL(()) RBIMPL_ATTR_WEAKREF(sym)
      |                                      ^~~~~~~~~~~~~~~~~~~~~~~~
/nix/store/kj9xkgqsiz5h24k2f947z3p6h3mcn2hc-ruby-3.3.10/include/ruby-3.3.0/ruby/internal/anyargs.h:256:1: note: in expansion of macro ‘RBIMPL_ANYARGS_ATTRSET’
  256 | RBIMPL_ANYARGS_ATTRSET(sym) static void sym ## _m2(__VA_ARGS__, VALUE(*)(VALUE, VALUE), int); \
      | ^~~~~~~~~~~~~~~~~~~~~~
/nix/store/kj9xkgqsiz5h24k2f947z3p6h3mcn2hc-ruby-3.3.10/include/ruby-3.3.0/ruby/internal/anyargs.h:277:1: note: in expansion of macro ‘RBIMPL_ANYARGS_DECL’
  277 | RBIMPL_ANYARGS_DECL(rb_define_module_function, VALUE, const char *)
      | ^~~~~~~~~~~~~~~~~~~
/nix/store/kj9xkgqsiz5h24k2f947z3p6h3mcn2hc-ruby-3.3.10/include/ruby-3.3.0/ruby/internal/attr/maybe_unused.h:31:37: error: ISO C does not support ‘[[]]’ attributes before C23 [-Werror=pedantic]
   31 | # define RBIMPL_ATTR_MAYBE_UNUSED() [[maybe_unused]]
      |                                     ^
/nix/store/kj9xkgqsiz5h24k2f947z3p6h3mcn2hc-ruby-3.3.10/include/ruby-3.3.0/ruby/internal/anyargs.h:252:38: note: in expansion of macro ‘RBIMPL_ATTR_MAYBE_UNUSED’
  252 | # define RBIMPL_ANYARGS_ATTRSET(sym) RBIMPL_ATTR_MAYBE_UNUSED() RBIMPL_ATTR_NONNULL(()) RBIMPL_ATTR_WEAKREF(sym)
      |                                      ^~~~~~~~~~~~~~~~~~~~~~~~
/nix/store/kj9xkgqsiz5h24k2f947z3p6h3mcn2hc-ruby-3.3.10/include/ruby-3.3.0/ruby/internal/anyargs.h:257:1: note: in expansion of macro ‘RBIMPL_ANYARGS_ATTRSET’
  257 | RBIMPL_ANYARGS_ATTRSET(sym) static void sym ## _m1(__VA_ARGS__, VALUE(*)(int, union { VALUE *x; const VALUE *y; } __attribute__((__transparent_union__)), VALUE), int); \
      | ^~~~~~~~~~~~~~~~~~~~~~
/nix/store/kj9xkgqsiz5h24k2f947z3p6h3mcn2hc-ruby-3.3.10/include/ruby-3.3.0/ruby/internal/anyargs.h:277:1: note: in expansion of macro ‘RBIMPL_ANYARGS_DECL’
  277 | RBIMPL_ANYARGS_DECL(rb_define_module_function, VALUE, const char *)
      | ^~~~~~~~~~~~~~~~~~~
/nix/store/kj9xkgqsiz5h24k2f947z3p6h3mcn2hc-ruby-3.3.10/include/ruby-3.3.0/ruby/internal/attr/maybe_unused.h:31:37: error: ISO C does not support ‘[[]]’ attributes before C23 [-Werror=pedantic]
   31 | # define RBIMPL_ATTR_MAYBE_UNUSED() [[maybe_unused]]
      |                                     ^
/nix/store/kj9xkgqsiz5h24k2f947z3p6h3mcn2hc-ruby-3.3.10/include/ruby-3.3.0/ruby/internal/anyargs.h:252:38: note: in expansion of macro ‘RBIMPL_ATTR_MAYBE_UNUSED’
  252 | # define RBIMPL_ANYARGS_ATTRSET(sym) RBIMPL_ATTR_MAYBE_UNUSED() RBIMPL_ATTR_NONNULL(()) RBIMPL_ATTR_WEAKREF(sym)
      |                                      ^~~~~~~~~~~~~~~~~~~~~~~~
/nix/store/kj9xkgqsiz5h24k2f947z3p6h3mcn2hc-ruby-3.3.10/include/ruby-3.3.0/ruby/internal/anyargs.h:258:1: note: in expansion of macro ‘RBIMPL_ANYARGS_ATTRSET’
  258 | RBIMPL_ANYARGS_ATTRSET(sym) static void sym ## _00(__VA_ARGS__, VALUE(*)(VALUE), int); \
      | ^~~~~~~~~~~~~~~~~~~~~~
/nix/store/kj9xkgqsiz5h24k2f947z3p6h3mcn2hc-ruby-3.3.10/include/ruby-3.3.0/ruby/internal/anyargs.h:277:1: note: in expansion of macro ‘RBIMPL_ANYARGS_DECL’
  277 | RBIMPL_ANYARGS_DECL(rb_define_module_function, VALUE, const char *)
      | ^~~~~~~~~~~~~~~~~~~
/nix/store/kj9xkgqsiz5h24k2f947z3p6h3mcn2hc-ruby-3.3.10/include/ruby-3.3.0/ruby/internal/attr/maybe_unused.h:31:37: error: ISO C does not support ‘[[]]’ attributes before C23 [-Werror=pedantic]
   31 | # define RBIMPL_ATTR_MAYBE_UNUSED() [[maybe_unused]]
      |                                     ^
/nix/store/kj9xkgqsiz5h24k2f947z3p6h3mcn2hc-ruby-3.3.10/include/ruby-3.3.0/ruby/internal/anyargs.h:252:38: note: in expansion of macro ‘RBIMPL_ATTR_MAYBE_UNUSED’
  252 | # define RBIMPL_ANYARGS_ATTRSET(sym) RBIMPL_ATTR_MAYBE_UNUSED() RBIMPL_ATTR_NONNULL(()) RBIMPL_ATTR_WEAKREF(sym)
      |                                      ^~~~~~~~~~~~~~~~~~~~~~~~
/nix/store/kj9xkgqsiz5h24k2f947z3p6h3mcn2hc-ruby-3.3.10/include/ruby-3.3.0/ruby/internal/anyargs.h:259:1: note: in expansion of macro ‘RBIMPL_ANYARGS_ATTRSET’
  259 | RBIMPL_ANYARGS_ATTRSET(sym) static void sym ## _01(__VA_ARGS__, VALUE(*)(VALUE, VALUE), int); \
      | ^~~~~~~~~~~~~~~~~~~~~~
/nix/store/kj9xkgqsiz5h24k2f947z3p6h3mcn2hc-ruby-3.3.10/include/ruby-3.3.0/ruby/internal/anyargs.h:277:1: note: in expansion of macro ‘RBIMPL_ANYARGS_DECL’
  277 | RBIMPL_ANYARGS_DECL(rb_define_module_function, VALUE, const char *)
      | ^~~~~~~~~~~~~~~~~~~
/nix/store/kj9xkgqsiz5h24k2f947z3p6h3mcn2hc-ruby-3.3.10/include/ruby-3.3.0/ruby/internal/attr/maybe_unused.h:31:37: error: ISO C does not support ‘[[]]’ attributes before C23 [-Werror=pedantic]
   31 | # define RBIMPL_ATTR_MAYBE_UNUSED() [[maybe_unused]]
      |                                     ^
/nix/store/kj9xkgqsiz5h24k2f947z3p6h3mcn2hc-ruby-3.3.10/include/ruby-3.3.0/ruby/internal/anyargs.h:252:38: note: in expansion of macro ‘RBIMPL_ATTR_MAYBE_UNUSED’
  252 | # define RBIMPL_ANYARGS_ATTRSET(sym) RBIMPL_ATTR_MAYBE_UNUSED() RBIMPL_ATTR_NONNULL(()) RBIMPL_ATTR_WEAKREF(sym)
      |                                      ^~~~~~~~~~~~~~~~~~~~~~~~
/nix/store/kj9xkgqsiz5h24k2f947z3p6h3mcn2hc-ruby-3.3.10/include/ruby-3.3.0/ruby/internal/anyargs.h:260:1: note: in expansion of macro ‘RBIMPL_ANYARGS_ATTRSET’
  260 | RBIMPL_ANYARGS_ATTRSET(sym) static void sym ## _02(__VA_ARGS__, VALUE(*)(VALUE, VALUE, VALUE), int); \
      | ^~~~~~~~~~~~~~~~~~~~~~
/nix/store/kj9xkgqsiz5h24k2f947z3p6h3mcn2hc-ruby-3.3.10/include/ruby-3.3.0/ruby/internal/anyargs.h:277:1: note: in expansion of macro ‘RBIMPL_ANYARGS_DECL’
  277 | RBIMPL_ANYARGS_DECL(rb_define_module_function, VALUE, const char *)
      | ^~~~~~~~~~~~~~~~~~~
/nix/store/kj9xkgqsiz5h24k2f947z3p6h3mcn2hc-ruby-3.3.10/include/ruby-3.3.0/ruby/internal/attr/maybe_unused.h:31:37: error: ISO C does not support ‘[[]]’ attributes before C23 [-Werror=pedantic]
   31 | # define RBIMPL_ATTR_MAYBE_UNUSED() [[maybe_unused]]
      |                                     ^
/nix/store/kj9xkgqsiz5h24k2f947z3p6h3mcn2hc-ruby-3.3.10/include/ruby-3.3.0/ruby/internal/anyargs.h:252:38: note: in expansion of macro ‘RBIMPL_ATTR_MAYBE_UNUSED’
  252 | # define RBIMPL_ANYARGS_ATTRSET(sym) RBIMPL_ATTR_MAYBE_UNUSED() RBIMPL_ATTR_NONNULL(()) RBIMPL_ATTR_WEAKREF(sym)
      |                                      ^~~~~~~~~~~~~~~~~~~~~~~~
/nix/store/kj9xkgqsiz5h24k2f947z3p6h3mcn2hc-ruby-3.3.10/include/ruby-3.3.0/ruby/internal/anyargs.h:261:1: note: in expansion of macro ‘RBIMPL_ANYARGS_ATTRSET’
  261 | RBIMPL_ANYARGS_ATTRSET(sym) static void sym ## _03(__VA_ARGS__, VALUE(*)(VALUE, VALUE, VALUE, VALUE), int); \
      | ^~~~~~~~~~~~~~~~~~~~~~
/nix/store/kj9xkgqsiz5h24k2f947z3p6h3mcn2hc-ruby-3.3.10/include/ruby-3.3.0/ruby/internal/anyargs.h:277:1: note: in expansion of macro ‘RBIMPL_ANYARGS_DECL’
  277 | RBIMPL_ANYARGS_DECL(rb_define_module_function, VALUE, const char *)
      | ^~~~~~~~~~~~~~~~~~~
/nix/store/kj9xkgqsiz5h24k2f947z3p6h3mcn2hc-ruby-3.3.10/include/ruby-3.3.0/ruby/internal/attr/maybe_unused.h:31:37: error: ISO C does not support ‘[[]]’ attributes before C23 [-Werror=pedantic]
   31 | # define RBIMPL_ATTR_MAYBE_UNUSED() [[maybe_unused]]
      |                                     ^
/nix/store/kj9xkgqsiz5h24k2f947z3p6h3mcn2hc-ruby-3.3.10/include/ruby-3.3.0/ruby/internal/anyargs.h:252:38: note: in expansion of macro ‘RBIMPL_ATTR_MAYBE_UNUSED’
  252 | # define RBIMPL_ANYARGS_ATTRSET(sym) RBIMPL_ATTR_MAYBE_UNUSED() RBIMPL_ATTR_NONNULL(()) RBIMPL_ATTR_WEAKREF(sym)
      |                                      ^~~~~~~~~~~~~~~~~~~~~~~~
/nix/store/kj9xkgqsiz5h24k2f947z3p6h3mcn2hc-ruby-3.3.10/include/ruby-3.3.0/ruby/internal/anyargs.h:262:1: note: in expansion of macro ‘RBIMPL_ANYARGS_ATTRSET’
  262 | RBIMPL_ANYARGS_ATTRSET(sym) static void sym ## _04(__VA_ARGS__, VALUE(*)(VALUE, VALUE, VALUE, VALUE, VALUE), int); \
      | ^~~~~~~~~~~~~~~~~~~~~~
/nix/store/kj9xkgqsiz5h24k2f947z3p6h3mcn2hc-ruby-3.3.10/include/ruby-3.3.0/ruby/internal/anyargs.h:277:1: note: in expansion of macro ‘RBIMPL_ANYARGS_DECL’
  277 | RBIMPL_ANYARGS_DECL(rb_define_module_function, VALUE, const char *)
      | ^~~~~~~~~~~~~~~~~~~
/nix/store/kj9xkgqsiz5h24k2f947z3p6h3mcn2hc-ruby-3.3.10/include/ruby-3.3.0/ruby/internal/attr/maybe_unused.h:31:37: error: ISO C does not support ‘[[]]’ attributes before C23 [-Werror=pedantic]
   31 | # define RBIMPL_ATTR_MAYBE_UNUSED() [[maybe_unused]]
      |                                     ^
/nix/store/kj9xkgqsiz5h24k2f947z3p6h3mcn2hc-ruby-3.3.10/include/ruby-3.3.0/ruby/internal/anyargs.h:252:38: note: in expansion of macro ‘RBIMPL_ATTR_MAYBE_UNUSED’
  252 | # define RBIMPL_ANYARGS_ATTRSET(sym) RBIMPL_ATTR_MAYBE_UNUSED() RBIMPL_ATTR_NONNULL(()) RBIMPL_ATTR_WEAKREF(sym)
      |                                      ^~~~~~~~~~~~~~~~~~~~~~~~
/nix/store/kj9xkgqsiz5h24k2f947z3p6h3mcn2hc-ruby-3.3.10/include/ruby-3.3.0/ruby/internal/anyargs.h:263:1: note: in expansion of macro ‘RBIMPL_ANYARGS_ATTRSET’
  263 | RBIMPL_ANYARGS_ATTRSET(sym) static void sym ## _05(__VA_ARGS__, VALUE(*)(VALUE, VALUE, VALUE, VALUE, VALUE, VALUE), int); \
      | ^~~~~~~~~~~~~~~~~~~~~~
/nix/store/kj9xkgqsiz5h24k2f947z3p6h3mcn2hc-ruby-3.3.10/include/ruby-3.3.0/ruby/internal/anyargs.h:277:1: note: in expansion of macro ‘RBIMPL_ANYARGS_DECL’
  277 | RBIMPL_ANYARGS_DECL(rb_define_module_function, VALUE, const char *)
      | ^~~~~~~~~~~~~~~~~~~
/nix/store/kj9xkgqsiz5h24k2f947z3p6h3mcn2hc-ruby-3.3.10/include/ruby-3.3.0/ruby/internal/attr/maybe_unused.h:31:37: error: ISO C does not support ‘[[]]’ attributes before C23 [-Werror=pedantic]
   31 | # define RBIMPL_ATTR_MAYBE_UNUSED() [[maybe_unused]]
      |                                     ^
/nix/store/kj9xkgqsiz5h24k2f947z3p6h3mcn2hc-ruby-3.3.10/include/ruby-3.3.0/ruby/internal/anyargs.h:252:38: note: in expansion of macro ‘RBIMPL_ATTR_MAYBE_UNUSED’
  252 | # define RBIMPL_ANYARGS_ATTRSET(sym) RBIMPL_ATTR_MAYBE_UNUSED() RBIMPL_ATTR_NONNULL(()) RBIMPL_ATTR_WEAKREF(sym)
      |                                      ^~~~~~~~~~~~~~~~~~~~~~~~
/nix/store/kj9xkgqsiz5h24k2f947z3p6h3mcn2hc-ruby-3.3.10/include/ruby-3.3.0/ruby/internal/anyargs.h:264:1: note: in expansion of macro ‘RBIMPL_ANYARGS_ATTRSET’
  264 | RBIMPL_ANYARGS_ATTRSET(sym) static void sym ## _06(__VA_ARGS__, VALUE(*)(VALUE, VALUE, VALUE, VALUE, VALUE, VALUE, VALUE), int); \
      | ^~~~~~~~~~~~~~~~~~~~~~
/nix/store/kj9xkgqsiz5h24k2f947z3p6h3mcn2hc-ruby-3.3.10/include/ruby-3.3.0/ruby/internal/anyargs.h:277:1: note: in expansion of macro ‘RBIMPL_ANYARGS_DECL’
  277 | RBIMPL_ANYARGS_DECL(rb_define_module_function, VALUE, const char *)
      | ^~~~~~~~~~~~~~~~~~~
/nix/store/kj9xkgqsiz5h24k2f947z3p6h3mcn2hc-ruby-3.3.10/include/ruby-3.3.0/ruby/internal/attr/maybe_unused.h:31:37: error: ISO C does not support ‘[[]]’ attributes before C23 [-Werror=pedantic]
   31 | # define RBIMPL_ATTR_MAYBE_UNUSED() [[maybe_unused]]
      |                                     ^
/nix/store/kj9xkgqsiz5h24k2f947z3p6h3mcn2hc-ruby-3.3.10/include/ruby-3.3.0/ruby/internal/anyargs.h:252:38: note: in expansion of macro ‘RBIMPL_ATTR_MAYBE_UNUSED’
  252 | # define RBIMPL_ANYARGS_ATTRSET(sym) RBIMPL_ATTR_MAYBE_UNUSED() RBIMPL_ATTR_NONNULL(()) RBIMPL_ATTR_WEAKREF(sym)
      |                                      ^~~~~~~~~~~~~~~~~~~~~~~~
/nix/store/kj9xkgqsiz5h24k2f947z3p6h3mcn2hc-ruby-3.3.10/include/ruby-3.3.0/ruby/internal/anyargs.h:265:1: note: in expansion of macro ‘RBIMPL_ANYARGS_ATTRSET’
  265 | RBIMPL_ANYARGS_ATTRSET(sym) static void sym ## _07(__VA_ARGS__, VALUE(*)(VALUE, VALUE, VALUE, VALUE, VALUE, VALUE, VALUE, VALUE), int); \
      | ^~~~~~~~~~~~~~~~~~~~~~
/nix/store/kj9xkgqsiz5h24k2f947z3p6h3mcn2hc-ruby-3.3.10/include/ruby-3.3.0/ruby/internal/anyargs.h:277:1: note: in expansion of macro ‘RBIMPL_ANYARGS_DECL’
  277 | RBIMPL_ANYARGS_DECL(rb_define_module_function, VALUE, const char *)
      | ^~~~~~~~~~~~~~~~~~~
/nix/store/kj9xkgqsiz5h24k2f947z3p6h3mcn2hc-ruby-3.3.10/include/ruby-3.3.0/ruby/internal/attr/maybe_unused.h:31:37: error: ISO C does not support ‘[[]]’ attributes before C23 [-Werror=pedantic]
   31 | # define RBIMPL_ATTR_MAYBE_UNUSED() [[maybe_unused]]
      |                                     ^
/nix/store/kj9xkgqsiz5h24k2f947z3p6h3mcn2hc-ruby-3.3.10/include/ruby-3.3.0/ruby/internal/anyargs.h:252:38: note: in expansion of macro ‘RBIMPL_ATTR_MAYBE_UNUSED’
  252 | # define RBIMPL_ANYARGS_ATTRSET(sym) RBIMPL_ATTR_MAYBE_UNUSED() RBIMPL_ATTR_NONNULL(()) RBIMPL_ATTR_WEAKREF(sym)
      |                                      ^~~~~~~~~~~~~~~~~~~~~~~~
/nix/store/kj9xkgqsiz5h24k2f947z3p6h3mcn2hc-ruby-3.3.10/include/ruby-3.3.0/ruby/internal/anyargs.h:266:1: note: in expansion of macro ‘RBIMPL_ANYARGS_ATTRSET’
  266 | RBIMPL_ANYARGS_ATTRSET(sym) static void sym ## _08(__VA_ARGS__, VALUE(*)(VALUE, VALUE, VALUE, VALUE, VALUE, VALUE, VALUE, VALUE, VALUE), int); \
      | ^~~~~~~~~~~~~~~~~~~~~~
/nix/store/kj9xkgqsiz5h24k2f947z3p6h3mcn2hc-ruby-3.3.10/include/ruby-3.3.0/ruby/internal/anyargs.h:277:1: note: in expansion of macro ‘RBIMPL_ANYARGS_DECL’
  277 | RBIMPL_ANYARGS_DECL(rb_define_module_function, VALUE, const char *)
      | ^~~~~~~~~~~~~~~~~~~
/nix/store/kj9xkgqsiz5h24k2f947z3p6h3mcn2hc-ruby-3.3.10/include/ruby-3.3.0/ruby/internal/attr/maybe_unused.h:31:37: error: ISO C does not support ‘[[]]’ attributes before C23 [-Werror=pedantic]
   31 | # define RBIMPL_ATTR_MAYBE_UNUSED() [[maybe_unused]]
      |                                     ^
/nix/store/kj9xkgqsiz5h24k2f947z3p6h3mcn2hc-ruby-3.3.10/include/ruby-3.3.0/ruby/internal/anyargs.h:252:38: note: in expansion of macro ‘RBIMPL_ATTR_MAYBE_UNUSED’
  252 | # define RBIMPL_ANYARGS_ATTRSET(sym) RBIMPL_ATTR_MAYBE_UNUSED() RBIMPL_ATTR_NONNULL(()) RBIMPL_ATTR_WEAKREF(sym)
      |                                      ^~~~~~~~~~~~~~~~~~~~~~~~
/nix/store/kj9xkgqsiz5h24k2f947z3p6h3mcn2hc-ruby-3.3.10/include/ruby-3.3.0/ruby/internal/anyargs.h:267:1: note: in expansion of macro ‘RBIMPL_ANYARGS_ATTRSET’
  267 | RBIMPL_ANYARGS_ATTRSET(sym) static void sym ## _09(__VA_ARGS__, VALUE(*)(VALUE, VALUE, VALUE, VALUE, VALUE, VALUE, VALUE, VALUE, VALUE, VALUE), int); \
      | ^~~~~~~~~~~~~~~~~~~~~~
/nix/store/kj9xkgqsiz5h24k2f947z3p6h3mcn2hc-ruby-3.3.10/include/ruby-3.3.0/ruby/internal/anyargs.h:277:1: note: in expansion of macro ‘RBIMPL_ANYARGS_DECL’
  277 | RBIMPL_ANYARGS_DECL(rb_define_module_function, VALUE, const char *)
      | ^~~~~~~~~~~~~~~~~~~
/nix/store/kj9xkgqsiz5h24k2f947z3p6h3mcn2hc-ruby-3.3.10/include/ruby-3.3.0/ruby/internal/attr/maybe_unused.h:31:37: error: ISO C does not support ‘[[]]’ attributes before C23 [-Werror=pedantic]
   31 | # define RBIMPL_ATTR_MAYBE_UNUSED() [[maybe_unused]]
      |                                     ^
/nix/store/kj9xkgqsiz5h24k2f947z3p6h3mcn2hc-ruby-3.3.10/include/ruby-3.3.0/ruby/internal/anyargs.h:252:38: note: in expansion of macro ‘RBIMPL_ATTR_MAYBE_UNUSED’
  252 | # define RBIMPL_ANYARGS_ATTRSET(sym) RBIMPL_ATTR_MAYBE_UNUSED() RBIMPL_ATTR_NONNULL(()) RBIMPL_ATTR_WEAKREF(sym)
      |                                      ^~~~~~~~~~~~~~~~~~~~~~~~
/nix/store/kj9xkgqsiz5h24k2f947z3p6h3mcn2hc-ruby-3.3.10/include/ruby-3.3.0/ruby/internal/anyargs.h:268:1: note: in expansion of macro ‘RBIMPL_ANYARGS_ATTRSET’
  268 | RBIMPL_ANYARGS_ATTRSET(sym) static void sym ## _10(__VA_ARGS__, VALUE(*)(VALUE, VALUE, VALUE, VALUE, VALUE, VALUE, VALUE, VALUE, VALUE, VALUE, VALUE), int); \
      | ^~~~~~~~~~~~~~~~~~~~~~
/nix/store/kj9xkgqsiz5h24k2f947z3p6h3mcn2hc-ruby-3.3.10/include/ruby-3.3.0/ruby/internal/anyargs.h:277:1: note: in expansion of macro ‘RBIMPL_ANYARGS_DECL’
  277 | RBIMPL_ANYARGS_DECL(rb_define_module_function, VALUE, const char *)
      | ^~~~~~~~~~~~~~~~~~~
/nix/store/kj9xkgqsiz5h24k2f947z3p6h3mcn2hc-ruby-3.3.10/include/ruby-3.3.0/ruby/internal/attr/maybe_unused.h:31:37: error: ISO C does not support ‘[[]]’ attributes before C23 [-Werror=pedantic]
   31 | # define RBIMPL_ATTR_MAYBE_UNUSED() [[maybe_unused]]
      |                                     ^
/nix/store/kj9xkgqsiz5h24k2f947z3p6h3mcn2hc-ruby-3.3.10/include/ruby-3.3.0/ruby/internal/anyargs.h:252:38: note: in expansion of macro ‘RBIMPL_ATTR_MAYBE_UNUSED’
  252 | # define RBIMPL_ANYARGS_ATTRSET(sym) RBIMPL_ATTR_MAYBE_UNUSED() RBIMPL_ATTR_NONNULL(()) RBIMPL_ATTR_WEAKREF(sym)
      |                                      ^~~~~~~~~~~~~~~~~~~~~~~~
/nix/store/kj9xkgqsiz5h24k2f947z3p6h3mcn2hc-ruby-3.3.10/include/ruby-3.3.0/ruby/internal/anyargs.h:269:1: note: in expansion of macro ‘RBIMPL_ANYARGS_ATTRSET’
  269 | RBIMPL_ANYARGS_ATTRSET(sym) static void sym ## _11(__VA_ARGS__, VALUE(*)(VALUE, VALUE, VALUE, VALUE, VALUE, VALUE, VALUE, VALUE, VALUE, VALUE, VALUE, VALUE), int); \
      | ^~~~~~~~~~~~~~~~~~~~~~
/nix/store/kj9xkgqsiz5h24k2f947z3p6h3mcn2hc-ruby-3.3.10/include/ruby-3.3.0/ruby/internal/anyargs.h:277:1: note: in expansion of macro ‘RBIMPL_ANYARGS_DECL’
  277 | RBIMPL_ANYARGS_DECL(rb_define_module_function, VALUE, const char *)
      | ^~~~~~~~~~~~~~~~~~~
/nix/store/kj9xkgqsiz5h24k2f947z3p6h3mcn2hc-ruby-3.3.10/include/ruby-3.3.0/ruby/internal/attr/maybe_unused.h:31:37: error: ISO C does not support ‘[[]]’ attributes before C23 [-Werror=pedantic]
   31 | # define RBIMPL_ATTR_MAYBE_UNUSED() [[maybe_unused]]
      |                                     ^
/nix/store/kj9xkgqsiz5h24k2f947z3p6h3mcn2hc-ruby-3.3.10/include/ruby-3.3.0/ruby/internal/anyargs.h:252:38: note: in expansion of macro ‘RBIMPL_ATTR_MAYBE_UNUSED’
  252 | # define RBIMPL_ANYARGS_ATTRSET(sym) RBIMPL_ATTR_MAYBE_UNUSED() RBIMPL_ATTR_NONNULL(()) RBIMPL_ATTR_WEAKREF(sym)
      |                                      ^~~~~~~~~~~~~~~~~~~~~~~~
/nix/store/kj9xkgqsiz5h24k2f947z3p6h3mcn2hc-ruby-3.3.10/include/ruby-3.3.0/ruby/internal/anyargs.h:270:1: note: in expansion of macro ‘RBIMPL_ANYARGS_ATTRSET’
  270 | RBIMPL_ANYARGS_ATTRSET(sym) static void sym ## _12(__VA_ARGS__, VALUE(*)(VALUE, VALUE, VALUE, VALUE, VALUE, VALUE, VALUE, VALUE, VALUE, VALUE, VALUE, VALUE, VALUE), int); \
      | ^~~~~~~~~~~~~~~~~~~~~~
/nix/store/kj9xkgqsiz5h24k2f947z3p6h3mcn2hc-ruby-3.3.10/include/ruby-3.3.0/ruby/internal/anyargs.h:277:1: note: in expansion of macro ‘RBIMPL_ANYARGS_DECL’
  277 | RBIMPL_ANYARGS_DECL(rb_define_module_function, VALUE, const char *)
      | ^~~~~~~~~~~~~~~~~~~
/nix/store/kj9xkgqsiz5h24k2f947z3p6h3mcn2hc-ruby-3.3.10/include/ruby-3.3.0/ruby/internal/attr/maybe_unused.h:31:37: error: ISO C does not support ‘[[]]’ attributes before C23 [-Werror=pedantic]
   31 | # define RBIMPL_ATTR_MAYBE_UNUSED() [[maybe_unused]]
      |                                     ^
/nix/store/kj9xkgqsiz5h24k2f947z3p6h3mcn2hc-ruby-3.3.10/include/ruby-3.3.0/ruby/internal/anyargs.h:252:38: note: in expansion of macro ‘RBIMPL_ATTR_MAYBE_UNUSED’
  252 | # define RBIMPL_ANYARGS_ATTRSET(sym) RBIMPL_ATTR_MAYBE_UNUSED() RBIMPL_ATTR_NONNULL(()) RBIMPL_ATTR_WEAKREF(sym)
      |                                      ^~~~~~~~~~~~~~~~~~~~~~~~
/nix/store/kj9xkgqsiz5h24k2f947z3p6h3mcn2hc-ruby-3.3.10/include/ruby-3.3.0/ruby/internal/anyargs.h:271:1: note: in expansion of macro ‘RBIMPL_ANYARGS_ATTRSET’
  271 | RBIMPL_ANYARGS_ATTRSET(sym) static void sym ## _13(__VA_ARGS__, VALUE(*)(VALUE, VALUE, VALUE, VALUE, VALUE, VALUE, VALUE, VALUE, VALUE, VALUE, VALUE, VALUE, VALUE, VALUE), int); \
      | ^~~~~~~~~~~~~~~~~~~~~~
/nix/store/kj9xkgqsiz5h24k2f947z3p6h3mcn2hc-ruby-3.3.10/include/ruby-3.3.0/ruby/internal/anyargs.h:277:1: note: in expansion of macro ‘RBIMPL_ANYARGS_DECL’
  277 | RBIMPL_ANYARGS_DECL(rb_define_module_function, VALUE, const char *)
      | ^~~~~~~~~~~~~~~~~~~
/nix/store/kj9xkgqsiz5h24k2f947z3p6h3mcn2hc-ruby-3.3.10/include/ruby-3.3.0/ruby/internal/attr/maybe_unused.h:31:37: error: ISO C does not support ‘[[]]’ attributes before C23 [-Werror=pedantic]
   31 | # define RBIMPL_ATTR_MAYBE_UNUSED() [[maybe_unused]]
      |                                     ^
/nix/store/kj9xkgqsiz5h24k2f947z3p6h3mcn2hc-ruby-3.3.10/include/ruby-3.3.0/ruby/internal/anyargs.h:252:38: note: in expansion of macro ‘RBIMPL_ATTR_MAYBE_UNUSED’
  252 | # define RBIMPL_ANYARGS_ATTRSET(sym) RBIMPL_ATTR_MAYBE_UNUSED() RBIMPL_ATTR_NONNULL(()) RBIMPL_ATTR_WEAKREF(sym)
      |                                      ^~~~~~~~~~~~~~~~~~~~~~~~
/nix/store/kj9xkgqsiz5h24k2f947z3p6h3mcn2hc-ruby-3.3.10/include/ruby-3.3.0/ruby/internal/anyargs.h:272:1: note: in expansion of macro ‘RBIMPL_ANYARGS_ATTRSET’
  272 | RBIMPL_ANYARGS_ATTRSET(sym) static void sym ## _14(__VA_ARGS__, VALUE(*)(VALUE, VALUE, VALUE, VALUE, VALUE, VALUE, VALUE, VALUE, VALUE, VALUE, VALUE, VALUE, VALUE, VALUE, VALUE), int); \
      | ^~~~~~~~~~~~~~~~~~~~~~
/nix/store/kj9xkgqsiz5h24k2f947z3p6h3mcn2hc-ruby-3.3.10/include/ruby-3.3.0/ruby/internal/anyargs.h:277:1: note: in expansion of macro ‘RBIMPL_ANYARGS_DECL’
  277 | RBIMPL_ANYARGS_DECL(rb_define_module_function, VALUE, const char *)
      | ^~~~~~~~~~~~~~~~~~~
/nix/store/kj9xkgqsiz5h24k2f947z3p6h3mcn2hc-ruby-3.3.10/include/ruby-3.3.0/ruby/internal/attr/maybe_unused.h:31:37: error: ISO C does not support ‘[[]]’ attributes before C23 [-Werror=pedantic]
   31 | # define RBIMPL_ATTR_MAYBE_UNUSED() [[maybe_unused]]
      |                                     ^
/nix/store/kj9xkgqsiz5h24k2f947z3p6h3mcn2hc-ruby-3.3.10/include/ruby-3.3.0/ruby/internal/anyargs.h:252:38: note: in expansion of macro ‘RBIMPL_ATTR_MAYBE_UNUSED’
  252 | # define RBIMPL_ANYARGS_ATTRSET(sym) RBIMPL_ATTR_MAYBE_UNUSED() RBIMPL_ATTR_NONNULL(()) RBIMPL_ATTR_WEAKREF(sym)
      |                                      ^~~~~~~~~~~~~~~~~~~~~~~~
/nix/store/kj9xkgqsiz5h24k2f947z3p6h3mcn2hc-ruby-3.3.10/include/ruby-3.3.0/ruby/internal/anyargs.h:273:1: note: in expansion of macro ‘RBIMPL_ANYARGS_ATTRSET’
  273 | RBIMPL_ANYARGS_ATTRSET(sym) static void sym ## _15(__VA_ARGS__, VALUE(*)(VALUE, VALUE, VALUE, VALUE, VALUE, VALUE, VALUE, VALUE, VALUE, VALUE, VALUE, VALUE, VALUE, VALUE, VALUE, VALUE), int);
      | ^~~~~~~~~~~~~~~~~~~~~~
/nix/store/kj9xkgqsiz5h24k2f947z3p6h3mcn2hc-ruby-3.3.10/include/ruby-3.3.0/ruby/internal/anyargs.h:277:1: note: in expansion of macro ‘RBIMPL_ANYARGS_DECL’
  277 | RBIMPL_ANYARGS_DECL(rb_define_module_function, VALUE, const char *)
      | ^~~~~~~~~~~~~~~~~~~
/nix/store/kj9xkgqsiz5h24k2f947z3p6h3mcn2hc-ruby-3.3.10/include/ruby-3.3.0/ruby/internal/attr/maybe_unused.h:31:37: error: ISO C does not support ‘[[]]’ attributes before C23 [-Werror=pedantic]
   31 | # define RBIMPL_ATTR_MAYBE_UNUSED() [[maybe_unused]]
      |                                     ^
/nix/store/kj9xkgqsiz5h24k2f947z3p6h3mcn2hc-ruby-3.3.10/include/ruby-3.3.0/ruby/internal/anyargs.h:252:38: note: in expansion of macro ‘RBIMPL_ATTR_MAYBE_UNUSED’
  252 | # define RBIMPL_ANYARGS_ATTRSET(sym) RBIMPL_ATTR_MAYBE_UNUSED() RBIMPL_ATTR_NONNULL(()) RBIMPL_ATTR_WEAKREF(sym)
      |                                      ^~~~~~~~~~~~~~~~~~~~~~~~
/nix/store/kj9xkgqsiz5h24k2f947z3p6h3mcn2hc-ruby-3.3.10/include/ruby-3.3.0/ruby/internal/anyargs.h:254:1: note: in expansion of macro ‘RBIMPL_ANYARGS_ATTRSET’
  254 | RBIMPL_ANYARGS_ATTRSET(sym) static void sym ## _notimpl(__VA_ARGS__, VALUE(*)(int, const VALUE *, VALUE, VALUE), int); \
      | ^~~~~~~~~~~~~~~~~~~~~~
/nix/store/kj9xkgqsiz5h24k2f947z3p6h3mcn2hc-ruby-3.3.10/include/ruby-3.3.0/ruby/internal/anyargs.h:278:1: note: in expansion of macro ‘RBIMPL_ANYARGS_DECL’
  278 | RBIMPL_ANYARGS_DECL(rb_define_global_function, const char *)
      | ^~~~~~~~~~~~~~~~~~~
/nix/store/kj9xkgqsiz5h24k2f947z3p6h3mcn2hc-ruby-3.3.10/include/ruby-3.3.0/ruby/internal/attr/maybe_unused.h:31:37: error: ISO C does not support ‘[[]]’ attributes before C23 [-Werror=pedantic]
   31 | # define RBIMPL_ATTR_MAYBE_UNUSED() [[maybe_unused]]
      |                                     ^
/nix/store/kj9xkgqsiz5h24k2f947z3p6h3mcn2hc-ruby-3.3.10/include/ruby-3.3.0/ruby/internal/anyargs.h:252:38: note: in expansion of macro ‘RBIMPL_ATTR_MAYBE_UNUSED’
  252 | # define RBIMPL_ANYARGS_ATTRSET(sym) RBIMPL_ATTR_MAYBE_UNUSED() RBIMPL_ATTR_NONNULL(()) RBIMPL_ATTR_WEAKREF(sym)
      |                                      ^~~~~~~~~~~~~~~~~~~~~~~~
/nix/store/kj9xkgqsiz5h24k2f947z3p6h3mcn2hc-ruby-3.3.10/include/ruby-3.3.0/ruby/internal/anyargs.h:255:1: note: in expansion of macro ‘RBIMPL_ANYARGS_ATTRSET’
  255 | RBIMPL_ANYARGS_ATTRSET(sym) static void sym ## _m3(__VA_ARGS__, VALUE(*)(ANYARGS), int); \
      | ^~~~~~~~~~~~~~~~~~~~~~
/nix/store/kj9xkgqsiz5h24k2f947z3p6h3mcn2hc-ruby-3.3.10/include/ruby-3.3.0/ruby/internal/anyargs.h:278:1: note: in expansion of macro ‘RBIMPL_ANYARGS_DECL’
  278 | RBIMPL_ANYARGS_DECL(rb_define_global_function, const char *)
      | ^~~~~~~~~~~~~~~~~~~
/nix/store/kj9xkgqsiz5h24k2f947z3p6h3mcn2hc-ruby-3.3.10/include/ruby-3.3.0/ruby/internal/attr/maybe_unused.h:31:37: error: ISO C does not support ‘[[]]’ attributes before C23 [-Werror=pedantic]
   31 | # define RBIMPL_ATTR_MAYBE_UNUSED() [[maybe_unused]]
      |                                     ^
/nix/store/kj9xkgqsiz5h24k2f947z3p6h3mcn2hc-ruby-3.3.10/include/ruby-3.3.0/ruby/internal/anyargs.h:252:38: note: in expansion of macro ‘RBIMPL_ATTR_MAYBE_UNUSED’
  252 | # define RBIMPL_ANYARGS_ATTRSET(sym) RBIMPL_ATTR_MAYBE_UNUSED() RBIMPL_ATTR_NONNULL(()) RBIMPL_ATTR_WEAKREF(sym)
      |                                      ^~~~~~~~~~~~~~~~~~~~~~~~
/nix/store/kj9xkgqsiz5h24k2f947z3p6h3mcn2hc-ruby-3.3.10/include/ruby-3.3.0/ruby/internal/anyargs.h:256:1: note: in expansion of macro ‘RBIMPL_ANYARGS_ATTRSET’
  256 | RBIMPL_ANYARGS_ATTRSET(sym) static void sym ## _m2(__VA_ARGS__, VALUE(*)(VALUE, VALUE), int); \
      | ^~~~~~~~~~~~~~~~~~~~~~
/nix/store/kj9xkgqsiz5h24k2f947z3p6h3mcn2hc-ruby-3.3.10/include/ruby-3.3.0/ruby/internal/anyargs.h:278:1: note: in expansion of macro ‘RBIMPL_ANYARGS_DECL’
  278 | RBIMPL_ANYARGS_DECL(rb_define_global_function, const char *)
      | ^~~~~~~~~~~~~~~~~~~
/nix/store/kj9xkgqsiz5h24k2f947z3p6h3mcn2hc-ruby-3.3.10/include/ruby-3.3.0/ruby/internal/attr/maybe_unused.h:31:37: error: ISO C does not support ‘[[]]’ attributes before C23 [-Werror=pedantic]
   31 | # define RBIMPL_ATTR_MAYBE_UNUSED() [[maybe_unused]]
      |                                     ^
/nix/store/kj9xkgqsiz5h24k2f947z3p6h3mcn2hc-ruby-3.3.10/include/ruby-3.3.0/ruby/internal/anyargs.h:252:38: note: in expansion of macro ‘RBIMPL_ATTR_MAYBE_UNUSED’
  252 | # define RBIMPL_ANYARGS_ATTRSET(sym) RBIMPL_ATTR_MAYBE_UNUSED() RBIMPL_ATTR_NONNULL(()) RBIMPL_ATTR_WEAKREF(sym)
      |                                      ^~~~~~~~~~~~~~~~~~~~~~~~
/nix/store/kj9xkgqsiz5h24k2f947z3p6h3mcn2hc-ruby-3.3.10/include/ruby-3.3.0/ruby/internal/anyargs.h:257:1: note: in expansion of macro ‘RBIMPL_ANYARGS_ATTRSET’
  257 | RBIMPL_ANYARGS_ATTRSET(sym) static void sym ## _m1(__VA_ARGS__, VALUE(*)(int, union { VALUE *x; const VALUE *y; } __attribute__((__transparent_union__)), VALUE), int); \
      | ^~~~~~~~~~~~~~~~~~~~~~
/nix/store/kj9xkgqsiz5h24k2f947z3p6h3mcn2hc-ruby-3.3.10/include/ruby-3.3.0/ruby/internal/anyargs.h:278:1: note: in expansion of macro ‘RBIMPL_ANYARGS_DECL’
  278 | RBIMPL_ANYARGS_DECL(rb_define_global_function, const char *)
      | ^~~~~~~~~~~~~~~~~~~
/nix/store/kj9xkgqsiz5h24k2f947z3p6h3mcn2hc-ruby-3.3.10/include/ruby-3.3.0/ruby/internal/attr/maybe_unused.h:31:37: error: ISO C does not support ‘[[]]’ attributes before C23 [-Werror=pedantic]
   31 | # define RBIMPL_ATTR_MAYBE_UNUSED() [[maybe_unused]]
      |                                     ^
/nix/store/kj9xkgqsiz5h24k2f947z3p6h3mcn2hc-ruby-3.3.10/include/ruby-3.3.0/ruby/internal/anyargs.h:252:38: note: in expansion of macro ‘RBIMPL_ATTR_MAYBE_UNUSED’
  252 | # define RBIMPL_ANYARGS_ATTRSET(sym) RBIMPL_ATTR_MAYBE_UNUSED() RBIMPL_ATTR_NONNULL(()) RBIMPL_ATTR_WEAKREF(sym)
      |                                      ^~~~~~~~~~~~~~~~~~~~~~~~
/nix/store/kj9xkgqsiz5h24k2f947z3p6h3mcn2hc-ruby-3.3.10/include/ruby-3.3.0/ruby/internal/anyargs.h:258:1: note: in expansion of macro ‘RBIMPL_ANYARGS_ATTRSET’
  258 | RBIMPL_ANYARGS_ATTRSET(sym) static void sym ## _00(__VA_ARGS__, VALUE(*)(VALUE), int); \
      | ^~~~~~~~~~~~~~~~~~~~~~
/nix/store/kj9xkgqsiz5h24k2f947z3p6h3mcn2hc-ruby-3.3.10/include/ruby-3.3.0/ruby/internal/anyargs.h:278:1: note: in expansion of macro ‘RBIMPL_ANYARGS_DECL’
  278 | RBIMPL_ANYARGS_DECL(rb_define_global_function, const char *)
      | ^~~~~~~~~~~~~~~~~~~
/nix/store/kj9xkgqsiz5h24k2f947z3p6h3mcn2hc-ruby-3.3.10/include/ruby-3.3.0/ruby/internal/attr/maybe_unused.h:31:37: error: ISO C does not support ‘[[]]’ attributes before C23 [-Werror=pedantic]
   31 | # define RBIMPL_ATTR_MAYBE_UNUSED() [[maybe_unused]]
      |                                     ^
/nix/store/kj9xkgqsiz5h24k2f947z3p6h3mcn2hc-ruby-3.3.10/include/ruby-3.3.0/ruby/internal/anyargs.h:252:38: note: in expansion of macro ‘RBIMPL_ATTR_MAYBE_UNUSED’
  252 | # define RBIMPL_ANYARGS_ATTRSET(sym) RBIMPL_ATTR_MAYBE_UNUSED() RBIMPL_ATTR_NONNULL(()) RBIMPL_ATTR_WEAKREF(sym)
      |                                      ^~~~~~~~~~~~~~~~~~~~~~~~
/nix/store/kj9xkgqsiz5h24k2f947z3p6h3mcn2hc-ruby-3.3.10/include/ruby-3.3.0/ruby/internal/anyargs.h:259:1: note: in expansion of macro ‘RBIMPL_ANYARGS_ATTRSET’
  259 | RBIMPL_ANYARGS_ATTRSET(sym) static void sym ## _01(__VA_ARGS__, VALUE(*)(VALUE, VALUE), int); \
      | ^~~~~~~~~~~~~~~~~~~~~~
/nix/store/kj9xkgqsiz5h24k2f947z3p6h3mcn2hc-ruby-3.3.10/include/ruby-3.3.0/ruby/internal/anyargs.h:278:1: note: in expansion of macro ‘RBIMPL_ANYARGS_DECL’
  278 | RBIMPL_ANYARGS_DECL(rb_define_global_function, const char *)
      | ^~~~~~~~~~~~~~~~~~~
/nix/store/kj9xkgqsiz5h24k2f947z3p6h3mcn2hc-ruby-3.3.10/include/ruby-3.3.0/ruby/internal/attr/maybe_unused.h:31:37: error: ISO C does not support ‘[[]]’ attributes before C23 [-Werror=pedantic]
   31 | # define RBIMPL_ATTR_MAYBE_UNUSED() [[maybe_unused]]
      |                                     ^
/nix/store/kj9xkgqsiz5h24k2f947z3p6h3mcn2hc-ruby-3.3.10/include/ruby-3.3.0/ruby/internal/anyargs.h:252:38: note: in expansion of macro ‘RBIMPL_ATTR_MAYBE_UNUSED’
  252 | # define RBIMPL_ANYARGS_ATTRSET(sym) RBIMPL_ATTR_MAYBE_UNUSED() RBIMPL_ATTR_NONNULL(()) RBIMPL_ATTR_WEAKREF(sym)
      |                                      ^~~~~~~~~~~~~~~~~~~~~~~~
/nix/store/kj9xkgqsiz5h24k2f947z3p6h3mcn2hc-ruby-3.3.10/include/ruby-3.3.0/ruby/internal/anyargs.h:260:1: note: in expansion of macro ‘RBIMPL_ANYARGS_ATTRSET’
  260 | RBIMPL_ANYARGS_ATTRSET(sym) static void sym ## _02(__VA_ARGS__, VALUE(*)(VALUE, VALUE, VALUE), int); \
      | ^~~~~~~~~~~~~~~~~~~~~~
/nix/store/kj9xkgqsiz5h24k2f947z3p6h3mcn2hc-ruby-3.3.10/include/ruby-3.3.0/ruby/internal/anyargs.h:278:1: note: in expansion of macro ‘RBIMPL_ANYARGS_DECL’
  278 | RBIMPL_ANYARGS_DECL(rb_define_global_function, const char *)
      | ^~~~~~~~~~~~~~~~~~~
/nix/store/kj9xkgqsiz5h24k2f947z3p6h3mcn2hc-ruby-3.3.10/include/ruby-3.3.0/ruby/internal/attr/maybe_unused.h:31:37: error: ISO C does not support ‘[[]]’ attributes before C23 [-Werror=pedantic]
   31 | # define RBIMPL_ATTR_MAYBE_UNUSED() [[maybe_unused]]
      |                                     ^
/nix/store/kj9xkgqsiz5h24k2f947z3p6h3mcn2hc-ruby-3.3.10/include/ruby-3.3.0/ruby/internal/anyargs.h:252:38: note: in expansion of macro ‘RBIMPL_ATTR_MAYBE_UNUSED’
  252 | # define RBIMPL_ANYARGS_ATTRSET(sym) RBIMPL_ATTR_MAYBE_UNUSED() RBIMPL_ATTR_NONNULL(()) RBIMPL_ATTR_WEAKREF(sym)
      |                                      ^~~~~~~~~~~~~~~~~~~~~~~~
/nix/store/kj9xkgqsiz5h24k2f947z3p6h3mcn2hc-ruby-3.3.10/include/ruby-3.3.0/ruby/internal/anyargs.h:261:1: note: in expansion of macro ‘RBIMPL_ANYARGS_ATTRSET’
  261 | RBIMPL_ANYARGS_ATTRSET(sym) static void sym ## _03(__VA_ARGS__, VALUE(*)(VALUE, VALUE, VALUE, VALUE), int); \
      | ^~~~~~~~~~~~~~~~~~~~~~
/nix/store/kj9xkgqsiz5h24k2f947z3p6h3mcn2hc-ruby-3.3.10/include/ruby-3.3.0/ruby/internal/anyargs.h:278:1: note: in expansion of macro ‘RBIMPL_ANYARGS_DECL’
  278 | RBIMPL_ANYARGS_DECL(rb_define_global_function, const char *)
      | ^~~~~~~~~~~~~~~~~~~
/nix/store/kj9xkgqsiz5h24k2f947z3p6h3mcn2hc-ruby-3.3.10/include/ruby-3.3.0/ruby/internal/attr/maybe_unused.h:31:37: error: ISO C does not support ‘[[]]’ attributes before C23 [-Werror=pedantic]
   31 | # define RBIMPL_ATTR_MAYBE_UNUSED() [[maybe_unused]]
      |                                     ^
/nix/store/kj9xkgqsiz5h24k2f947z3p6h3mcn2hc-ruby-3.3.10/include/ruby-3.3.0/ruby/internal/anyargs.h:252:38: note: in expansion of macro ‘RBIMPL_ATTR_MAYBE_UNUSED’
  252 | # define RBIMPL_ANYARGS_ATTRSET(sym) RBIMPL_ATTR_MAYBE_UNUSED() RBIMPL_ATTR_NONNULL(()) RBIMPL_ATTR_WEAKREF(sym)
      |                                      ^~~~~~~~~~~~~~~~~~~~~~~~
/nix/store/kj9xkgqsiz5h24k2f947z3p6h3mcn2hc-ruby-3.3.10/include/ruby-3.3.0/ruby/internal/anyargs.h:262:1: note: in expansion of macro ‘RBIMPL_ANYARGS_ATTRSET’
  262 | RBIMPL_ANYARGS_ATTRSET(sym) static void sym ## _04(__VA_ARGS__, VALUE(*)(VALUE, VALUE, VALUE, VALUE, VALUE), int); \
      | ^~~~~~~~~~~~~~~~~~~~~~
/nix/store/kj9xkgqsiz5h24k2f947z3p6h3mcn2hc-ruby-3.3.10/include/ruby-3.3.0/ruby/internal/anyargs.h:278:1: note: in expansion of macro ‘RBIMPL_ANYARGS_DECL’
  278 | RBIMPL_ANYARGS_DECL(rb_define_global_function, const char *)
      | ^~~~~~~~~~~~~~~~~~~
/nix/store/kj9xkgqsiz5h24k2f947z3p6h3mcn2hc-ruby-3.3.10/include/ruby-3.3.0/ruby/internal/attr/maybe_unused.h:31:37: error: ISO C does not support ‘[[]]’ attributes before C23 [-Werror=pedantic]
   31 | # define RBIMPL_ATTR_MAYBE_UNUSED() [[maybe_unused]]
      |                                     ^
/nix/store/kj9xkgqsiz5h24k2f947z3p6h3mcn2hc-ruby-3.3.10/include/ruby-3.3.0/ruby/internal/anyargs.h:252:38: note: in expansion of macro ‘RBIMPL_ATTR_MAYBE_UNUSED’
  252 | # define RBIMPL_ANYARGS_ATTRSET(sym) RBIMPL_ATTR_MAYBE_UNUSED() RBIMPL_ATTR_NONNULL(()) RBIMPL_ATTR_WEAKREF(sym)
      |                                      ^~~~~~~~~~~~~~~~~~~~~~~~
/nix/store/kj9xkgqsiz5h24k2f947z3p6h3mcn2hc-ruby-3.3.10/include/ruby-3.3.0/ruby/internal/anyargs.h:263:1: note: in expansion of macro ‘RBIMPL_ANYARGS_ATTRSET’
  263 | RBIMPL_ANYARGS_ATTRSET(sym) static void sym ## _05(__VA_ARGS__, VALUE(*)(VALUE, VALUE, VALUE, VALUE, VALUE, VALUE), int); \
      | ^~~~~~~~~~~~~~~~~~~~~~
/nix/store/kj9xkgqsiz5h24k2f947z3p6h3mcn2hc-ruby-3.3.10/include/ruby-3.3.0/ruby/internal/anyargs.h:278:1: note: in expansion of macro ‘RBIMPL_ANYARGS_DECL’
  278 | RBIMPL_ANYARGS_DECL(rb_define_global_function, const char *)
      | ^~~~~~~~~~~~~~~~~~~
/nix/store/kj9xkgqsiz5h24k2f947z3p6h3mcn2hc-ruby-3.3.10/include/ruby-3.3.0/ruby/internal/attr/maybe_unused.h:31:37: error: ISO C does not support ‘[[]]’ attributes before C23 [-Werror=pedantic]
   31 | # define RBIMPL_ATTR_MAYBE_UNUSED() [[maybe_unused]]
      |                                     ^
/nix/store/kj9xkgqsiz5h24k2f947z3p6h3mcn2hc-ruby-3.3.10/include/ruby-3.3.0/ruby/internal/anyargs.h:252:38: note: in expansion of macro ‘RBIMPL_ATTR_MAYBE_UNUSED’
  252 | # define RBIMPL_ANYARGS_ATTRSET(sym) RBIMPL_ATTR_MAYBE_UNUSED() RBIMPL_ATTR_NONNULL(()) RBIMPL_ATTR_WEAKREF(sym)
      |                                      ^~~~~~~~~~~~~~~~~~~~~~~~
/nix/store/kj9xkgqsiz5h24k2f947z3p6h3mcn2hc-ruby-3.3.10/include/ruby-3.3.0/ruby/internal/anyargs.h:264:1: note: in expansion of macro ‘RBIMPL_ANYARGS_ATTRSET’
  264 | RBIMPL_ANYARGS_ATTRSET(sym) static void sym ## _06(__VA_ARGS__, VALUE(*)(VALUE, VALUE, VALUE, VALUE, VALUE, VALUE, VALUE), int); \
      | ^~~~~~~~~~~~~~~~~~~~~~
/nix/store/kj9xkgqsiz5h24k2f947z3p6h3mcn2hc-ruby-3.3.10/include/ruby-3.3.0/ruby/internal/anyargs.h:278:1: note: in expansion of macro ‘RBIMPL_ANYARGS_DECL’
  278 | RBIMPL_ANYARGS_DECL(rb_define_global_function, const char *)
      | ^~~~~~~~~~~~~~~~~~~
/nix/store/kj9xkgqsiz5h24k2f947z3p6h3mcn2hc-ruby-3.3.10/include/ruby-3.3.0/ruby/internal/attr/maybe_unused.h:31:37: error: ISO C does not support ‘[[]]’ attributes before C23 [-Werror=pedantic]
   31 | # define RBIMPL_ATTR_MAYBE_UNUSED() [[maybe_unused]]
      |                                     ^
/nix/store/kj9xkgqsiz5h24k2f947z3p6h3mcn2hc-ruby-3.3.10/include/ruby-3.3.0/ruby/internal/anyargs.h:252:38: note: in expansion of macro ‘RBIMPL_ATTR_MAYBE_UNUSED’
  252 | # define RBIMPL_ANYARGS_ATTRSET(sym) RBIMPL_ATTR_MAYBE_UNUSED() RBIMPL_ATTR_NONNULL(()) RBIMPL_ATTR_WEAKREF(sym)
      |                                      ^~~~~~~~~~~~~~~~~~~~~~~~
/nix/store/kj9xkgqsiz5h24k2f947z3p6h3mcn2hc-ruby-3.3.10/include/ruby-3.3.0/ruby/internal/anyargs.h:265:1: note: in expansion of macro ‘RBIMPL_ANYARGS_ATTRSET’
  265 | RBIMPL_ANYARGS_ATTRSET(sym) static void sym ## _07(__VA_ARGS__, VALUE(*)(VALUE, VALUE, VALUE, VALUE, VALUE, VALUE, VALUE, VALUE), int); \
      | ^~~~~~~~~~~~~~~~~~~~~~
/nix/store/kj9xkgqsiz5h24k2f947z3p6h3mcn2hc-ruby-3.3.10/include/ruby-3.3.0/ruby/internal/anyargs.h:278:1: note: in expansion of macro ‘RBIMPL_ANYARGS_DECL’
  278 | RBIMPL_ANYARGS_DECL(rb_define_global_function, const char *)
      | ^~~~~~~~~~~~~~~~~~~
/nix/store/kj9xkgqsiz5h24k2f947z3p6h3mcn2hc-ruby-3.3.10/include/ruby-3.3.0/ruby/internal/attr/maybe_unused.h:31:37: error: ISO C does not support ‘[[]]’ attributes before C23 [-Werror=pedantic]
   31 | # define RBIMPL_ATTR_MAYBE_UNUSED() [[maybe_unused]]
      |                                     ^
/nix/store/kj9xkgqsiz5h24k2f947z3p6h3mcn2hc-ruby-3.3.10/include/ruby-3.3.0/ruby/internal/anyargs.h:252:38: note: in expansion of macro ‘RBIMPL_ATTR_MAYBE_UNUSED’
  252 | # define RBIMPL_ANYARGS_ATTRSET(sym) RBIMPL_ATTR_MAYBE_UNUSED() RBIMPL_ATTR_NONNULL(()) RBIMPL_ATTR_WEAKREF(sym)
      |                                      ^~~~~~~~~~~~~~~~~~~~~~~~
/nix/store/kj9xkgqsiz5h24k2f947z3p6h3mcn2hc-ruby-3.3.10/include/ruby-3.3.0/ruby/internal/anyargs.h:266:1: note: in expansion of macro ‘RBIMPL_ANYARGS_ATTRSET’
  266 | RBIMPL_ANYARGS_ATTRSET(sym) static void sym ## _08(__VA_ARGS__, VALUE(*)(VALUE, VALUE, VALUE, VALUE, VALUE, VALUE, VALUE, VALUE, VALUE), int); \
      | ^~~~~~~~~~~~~~~~~~~~~~
/nix/store/kj9xkgqsiz5h24k2f947z3p6h3mcn2hc-ruby-3.3.10/include/ruby-3.3.0/ruby/internal/anyargs.h:278:1: note: in expansion of macro ‘RBIMPL_ANYARGS_DECL’
  278 | RBIMPL_ANYARGS_DECL(rb_define_global_function, const char *)
      | ^~~~~~~~~~~~~~~~~~~
/nix/store/kj9xkgqsiz5h24k2f947z3p6h3mcn2hc-ruby-3.3.10/include/ruby-3.3.0/ruby/internal/attr/maybe_unused.h:31:37: error: ISO C does not support ‘[[]]’ attributes before C23 [-Werror=pedantic]
   31 | # define RBIMPL_ATTR_MAYBE_UNUSED() [[maybe_unused]]
      |                                     ^
/nix/store/kj9xkgqsiz5h24k2f947z3p6h3mcn2hc-ruby-3.3.10/include/ruby-3.3.0/ruby/internal/anyargs.h:252:38: note: in expansion of macro ‘RBIMPL_ATTR_MAYBE_UNUSED’
  252 | # define RBIMPL_ANYARGS_ATTRSET(sym) RBIMPL_ATTR_MAYBE_UNUSED() RBIMPL_ATTR_NONNULL(()) RBIMPL_ATTR_WEAKREF(sym)
      |                                      ^~~~~~~~~~~~~~~~~~~~~~~~
/nix/store/kj9xkgqsiz5h24k2f947z3p6h3mcn2hc-ruby-3.3.10/include/ruby-3.3.0/ruby/internal/anyargs.h:267:1: note: in expansion of macro ‘RBIMPL_ANYARGS_ATTRSET’
  267 | RBIMPL_ANYARGS_ATTRSET(sym) static void sym ## _09(__VA_ARGS__, VALUE(*)(VALUE, VALUE, VALUE, VALUE, VALUE, VALUE, VALUE, VALUE, VALUE, VALUE), int); \
      | ^~~~~~~~~~~~~~~~~~~~~~
/nix/store/kj9xkgqsiz5h24k2f947z3p6h3mcn2hc-ruby-3.3.10/include/ruby-3.3.0/ruby/internal/anyargs.h:278:1: note: in expansion of macro ‘RBIMPL_ANYARGS_DECL’
  278 | RBIMPL_ANYARGS_DECL(rb_define_global_function, const char *)
      | ^~~~~~~~~~~~~~~~~~~
/nix/store/kj9xkgqsiz5h24k2f947z3p6h3mcn2hc-ruby-3.3.10/include/ruby-3.3.0/ruby/internal/attr/maybe_unused.h:31:37: error: ISO C does not support ‘[[]]’ attributes before C23 [-Werror=pedantic]
   31 | # define RBIMPL_ATTR_MAYBE_UNUSED() [[maybe_unused]]
      |                                     ^
/nix/store/kj9xkgqsiz5h24k2f947z3p6h3mcn2hc-ruby-3.3.10/include/ruby-3.3.0/ruby/internal/anyargs.h:252:38: note: in expansion of macro ‘RBIMPL_ATTR_MAYBE_UNUSED’
  252 | # define RBIMPL_ANYARGS_ATTRSET(sym) RBIMPL_ATTR_MAYBE_UNUSED() RBIMPL_ATTR_NONNULL(()) RBIMPL_ATTR_WEAKREF(sym)
      |                                      ^~~~~~~~~~~~~~~~~~~~~~~~
/nix/store/kj9xkgqsiz5h24k2f947z3p6h3mcn2hc-ruby-3.3.10/include/ruby-3.3.0/ruby/internal/anyargs.h:268:1: note: in expansion of macro ‘RBIMPL_ANYARGS_ATTRSET’
  268 | RBIMPL_ANYARGS_ATTRSET(sym) static void sym ## _10(__VA_ARGS__, VALUE(*)(VALUE, VALUE, VALUE, VALUE, VALUE, VALUE, VALUE, VALUE, VALUE, VALUE, VALUE), int); \
      | ^~~~~~~~~~~~~~~~~~~~~~
/nix/store/kj9xkgqsiz5h24k2f947z3p6h3mcn2hc-ruby-3.3.10/include/ruby-3.3.0/ruby/internal/anyargs.h:278:1: note: in expansion of macro ‘RBIMPL_ANYARGS_DECL’
  278 | RBIMPL_ANYARGS_DECL(rb_define_global_function, const char *)
      | ^~~~~~~~~~~~~~~~~~~
/nix/store/kj9xkgqsiz5h24k2f947z3p6h3mcn2hc-ruby-3.3.10/include/ruby-3.3.0/ruby/internal/attr/maybe_unused.h:31:37: error: ISO C does not support ‘[[]]’ attributes before C23 [-Werror=pedantic]
   31 | # define RBIMPL_ATTR_MAYBE_UNUSED() [[maybe_unused]]
      |                                     ^
/nix/store/kj9xkgqsiz5h24k2f947z3p6h3mcn2hc-ruby-3.3.10/include/ruby-3.3.0/ruby/internal/anyargs.h:252:38: note: in expansion of macro ‘RBIMPL_ATTR_MAYBE_UNUSED’
  252 | # define RBIMPL_ANYARGS_ATTRSET(sym) RBIMPL_ATTR_MAYBE_UNUSED() RBIMPL_ATTR_NONNULL(()) RBIMPL_ATTR_WEAKREF(sym)
      |                                      ^~~~~~~~~~~~~~~~~~~~~~~~
/nix/store/kj9xkgqsiz5h24k2f947z3p6h3mcn2hc-ruby-3.3.10/include/ruby-3.3.0/ruby/internal/anyargs.h:269:1: note: in expansion of macro ‘RBIMPL_ANYARGS_ATTRSET’
  269 | RBIMPL_ANYARGS_ATTRSET(sym) static void sym ## _11(__VA_ARGS__, VALUE(*)(VALUE, VALUE, VALUE, VALUE, VALUE, VALUE, VALUE, VALUE, VALUE, VALUE, VALUE, VALUE), int); \
      | ^~~~~~~~~~~~~~~~~~~~~~
/nix/store/kj9xkgqsiz5h24k2f947z3p6h3mcn2hc-ruby-3.3.10/include/ruby-3.3.0/ruby/internal/anyargs.h:278:1: note: in expansion of macro ‘RBIMPL_ANYARGS_DECL’
  278 | RBIMPL_ANYARGS_DECL(rb_define_global_function, const char *)
      | ^~~~~~~~~~~~~~~~~~~
/nix/store/kj9xkgqsiz5h24k2f947z3p6h3mcn2hc-ruby-3.3.10/include/ruby-3.3.0/ruby/internal/attr/maybe_unused.h:31:37: error: ISO C does not support ‘[[]]’ attributes before C23 [-Werror=pedantic]
   31 | # define RBIMPL_ATTR_MAYBE_UNUSED() [[maybe_unused]]
      |                                     ^
/nix/store/kj9xkgqsiz5h24k2f947z3p6h3mcn2hc-ruby-3.3.10/include/ruby-3.3.0/ruby/internal/anyargs.h:252:38: note: in expansion of macro ‘RBIMPL_ATTR_MAYBE_UNUSED’
  252 | # define RBIMPL_ANYARGS_ATTRSET(sym) RBIMPL_ATTR_MAYBE_UNUSED() RBIMPL_ATTR_NONNULL(()) RBIMPL_ATTR_WEAKREF(sym)
      |                                      ^~~~~~~~~~~~~~~~~~~~~~~~
/nix/store/kj9xkgqsiz5h24k2f947z3p6h3mcn2hc-ruby-3.3.10/include/ruby-3.3.0/ruby/internal/anyargs.h:270:1: note: in expansion of macro ‘RBIMPL_ANYARGS_ATTRSET’
  270 | RBIMPL_ANYARGS_ATTRSET(sym) static void sym ## _12(__VA_ARGS__, VALUE(*)(VALUE, VALUE, VALUE, VALUE, VALUE, VALUE, VALUE, VALUE, VALUE, VALUE, VALUE, VALUE, VALUE), int); \
      | ^~~~~~~~~~~~~~~~~~~~~~
/nix/store/kj9xkgqsiz5h24k2f947z3p6h3mcn2hc-ruby-3.3.10/include/ruby-3.3.0/ruby/internal/anyargs.h:278:1: note: in expansion of macro ‘RBIMPL_ANYARGS_DECL’
  278 | RBIMPL_ANYARGS_DECL(rb_define_global_function, const char *)
      | ^~~~~~~~~~~~~~~~~~~
/nix/store/kj9xkgqsiz5h24k2f947z3p6h3mcn2hc-ruby-3.3.10/include/ruby-3.3.0/ruby/internal/attr/maybe_unused.h:31:37: error: ISO C does not support ‘[[]]’ attributes before C23 [-Werror=pedantic]
   31 | # define RBIMPL_ATTR_MAYBE_UNUSED() [[maybe_unused]]
      |                                     ^
/nix/store/kj9xkgqsiz5h24k2f947z3p6h3mcn2hc-ruby-3.3.10/include/ruby-3.3.0/ruby/internal/anyargs.h:252:38: note: in expansion of macro ‘RBIMPL_ATTR_MAYBE_UNUSED’
  252 | # define RBIMPL_ANYARGS_ATTRSET(sym) RBIMPL_ATTR_MAYBE_UNUSED() RBIMPL_ATTR_NONNULL(()) RBIMPL_ATTR_WEAKREF(sym)
      |                                      ^~~~~~~~~~~~~~~~~~~~~~~~
/nix/store/kj9xkgqsiz5h24k2f947z3p6h3mcn2hc-ruby-3.3.10/include/ruby-3.3.0/ruby/internal/anyargs.h:271:1: note: in expansion of macro ‘RBIMPL_ANYARGS_ATTRSET’
  271 | RBIMPL_ANYARGS_ATTRSET(sym) static void sym ## _13(__VA_ARGS__, VALUE(*)(VALUE, VALUE, VALUE, VALUE, VALUE, VALUE, VALUE, VALUE, VALUE, VALUE, VALUE, VALUE, VALUE, VALUE), int); \
      | ^~~~~~~~~~~~~~~~~~~~~~
/nix/store/kj9xkgqsiz5h24k2f947z3p6h3mcn2hc-ruby-3.3.10/include/ruby-3.3.0/ruby/internal/anyargs.h:278:1: note: in expansion of macro ‘RBIMPL_ANYARGS_DECL’
  278 | RBIMPL_ANYARGS_DECL(rb_define_global_function, const char *)
      | ^~~~~~~~~~~~~~~~~~~
/nix/store/kj9xkgqsiz5h24k2f947z3p6h3mcn2hc-ruby-3.3.10/include/ruby-3.3.0/ruby/internal/attr/maybe_unused.h:31:37: error: ISO C does not support ‘[[]]’ attributes before C23 [-Werror=pedantic]
   31 | # define RBIMPL_ATTR_MAYBE_UNUSED() [[maybe_unused]]
      |                                     ^
/nix/store/kj9xkgqsiz5h24k2f947z3p6h3mcn2hc-ruby-3.3.10/include/ruby-3.3.0/ruby/internal/anyargs.h:252:38: note: in expansion of macro ‘RBIMPL_ATTR_MAYBE_UNUSED’
  252 | # define RBIMPL_ANYARGS_ATTRSET(sym) RBIMPL_ATTR_MAYBE_UNUSED() RBIMPL_ATTR_NONNULL(()) RBIMPL_ATTR_WEAKREF(sym)
      |                                      ^~~~~~~~~~~~~~~~~~~~~~~~
/nix/store/kj9xkgqsiz5h24k2f947z3p6h3mcn2hc-ruby-3.3.10/include/ruby-3.3.0/ruby/internal/anyargs.h:272:1: note: in expansion of macro ‘RBIMPL_ANYARGS_ATTRSET’
  272 | RBIMPL_ANYARGS_ATTRSET(sym) static void sym ## _14(__VA_ARGS__, VALUE(*)(VALUE, VALUE, VALUE, VALUE, VALUE, VALUE, VALUE, VALUE, VALUE, VALUE, VALUE, VALUE, VALUE, VALUE, VALUE), int); \
      | ^~~~~~~~~~~~~~~~~~~~~~
/nix/store/kj9xkgqsiz5h24k2f947z3p6h3mcn2hc-ruby-3.3.10/include/ruby-3.3.0/ruby/internal/anyargs.h:278:1: note: in expansion of macro ‘RBIMPL_ANYARGS_DECL’
  278 | RBIMPL_ANYARGS_DECL(rb_define_global_function, const char *)
      | ^~~~~~~~~~~~~~~~~~~
/nix/store/kj9xkgqsiz5h24k2f947z3p6h3mcn2hc-ruby-3.3.10/include/ruby-3.3.0/ruby/internal/attr/maybe_unused.h:31:37: error: ISO C does not support ‘[[]]’ attributes before C23 [-Werror=pedantic]
   31 | # define RBIMPL_ATTR_MAYBE_UNUSED() [[maybe_unused]]
      |                                     ^
/nix/store/kj9xkgqsiz5h24k2f947z3p6h3mcn2hc-ruby-3.3.10/include/ruby-3.3.0/ruby/internal/anyargs.h:252:38: note: in expansion of macro ‘RBIMPL_ATTR_MAYBE_UNUSED’
  252 | # define RBIMPL_ANYARGS_ATTRSET(sym) RBIMPL_ATTR_MAYBE_UNUSED() RBIMPL_ATTR_NONNULL(()) RBIMPL_ATTR_WEAKREF(sym)
      |                                      ^~~~~~~~~~~~~~~~~~~~~~~~
/nix/store/kj9xkgqsiz5h24k2f947z3p6h3mcn2hc-ruby-3.3.10/include/ruby-3.3.0/ruby/internal/anyargs.h:273:1: note: in expansion of macro ‘RBIMPL_ANYARGS_ATTRSET’
  273 | RBIMPL_ANYARGS_ATTRSET(sym) static void sym ## _15(__VA_ARGS__, VALUE(*)(VALUE, VALUE, VALUE, VALUE, VALUE, VALUE, VALUE, VALUE, VALUE, VALUE, VALUE, VALUE, VALUE, VALUE, VALUE, VALUE), int);
      | ^~~~~~~~~~~~~~~~~~~~~~
/nix/store/kj9xkgqsiz5h24k2f947z3p6h3mcn2hc-ruby-3.3.10/include/ruby-3.3.0/ruby/internal/anyargs.h:278:1: note: in expansion of macro ‘RBIMPL_ANYARGS_DECL’
  278 | RBIMPL_ANYARGS_DECL(rb_define_global_function, const char *)
      | ^~~~~~~~~~~~~~~~~~~
/nix/store/kj9xkgqsiz5h24k2f947z3p6h3mcn2hc-ruby-3.3.10/include/ruby-3.3.0/ruby/internal/attr/maybe_unused.h:31:37: error: ISO C does not support ‘[[]]’ attributes before C23 [-Werror=pedantic]
   31 | # define RBIMPL_ATTR_MAYBE_UNUSED() [[maybe_unused]]
      |                                     ^
/nix/store/kj9xkgqsiz5h24k2f947z3p6h3mcn2hc-ruby-3.3.10/include/ruby-3.3.0/ruby/internal/anyargs.h:252:38: note: in expansion of macro ‘RBIMPL_ATTR_MAYBE_UNUSED’
  252 | # define RBIMPL_ANYARGS_ATTRSET(sym) RBIMPL_ATTR_MAYBE_UNUSED() RBIMPL_ATTR_NONNULL(()) RBIMPL_ATTR_WEAKREF(sym)
      |                                      ^~~~~~~~~~~~~~~~~~~~~~~~
/nix/store/kj9xkgqsiz5h24k2f947z3p6h3mcn2hc-ruby-3.3.10/include/ruby-3.3.0/ruby/internal/anyargs.h:254:1: note: in expansion of macro ‘RBIMPL_ANYARGS_ATTRSET’
  254 | RBIMPL_ANYARGS_ATTRSET(sym) static void sym ## _notimpl(__VA_ARGS__, VALUE(*)(int, const VALUE *, VALUE, VALUE), int); \
      | ^~~~~~~~~~~~~~~~~~~~~~
/nix/store/kj9xkgqsiz5h24k2f947z3p6h3mcn2hc-ruby-3.3.10/include/ruby-3.3.0/ruby/internal/anyargs.h:279:1: note: in expansion of macro ‘RBIMPL_ANYARGS_DECL’
  279 | RBIMPL_ANYARGS_DECL(rb_define_method_id, VALUE, ID)
      | ^~~~~~~~~~~~~~~~~~~
/nix/store/kj9xkgqsiz5h24k2f947z3p6h3mcn2hc-ruby-3.3.10/include/ruby-3.3.0/ruby/internal/attr/maybe_unused.h:31:37: error: ISO C does not support ‘[[]]’ attributes before C23 [-Werror=pedantic]
   31 | # define RBIMPL_ATTR_MAYBE_UNUSED() [[maybe_unused]]
      |                                     ^
/nix/store/kj9xkgqsiz5h24k2f947z3p6h3mcn2hc-ruby-3.3.10/include/ruby-3.3.0/ruby/internal/anyargs.h:252:38: note: in expansion of macro ‘RBIMPL_ATTR_MAYBE_UNUSED’
  252 | # define RBIMPL_ANYARGS_ATTRSET(sym) RBIMPL_ATTR_MAYBE_UNUSED() RBIMPL_ATTR_NONNULL(()) RBIMPL_ATTR_WEAKREF(sym)
      |                                      ^~~~~~~~~~~~~~~~~~~~~~~~
/nix/store/kj9xkgqsiz5h24k2f947z3p6h3mcn2hc-ruby-3.3.10/include/ruby-3.3.0/ruby/internal/anyargs.h:255:1: note: in expansion of macro ‘RBIMPL_ANYARGS_ATTRSET’
  255 | RBIMPL_ANYARGS_ATTRSET(sym) static void sym ## _m3(__VA_ARGS__, VALUE(*)(ANYARGS), int); \
      | ^~~~~~~~~~~~~~~~~~~~~~
/nix/store/kj9xkgqsiz5h24k2f947z3p6h3mcn2hc-ruby-3.3.10/include/ruby-3.3.0/ruby/internal/anyargs.h:279:1: note: in expansion of macro ‘RBIMPL_ANYARGS_DECL’
  279 | RBIMPL_ANYARGS_DECL(rb_define_method_id, VALUE, ID)
      | ^~~~~~~~~~~~~~~~~~~
/nix/store/kj9xkgqsiz5h24k2f947z3p6h3mcn2hc-ruby-3.3.10/include/ruby-3.3.0/ruby/internal/attr/maybe_unused.h:31:37: error: ISO C does not support ‘[[]]’ attributes before C23 [-Werror=pedantic]
   31 | # define RBIMPL_ATTR_MAYBE_UNUSED() [[maybe_unused]]
      |                                     ^
/nix/store/kj9xkgqsiz5h24k2f947z3p6h3mcn2hc-ruby-3.3.10/include/ruby-3.3.0/ruby/internal/anyargs.h:252:38: note: in expansion of macro ‘RBIMPL_ATTR_MAYBE_UNUSED’
  252 | # define RBIMPL_ANYARGS_ATTRSET(sym) RBIMPL_ATTR_MAYBE_UNUSED() RBIMPL_ATTR_NONNULL(()) RBIMPL_ATTR_WEAKREF(sym)
      |                                      ^~~~~~~~~~~~~~~~~~~~~~~~
/nix/store/kj9xkgqsiz5h24k2f947z3p6h3mcn2hc-ruby-3.3.10/include/ruby-3.3.0/ruby/internal/anyargs.h:256:1: note: in expansion of macro ‘RBIMPL_ANYARGS_ATTRSET’
  256 | RBIMPL_ANYARGS_ATTRSET(sym) static void sym ## _m2(__VA_ARGS__, VALUE(*)(VALUE, VALUE), int); \
      | ^~~~~~~~~~~~~~~~~~~~~~
/nix/store/kj9xkgqsiz5h24k2f947z3p6h3mcn2hc-ruby-3.3.10/include/ruby-3.3.0/ruby/internal/anyargs.h:279:1: note: in expansion of macro ‘RBIMPL_ANYARGS_DECL’
  279 | RBIMPL_ANYARGS_DECL(rb_define_method_id, VALUE, ID)
      | ^~~~~~~~~~~~~~~~~~~
/nix/store/kj9xkgqsiz5h24k2f947z3p6h3mcn2hc-ruby-3.3.10/include/ruby-3.3.0/ruby/internal/attr/maybe_unused.h:31:37: error: ISO C does not support ‘[[]]’ attributes before C23 [-Werror=pedantic]
   31 | # define RBIMPL_ATTR_MAYBE_UNUSED() [[maybe_unused]]
      |                                     ^
/nix/store/kj9xkgqsiz5h24k2f947z3p6h3mcn2hc-ruby-3.3.10/include/ruby-3.3.0/ruby/internal/anyargs.h:252:38: note: in expansion of macro ‘RBIMPL_ATTR_MAYBE_UNUSED’
  252 | # define RBIMPL_ANYARGS_ATTRSET(sym) RBIMPL_ATTR_MAYBE_UNUSED() RBIMPL_ATTR_NONNULL(()) RBIMPL_ATTR_WEAKREF(sym)
      |                                      ^~~~~~~~~~~~~~~~~~~~~~~~
/nix/store/kj9xkgqsiz5h24k2f947z3p6h3mcn2hc-ruby-3.3.10/include/ruby-3.3.0/ruby/internal/anyargs.h:257:1: note: in expansion of macro ‘RBIMPL_ANYARGS_ATTRSET’
  257 | RBIMPL_ANYARGS_ATTRSET(sym) static void sym ## _m1(__VA_ARGS__, VALUE(*)(int, union { VALUE *x; const VALUE *y; } __attribute__((__transparent_union__)), VALUE), int); \
      | ^~~~~~~~~~~~~~~~~~~~~~
/nix/store/kj9xkgqsiz5h24k2f947z3p6h3mcn2hc-ruby-3.3.10/include/ruby-3.3.0/ruby/internal/anyargs.h:279:1: note: in expansion of macro ‘RBIMPL_ANYARGS_DECL’
  279 | RBIMPL_ANYARGS_DECL(rb_define_method_id, VALUE, ID)
      | ^~~~~~~~~~~~~~~~~~~
/nix/store/kj9xkgqsiz5h24k2f947z3p6h3mcn2hc-ruby-3.3.10/include/ruby-3.3.0/ruby/internal/attr/maybe_unused.h:31:37: error: ISO C does not support ‘[[]]’ attributes before C23 [-Werror=pedantic]
   31 | # define RBIMPL_ATTR_MAYBE_UNUSED() [[maybe_unused]]
      |                                     ^
/nix/store/kj9xkgqsiz5h24k2f947z3p6h3mcn2hc-ruby-3.3.10/include/ruby-3.3.0/ruby/internal/anyargs.h:252:38: note: in expansion of macro ‘RBIMPL_ATTR_MAYBE_UNUSED’
  252 | # define RBIMPL_ANYARGS_ATTRSET(sym) RBIMPL_ATTR_MAYBE_UNUSED() RBIMPL_ATTR_NONNULL(()) RBIMPL_ATTR_WEAKREF(sym)
      |                                      ^~~~~~~~~~~~~~~~~~~~~~~~
/nix/store/kj9xkgqsiz5h24k2f947z3p6h3mcn2hc-ruby-3.3.10/include/ruby-3.3.0/ruby/internal/anyargs.h:258:1: note: in expansion of macro ‘RBIMPL_ANYARGS_ATTRSET’
  258 | RBIMPL_ANYARGS_ATTRSET(sym) static void sym ## _00(__VA_ARGS__, VALUE(*)(VALUE), int); \
      | ^~~~~~~~~~~~~~~~~~~~~~
/nix/store/kj9xkgqsiz5h24k2f947z3p6h3mcn2hc-ruby-3.3.10/include/ruby-3.3.0/ruby/internal/anyargs.h:279:1: note: in expansion of macro ‘RBIMPL_ANYARGS_DECL’
  279 | RBIMPL_ANYARGS_DECL(rb_define_method_id, VALUE, ID)
      | ^~~~~~~~~~~~~~~~~~~
/nix/store/kj9xkgqsiz5h24k2f947z3p6h3mcn2hc-ruby-3.3.10/include/ruby-3.3.0/ruby/internal/attr/maybe_unused.h:31:37: error: ISO C does not support ‘[[]]’ attributes before C23 [-Werror=pedantic]
   31 | # define RBIMPL_ATTR_MAYBE_UNUSED() [[maybe_unused]]
      |                                     ^
/nix/store/kj9xkgqsiz5h24k2f947z3p6h3mcn2hc-ruby-3.3.10/include/ruby-3.3.0/ruby/internal/anyargs.h:252:38: note: in expansion of macro ‘RBIMPL_ATTR_MAYBE_UNUSED’
  252 | # define RBIMPL_ANYARGS_ATTRSET(sym) RBIMPL_ATTR_MAYBE_UNUSED() RBIMPL_ATTR_NONNULL(()) RBIMPL_ATTR_WEAKREF(sym)
      |                                      ^~~~~~~~~~~~~~~~~~~~~~~~
/nix/store/kj9xkgqsiz5h24k2f947z3p6h3mcn2hc-ruby-3.3.10/include/ruby-3.3.0/ruby/internal/anyargs.h:259:1: note: in expansion of macro ‘RBIMPL_ANYARGS_ATTRSET’
  259 | RBIMPL_ANYARGS_ATTRSET(sym) static void sym ## _01(__VA_ARGS__, VALUE(*)(VALUE, VALUE), int); \
      | ^~~~~~~~~~~~~~~~~~~~~~
/nix/store/kj9xkgqsiz5h24k2f947z3p6h3mcn2hc-ruby-3.3.10/include/ruby-3.3.0/ruby/internal/anyargs.h:279:1: note: in expansion of macro ‘RBIMPL_ANYARGS_DECL’
  279 | RBIMPL_ANYARGS_DECL(rb_define_method_id, VALUE, ID)
      | ^~~~~~~~~~~~~~~~~~~
/nix/store/kj9xkgqsiz5h24k2f947z3p6h3mcn2hc-ruby-3.3.10/include/ruby-3.3.0/ruby/internal/attr/maybe_unused.h:31:37: error: ISO C does not support ‘[[]]’ attributes before C23 [-Werror=pedantic]
   31 | # define RBIMPL_ATTR_MAYBE_UNUSED() [[maybe_unused]]
      |                                     ^
/nix/store/kj9xkgqsiz5h24k2f947z3p6h3mcn2hc-ruby-3.3.10/include/ruby-3.3.0/ruby/internal/anyargs.h:252:38: note: in expansion of macro ‘RBIMPL_ATTR_MAYBE_UNUSED’
  252 | # define RBIMPL_ANYARGS_ATTRSET(sym) RBIMPL_ATTR_MAYBE_UNUSED() RBIMPL_ATTR_NONNULL(()) RBIMPL_ATTR_WEAKREF(sym)
      |                                      ^~~~~~~~~~~~~~~~~~~~~~~~
/nix/store/kj9xkgqsiz5h24k2f947z3p6h3mcn2hc-ruby-3.3.10/include/ruby-3.3.0/ruby/internal/anyargs.h:260:1: note: in expansion of macro ‘RBIMPL_ANYARGS_ATTRSET’
  260 | RBIMPL_ANYARGS_ATTRSET(sym) static void sym ## _02(__VA_ARGS__, VALUE(*)(VALUE, VALUE, VALUE), int); \
      | ^~~~~~~~~~~~~~~~~~~~~~
/nix/store/kj9xkgqsiz5h24k2f947z3p6h3mcn2hc-ruby-3.3.10/include/ruby-3.3.0/ruby/internal/anyargs.h:279:1: note: in expansion of macro ‘RBIMPL_ANYARGS_DECL’
  279 | RBIMPL_ANYARGS_DECL(rb_define_method_id, VALUE, ID)
      | ^~~~~~~~~~~~~~~~~~~
/nix/store/kj9xkgqsiz5h24k2f947z3p6h3mcn2hc-ruby-3.3.10/include/ruby-3.3.0/ruby/internal/attr/maybe_unused.h:31:37: error: ISO C does not support ‘[[]]’ attributes before C23 [-Werror=pedantic]
   31 | # define RBIMPL_ATTR_MAYBE_UNUSED() [[maybe_unused]]
      |                                     ^
/nix/store/kj9xkgqsiz5h24k2f947z3p6h3mcn2hc-ruby-3.3.10/include/ruby-3.3.0/ruby/internal/anyargs.h:252:38: note: in expansion of macro ‘RBIMPL_ATTR_MAYBE_UNUSED’
  252 | # define RBIMPL_ANYARGS_ATTRSET(sym) RBIMPL_ATTR_MAYBE_UNUSED() RBIMPL_ATTR_NONNULL(()) RBIMPL_ATTR_WEAKREF(sym)
      |                                      ^~~~~~~~~~~~~~~~~~~~~~~~
/nix/store/kj9xkgqsiz5h24k2f947z3p6h3mcn2hc-ruby-3.3.10/include/ruby-3.3.0/ruby/internal/anyargs.h:261:1: note: in expansion of macro ‘RBIMPL_ANYARGS_ATTRSET’
  261 | RBIMPL_ANYARGS_ATTRSET(sym) static void sym ## _03(__VA_ARGS__, VALUE(*)(VALUE, VALUE, VALUE, VALUE), int); \
      | ^~~~~~~~~~~~~~~~~~~~~~
/nix/store/kj9xkgqsiz5h24k2f947z3p6h3mcn2hc-ruby-3.3.10/include/ruby-3.3.0/ruby/internal/anyargs.h:279:1: note: in expansion of macro ‘RBIMPL_ANYARGS_DECL’
  279 | RBIMPL_ANYARGS_DECL(rb_define_method_id, VALUE, ID)
      | ^~~~~~~~~~~~~~~~~~~
/nix/store/kj9xkgqsiz5h24k2f947z3p6h3mcn2hc-ruby-3.3.10/include/ruby-3.3.0/ruby/internal/attr/maybe_unused.h:31:37: error: ISO C does not support ‘[[]]’ attributes before C23 [-Werror=pedantic]
   31 | # define RBIMPL_ATTR_MAYBE_UNUSED() [[maybe_unused]]
      |                                     ^
/nix/store/kj9xkgqsiz5h24k2f947z3p6h3mcn2hc-ruby-3.3.10/include/ruby-3.3.0/ruby/internal/anyargs.h:252:38: note: in expansion of macro ‘RBIMPL_ATTR_MAYBE_UNUSED’
  252 | # define RBIMPL_ANYARGS_ATTRSET(sym) RBIMPL_ATTR_MAYBE_UNUSED() RBIMPL_ATTR_NONNULL(()) RBIMPL_ATTR_WEAKREF(sym)
      |                                      ^~~~~~~~~~~~~~~~~~~~~~~~
/nix/store/kj9xkgqsiz5h24k2f947z3p6h3mcn2hc-ruby-3.3.10/include/ruby-3.3.0/ruby/internal/anyargs.h:262:1: note: in expansion of macro ‘RBIMPL_ANYARGS_ATTRSET’
  262 | RBIMPL_ANYARGS_ATTRSET(sym) static void sym ## _04(__VA_ARGS__, VALUE(*)(VALUE, VALUE, VALUE, VALUE, VALUE), int); \
      | ^~~~~~~~~~~~~~~~~~~~~~
/nix/store/kj9xkgqsiz5h24k2f947z3p6h3mcn2hc-ruby-3.3.10/include/ruby-3.3.0/ruby/internal/anyargs.h:279:1: note: in expansion of macro ‘RBIMPL_ANYARGS_DECL’
  279 | RBIMPL_ANYARGS_DECL(rb_define_method_id, VALUE, ID)
      | ^~~~~~~~~~~~~~~~~~~
/nix/store/kj9xkgqsiz5h24k2f947z3p6h3mcn2hc-ruby-3.3.10/include/ruby-3.3.0/ruby/internal/attr/maybe_unused.h:31:37: error: ISO C does not support ‘[[]]’ attributes before C23 [-Werror=pedantic]
   31 | # define RBIMPL_ATTR_MAYBE_UNUSED() [[maybe_unused]]
      |                                     ^
/nix/store/kj9xkgqsiz5h24k2f947z3p6h3mcn2hc-ruby-3.3.10/include/ruby-3.3.0/ruby/internal/anyargs.h:252:38: note: in expansion of macro ‘RBIMPL_ATTR_MAYBE_UNUSED’
  252 | # define RBIMPL_ANYARGS_ATTRSET(sym) RBIMPL_ATTR_MAYBE_UNUSED() RBIMPL_ATTR_NONNULL(()) RBIMPL_ATTR_WEAKREF(sym)
      |                                      ^~~~~~~~~~~~~~~~~~~~~~~~
/nix/store/kj9xkgqsiz5h24k2f947z3p6h3mcn2hc-ruby-3.3.10/include/ruby-3.3.0/ruby/internal/anyargs.h:263:1: note: in expansion of macro ‘RBIMPL_ANYARGS_ATTRSET’
  263 | RBIMPL_ANYARGS_ATTRSET(sym) static void sym ## _05(__VA_ARGS__, VALUE(*)(VALUE, VALUE, VALUE, VALUE, VALUE, VALUE), int); \
      | ^~~~~~~~~~~~~~~~~~~~~~
/nix/store/kj9xkgqsiz5h24k2f947z3p6h3mcn2hc-ruby-3.3.10/include/ruby-3.3.0/ruby/internal/anyargs.h:279:1: note: in expansion of macro ‘RBIMPL_ANYARGS_DECL’
  279 | RBIMPL_ANYARGS_DECL(rb_define_method_id, VALUE, ID)
      | ^~~~~~~~~~~~~~~~~~~
/nix/store/kj9xkgqsiz5h24k2f947z3p6h3mcn2hc-ruby-3.3.10/include/ruby-3.3.0/ruby/internal/attr/maybe_unused.h:31:37: error: ISO C does not support ‘[[]]’ attributes before C23 [-Werror=pedantic]
   31 | # define RBIMPL_ATTR_MAYBE_UNUSED() [[maybe_unused]]
      |                                     ^
/nix/store/kj9xkgqsiz5h24k2f947z3p6h3mcn2hc-ruby-3.3.10/include/ruby-3.3.0/ruby/internal/anyargs.h:252:38: note: in expansion of macro ‘RBIMPL_ATTR_MAYBE_UNUSED’
  252 | # define RBIMPL_ANYARGS_ATTRSET(sym) RBIMPL_ATTR_MAYBE_UNUSED() RBIMPL_ATTR_NONNULL(()) RBIMPL_ATTR_WEAKREF(sym)
      |                                      ^~~~~~~~~~~~~~~~~~~~~~~~
/nix/store/kj9xkgqsiz5h24k2f947z3p6h3mcn2hc-ruby-3.3.10/include/ruby-3.3.0/ruby/internal/anyargs.h:264:1: note: in expansion of macro ‘RBIMPL_ANYARGS_ATTRSET’
  264 | RBIMPL_ANYARGS_ATTRSET(sym) static void sym ## _06(__VA_ARGS__, VALUE(*)(VALUE, VALUE, VALUE, VALUE, VALUE, VALUE, VALUE), int); \
      | ^~~~~~~~~~~~~~~~~~~~~~
/nix/store/kj9xkgqsiz5h24k2f947z3p6h3mcn2hc-ruby-3.3.10/include/ruby-3.3.0/ruby/internal/anyargs.h:279:1: note: in expansion of macro ‘RBIMPL_ANYARGS_DECL’
  279 | RBIMPL_ANYARGS_DECL(rb_define_method_id, VALUE, ID)
      | ^~~~~~~~~~~~~~~~~~~
/nix/store/kj9xkgqsiz5h24k2f947z3p6h3mcn2hc-ruby-3.3.10/include/ruby-3.3.0/ruby/internal/attr/maybe_unused.h:31:37: error: ISO C does not support ‘[[]]’ attributes before C23 [-Werror=pedantic]
   31 | # define RBIMPL_ATTR_MAYBE_UNUSED() [[maybe_unused]]
      |                                     ^
/nix/store/kj9xkgqsiz5h24k2f947z3p6h3mcn2hc-ruby-3.3.10/include/ruby-3.3.0/ruby/internal/anyargs.h:252:38: note: in expansion of macro ‘RBIMPL_ATTR_MAYBE_UNUSED’
  252 | # define RBIMPL_ANYARGS_ATTRSET(sym) RBIMPL_ATTR_MAYBE_UNUSED() RBIMPL_ATTR_NONNULL(()) RBIMPL_ATTR_WEAKREF(sym)
      |                                      ^~~~~~~~~~~~~~~~~~~~~~~~
/nix/store/kj9xkgqsiz5h24k2f947z3p6h3mcn2hc-ruby-3.3.10/include/ruby-3.3.0/ruby/internal/anyargs.h:265:1: note: in expansion of macro ‘RBIMPL_ANYARGS_ATTRSET’
  265 | RBIMPL_ANYARGS_ATTRSET(sym) static void sym ## _07(__VA_ARGS__, VALUE(*)(VALUE, VALUE, VALUE, VALUE, VALUE, VALUE, VALUE, VALUE), int); \
      | ^~~~~~~~~~~~~~~~~~~~~~
/nix/store/kj9xkgqsiz5h24k2f947z3p6h3mcn2hc-ruby-3.3.10/include/ruby-3.3.0/ruby/internal/anyargs.h:279:1: note: in expansion of macro ‘RBIMPL_ANYARGS_DECL’
  279 | RBIMPL_ANYARGS_DECL(rb_define_method_id, VALUE, ID)
      | ^~~~~~~~~~~~~~~~~~~
/nix/store/kj9xkgqsiz5h24k2f947z3p6h3mcn2hc-ruby-3.3.10/include/ruby-3.3.0/ruby/internal/attr/maybe_unused.h:31:37: error: ISO C does not support ‘[[]]’ attributes before C23 [-Werror=pedantic]
   31 | # define RBIMPL_ATTR_MAYBE_UNUSED() [[maybe_unused]]
      |                                     ^
/nix/store/kj9xkgqsiz5h24k2f947z3p6h3mcn2hc-ruby-3.3.10/include/ruby-3.3.0/ruby/internal/anyargs.h:252:38: note: in expansion of macro ‘RBIMPL_ATTR_MAYBE_UNUSED’
  252 | # define RBIMPL_ANYARGS_ATTRSET(sym) RBIMPL_ATTR_MAYBE_UNUSED() RBIMPL_ATTR_NONNULL(()) RBIMPL_ATTR_WEAKREF(sym)
      |                                      ^~~~~~~~~~~~~~~~~~~~~~~~
/nix/store/kj9xkgqsiz5h24k2f947z3p6h3mcn2hc-ruby-3.3.10/include/ruby-3.3.0/ruby/internal/anyargs.h:266:1: note: in expansion of macro ‘RBIMPL_ANYARGS_ATTRSET’
  266 | RBIMPL_ANYARGS_ATTRSET(sym) static void sym ## _08(__VA_ARGS__, VALUE(*)(VALUE, VALUE, VALUE, VALUE, VALUE, VALUE, VALUE, VALUE, VALUE), int); \
      | ^~~~~~~~~~~~~~~~~~~~~~
/nix/store/kj9xkgqsiz5h24k2f947z3p6h3mcn2hc-ruby-3.3.10/include/ruby-3.3.0/ruby/internal/anyargs.h:279:1: note: in expansion of macro ‘RBIMPL_ANYARGS_DECL’
  279 | RBIMPL_ANYARGS_DECL(rb_define_method_id, VALUE, ID)
      | ^~~~~~~~~~~~~~~~~~~
/nix/store/kj9xkgqsiz5h24k2f947z3p6h3mcn2hc-ruby-3.3.10/include/ruby-3.3.0/ruby/internal/attr/maybe_unused.h:31:37: error: ISO C does not support ‘[[]]’ attributes before C23 [-Werror=pedantic]
   31 | # define RBIMPL_ATTR_MAYBE_UNUSED() [[maybe_unused]]
      |                                     ^
/nix/store/kj9xkgqsiz5h24k2f947z3p6h3mcn2hc-ruby-3.3.10/include/ruby-3.3.0/ruby/internal/anyargs.h:252:38: note: in expansion of macro ‘RBIMPL_ATTR_MAYBE_UNUSED’
  252 | # define RBIMPL_ANYARGS_ATTRSET(sym) RBIMPL_ATTR_MAYBE_UNUSED() RBIMPL_ATTR_NONNULL(()) RBIMPL_ATTR_WEAKREF(sym)
      |                                      ^~~~~~~~~~~~~~~~~~~~~~~~
/nix/store/kj9xkgqsiz5h24k2f947z3p6h3mcn2hc-ruby-3.3.10/include/ruby-3.3.0/ruby/internal/anyargs.h:267:1: note: in expansion of macro ‘RBIMPL_ANYARGS_ATTRSET’
  267 | RBIMPL_ANYARGS_ATTRSET(sym) static void sym ## _09(__VA_ARGS__, VALUE(*)(VALUE, VALUE, VALUE, VALUE, VALUE, VALUE, VALUE, VALUE, VALUE, VALUE), int); \
      | ^~~~~~~~~~~~~~~~~~~~~~
/nix/store/kj9xkgqsiz5h24k2f947z3p6h3mcn2hc-ruby-3.3.10/include/ruby-3.3.0/ruby/internal/anyargs.h:279:1: note: in expansion of macro ‘RBIMPL_ANYARGS_DECL’
  279 | RBIMPL_ANYARGS_DECL(rb_define_method_id, VALUE, ID)
      | ^~~~~~~~~~~~~~~~~~~
/nix/store/kj9xkgqsiz5h24k2f947z3p6h3mcn2hc-ruby-3.3.10/include/ruby-3.3.0/ruby/internal/attr/maybe_unused.h:31:37: error: ISO C does not support ‘[[]]’ attributes before C23 [-Werror=pedantic]
   31 | # define RBIMPL_ATTR_MAYBE_UNUSED() [[maybe_unused]]
      |                                     ^
/nix/store/kj9xkgqsiz5h24k2f947z3p6h3mcn2hc-ruby-3.3.10/include/ruby-3.3.0/ruby/internal/anyargs.h:252:38: note: in expansion of macro ‘RBIMPL_ATTR_MAYBE_UNUSED’
  252 | # define RBIMPL_ANYARGS_ATTRSET(sym) RBIMPL_ATTR_MAYBE_UNUSED() RBIMPL_ATTR_NONNULL(()) RBIMPL_ATTR_WEAKREF(sym)
      |                                      ^~~~~~~~~~~~~~~~~~~~~~~~
/nix/store/kj9xkgqsiz5h24k2f947z3p6h3mcn2hc-ruby-3.3.10/include/ruby-3.3.0/ruby/internal/anyargs.h:268:1: note: in expansion of macro ‘RBIMPL_ANYARGS_ATTRSET’
  268 | RBIMPL_ANYARGS_ATTRSET(sym) static void sym ## _10(__VA_ARGS__, VALUE(*)(VALUE, VALUE, VALUE, VALUE, VALUE, VALUE, VALUE, VALUE, VALUE, VALUE, VALUE), int); \
      | ^~~~~~~~~~~~~~~~~~~~~~
/nix/store/kj9xkgqsiz5h24k2f947z3p6h3mcn2hc-ruby-3.3.10/include/ruby-3.3.0/ruby/internal/anyargs.h:279:1: note: in expansion of macro ‘RBIMPL_ANYARGS_DECL’
  279 | RBIMPL_ANYARGS_DECL(rb_define_method_id, VALUE, ID)
      | ^~~~~~~~~~~~~~~~~~~
/nix/store/kj9xkgqsiz5h24k2f947z3p6h3mcn2hc-ruby-3.3.10/include/ruby-3.3.0/ruby/internal/attr/maybe_unused.h:31:37: error: ISO C does not support ‘[[]]’ attributes before C23 [-Werror=pedantic]
   31 | # define RBIMPL_ATTR_MAYBE_UNUSED() [[maybe_unused]]
      |                                     ^
/nix/store/kj9xkgqsiz5h24k2f947z3p6h3mcn2hc-ruby-3.3.10/include/ruby-3.3.0/ruby/internal/anyargs.h:252:38: note: in expansion of macro ‘RBIMPL_ATTR_MAYBE_UNUSED’
  252 | # define RBIMPL_ANYARGS_ATTRSET(sym) RBIMPL_ATTR_MAYBE_UNUSED() RBIMPL_ATTR_NONNULL(()) RBIMPL_ATTR_WEAKREF(sym)
      |                                      ^~~~~~~~~~~~~~~~~~~~~~~~
/nix/store/kj9xkgqsiz5h24k2f947z3p6h3mcn2hc-ruby-3.3.10/include/ruby-3.3.0/ruby/internal/anyargs.h:269:1: note: in expansion of macro ‘RBIMPL_ANYARGS_ATTRSET’
  269 | RBIMPL_ANYARGS_ATTRSET(sym) static void sym ## _11(__VA_ARGS__, VALUE(*)(VALUE, VALUE, VALUE, VALUE, VALUE, VALUE, VALUE, VALUE, VALUE, VALUE, VALUE, VALUE), int); \
      | ^~~~~~~~~~~~~~~~~~~~~~
/nix/store/kj9xkgqsiz5h24k2f947z3p6h3mcn2hc-ruby-3.3.10/include/ruby-3.3.0/ruby/internal/anyargs.h:279:1: note: in expansion of macro ‘RBIMPL_ANYARGS_DECL’
  279 | RBIMPL_ANYARGS_DECL(rb_define_method_id, VALUE, ID)
      | ^~~~~~~~~~~~~~~~~~~
/nix/store/kj9xkgqsiz5h24k2f947z3p6h3mcn2hc-ruby-3.3.10/include/ruby-3.3.0/ruby/internal/attr/maybe_unused.h:31:37: error: ISO C does not support ‘[[]]’ attributes before C23 [-Werror=pedantic]
   31 | # define RBIMPL_ATTR_MAYBE_UNUSED() [[maybe_unused]]
      |                                     ^
/nix/store/kj9xkgqsiz5h24k2f947z3p6h3mcn2hc-ruby-3.3.10/include/ruby-3.3.0/ruby/internal/anyargs.h:252:38: note: in expansion of macro ‘RBIMPL_ATTR_MAYBE_UNUSED’
  252 | # define RBIMPL_ANYARGS_ATTRSET(sym) RBIMPL_ATTR_MAYBE_UNUSED() RBIMPL_ATTR_NONNULL(()) RBIMPL_ATTR_WEAKREF(sym)
      |                                      ^~~~~~~~~~~~~~~~~~~~~~~~
/nix/store/kj9xkgqsiz5h24k2f947z3p6h3mcn2hc-ruby-3.3.10/include/ruby-3.3.0/ruby/internal/anyargs.h:270:1: note: in expansion of macro ‘RBIMPL_ANYARGS_ATTRSET’
  270 | RBIMPL_ANYARGS_ATTRSET(sym) static void sym ## _12(__VA_ARGS__, VALUE(*)(VALUE, VALUE, VALUE, VALUE, VALUE, VALUE, VALUE, VALUE, VALUE, VALUE, VALUE, VALUE, VALUE), int); \
      | ^~~~~~~~~~~~~~~~~~~~~~
/nix/store/kj9xkgqsiz5h24k2f947z3p6h3mcn2hc-ruby-3.3.10/include/ruby-3.3.0/ruby/internal/anyargs.h:279:1: note: in expansion of macro ‘RBIMPL_ANYARGS_DECL’
  279 | RBIMPL_ANYARGS_DECL(rb_define_method_id, VALUE, ID)
      | ^~~~~~~~~~~~~~~~~~~
/nix/store/kj9xkgqsiz5h24k2f947z3p6h3mcn2hc-ruby-3.3.10/include/ruby-3.3.0/ruby/internal/attr/maybe_unused.h:31:37: error: ISO C does not support ‘[[]]’ attributes before C23 [-Werror=pedantic]
   31 | # define RBIMPL_ATTR_MAYBE_UNUSED() [[maybe_unused]]
      |                                     ^
/nix/store/kj9xkgqsiz5h24k2f947z3p6h3mcn2hc-ruby-3.3.10/include/ruby-3.3.0/ruby/internal/anyargs.h:252:38: note: in expansion of macro ‘RBIMPL_ATTR_MAYBE_UNUSED’
  252 | # define RBIMPL_ANYARGS_ATTRSET(sym) RBIMPL_ATTR_MAYBE_UNUSED() RBIMPL_ATTR_NONNULL(()) RBIMPL_ATTR_WEAKREF(sym)
      |                                      ^~~~~~~~~~~~~~~~~~~~~~~~
/nix/store/kj9xkgqsiz5h24k2f947z3p6h3mcn2hc-ruby-3.3.10/include/ruby-3.3.0/ruby/internal/anyargs.h:271:1: note: in expansion of macro ‘RBIMPL_ANYARGS_ATTRSET’
  271 | RBIMPL_ANYARGS_ATTRSET(sym) static void sym ## _13(__VA_ARGS__, VALUE(*)(VALUE, VALUE, VALUE, VALUE, VALUE, VALUE, VALUE, VALUE, VALUE, VALUE, VALUE, VALUE, VALUE, VALUE), int); \
      | ^~~~~~~~~~~~~~~~~~~~~~
/nix/store/kj9xkgqsiz5h24k2f947z3p6h3mcn2hc-ruby-3.3.10/include/ruby-3.3.0/ruby/internal/anyargs.h:279:1: note: in expansion of macro ‘RBIMPL_ANYARGS_DECL’
  279 | RBIMPL_ANYARGS_DECL(rb_define_method_id, VALUE, ID)
      | ^~~~~~~~~~~~~~~~~~~
/nix/store/kj9xkgqsiz5h24k2f947z3p6h3mcn2hc-ruby-3.3.10/include/ruby-3.3.0/ruby/internal/attr/maybe_unused.h:31:37: error: ISO C does not support ‘[[]]’ attributes before C23 [-Werror=pedantic]
   31 | # define RBIMPL_ATTR_MAYBE_UNUSED() [[maybe_unused]]
      |                                     ^
/nix/store/kj9xkgqsiz5h24k2f947z3p6h3mcn2hc-ruby-3.3.10/include/ruby-3.3.0/ruby/internal/anyargs.h:252:38: note: in expansion of macro ‘RBIMPL_ATTR_MAYBE_UNUSED’
  252 | # define RBIMPL_ANYARGS_ATTRSET(sym) RBIMPL_ATTR_MAYBE_UNUSED() RBIMPL_ATTR_NONNULL(()) RBIMPL_ATTR_WEAKREF(sym)
      |                                      ^~~~~~~~~~~~~~~~~~~~~~~~
/nix/store/kj9xkgqsiz5h24k2f947z3p6h3mcn2hc-ruby-3.3.10/include/ruby-3.3.0/ruby/internal/anyargs.h:272:1: note: in expansion of macro ‘RBIMPL_ANYARGS_ATTRSET’
  272 | RBIMPL_ANYARGS_ATTRSET(sym) static void sym ## _14(__VA_ARGS__, VALUE(*)(VALUE, VALUE, VALUE, VALUE, VALUE, VALUE, VALUE, VALUE, VALUE, VALUE, VALUE, VALUE, VALUE, VALUE, VALUE), int); \
      | ^~~~~~~~~~~~~~~~~~~~~~
/nix/store/kj9xkgqsiz5h24k2f947z3p6h3mcn2hc-ruby-3.3.10/include/ruby-3.3.0/ruby/internal/anyargs.h:279:1: note: in expansion of macro ‘RBIMPL_ANYARGS_DECL’
  279 | RBIMPL_ANYARGS_DECL(rb_define_method_id, VALUE, ID)
      | ^~~~~~~~~~~~~~~~~~~
/nix/store/kj9xkgqsiz5h24k2f947z3p6h3mcn2hc-ruby-3.3.10/include/ruby-3.3.0/ruby/internal/attr/maybe_unused.h:31:37: error: ISO C does not support ‘[[]]’ attributes before C23 [-Werror=pedantic]
   31 | # define RBIMPL_ATTR_MAYBE_UNUSED() [[maybe_unused]]
      |                                     ^
/nix/store/kj9xkgqsiz5h24k2f947z3p6h3mcn2hc-ruby-3.3.10/include/ruby-3.3.0/ruby/internal/anyargs.h:252:38: note: in expansion of macro ‘RBIMPL_ATTR_MAYBE_UNUSED’
  252 | # define RBIMPL_ANYARGS_ATTRSET(sym) RBIMPL_ATTR_MAYBE_UNUSED() RBIMPL_ATTR_NONNULL(()) RBIMPL_ATTR_WEAKREF(sym)
      |                                      ^~~~~~~~~~~~~~~~~~~~~~~~
/nix/store/kj9xkgqsiz5h24k2f947z3p6h3mcn2hc-ruby-3.3.10/include/ruby-3.3.0/ruby/internal/anyargs.h:273:1: note: in expansion of macro ‘RBIMPL_ANYARGS_ATTRSET’
  273 | RBIMPL_ANYARGS_ATTRSET(sym) static void sym ## _15(__VA_ARGS__, VALUE(*)(VALUE, VALUE, VALUE, VALUE, VALUE, VALUE, VALUE, VALUE, VALUE, VALUE, VALUE, VALUE, VALUE, VALUE, VALUE, VALUE), int);
      | ^~~~~~~~~~~~~~~~~~~~~~
/nix/store/kj9xkgqsiz5h24k2f947z3p6h3mcn2hc-ruby-3.3.10/include/ruby-3.3.0/ruby/internal/anyargs.h:279:1: note: in expansion of macro ‘RBIMPL_ANYARGS_DECL’
  279 | RBIMPL_ANYARGS_DECL(rb_define_method_id, VALUE, ID)
      | ^~~~~~~~~~~~~~~~~~~
/nix/store/kj9xkgqsiz5h24k2f947z3p6h3mcn2hc-ruby-3.3.10/include/ruby-3.3.0/ruby/internal/attr/maybe_unused.h:31:37: error: ISO C does not support ‘[[]]’ attributes before C23 [-Werror=pedantic]
   31 | # define RBIMPL_ATTR_MAYBE_UNUSED() [[maybe_unused]]
      |                                     ^
/nix/store/kj9xkgqsiz5h24k2f947z3p6h3mcn2hc-ruby-3.3.10/include/ruby-3.3.0/ruby/internal/anyargs.h:252:38: note: in expansion of macro ‘RBIMPL_ATTR_MAYBE_UNUSED’
  252 | # define RBIMPL_ANYARGS_ATTRSET(sym) RBIMPL_ATTR_MAYBE_UNUSED() RBIMPL_ATTR_NONNULL(()) RBIMPL_ATTR_WEAKREF(sym)
      |                                      ^~~~~~~~~~~~~~~~~~~~~~~~
/nix/store/kj9xkgqsiz5h24k2f947z3p6h3mcn2hc-ruby-3.3.10/include/ruby-3.3.0/ruby/internal/anyargs.h:254:1: note: in expansion of macro ‘RBIMPL_ANYARGS_ATTRSET’
  254 | RBIMPL_ANYARGS_ATTRSET(sym) static void sym ## _notimpl(__VA_ARGS__, VALUE(*)(int, const VALUE *, VALUE, VALUE), int); \
      | ^~~~~~~~~~~~~~~~~~~~~~
/nix/store/kj9xkgqsiz5h24k2f947z3p6h3mcn2hc-ruby-3.3.10/include/ruby-3.3.0/ruby/internal/anyargs.h:280:1: note: in expansion of macro ‘RBIMPL_ANYARGS_DECL’
  280 | RBIMPL_ANYARGS_DECL(rb_define_method, VALUE, const char *)
      | ^~~~~~~~~~~~~~~~~~~
/nix/store/kj9xkgqsiz5h24k2f947z3p6h3mcn2hc-ruby-3.3.10/include/ruby-3.3.0/ruby/internal/attr/maybe_unused.h:31:37: error: ISO C does not support ‘[[]]’ attributes before C23 [-Werror=pedantic]
   31 | # define RBIMPL_ATTR_MAYBE_UNUSED() [[maybe_unused]]
      |                                     ^
/nix/store/kj9xkgqsiz5h24k2f947z3p6h3mcn2hc-ruby-3.3.10/include/ruby-3.3.0/ruby/internal/anyargs.h:252:38: note: in expansion of macro ‘RBIMPL_ATTR_MAYBE_UNUSED’
  252 | # define RBIMPL_ANYARGS_ATTRSET(sym) RBIMPL_ATTR_MAYBE_UNUSED() RBIMPL_ATTR_NONNULL(()) RBIMPL_ATTR_WEAKREF(sym)
      |                                      ^~~~~~~~~~~~~~~~~~~~~~~~
/nix/store/kj9xkgqsiz5h24k2f947z3p6h3mcn2hc-ruby-3.3.10/include/ruby-3.3.0/ruby/internal/anyargs.h:255:1: note: in expansion of macro ‘RBIMPL_ANYARGS_ATTRSET’
  255 | RBIMPL_ANYARGS_ATTRSET(sym) static void sym ## _m3(__VA_ARGS__, VALUE(*)(ANYARGS), int); \
      | ^~~~~~~~~~~~~~~~~~~~~~
/nix/store/kj9xkgqsiz5h24k2f947z3p6h3mcn2hc-ruby-3.3.10/include/ruby-3.3.0/ruby/internal/anyargs.h:280:1: note: in expansion of macro ‘RBIMPL_ANYARGS_DECL’
  280 | RBIMPL_ANYARGS_DECL(rb_define_method, VALUE, const char *)
      | ^~~~~~~~~~~~~~~~~~~
/nix/store/kj9xkgqsiz5h24k2f947z3p6h3mcn2hc-ruby-3.3.10/include/ruby-3.3.0/ruby/internal/attr/maybe_unused.h:31:37: error: ISO C does not support ‘[[]]’ attributes before C23 [-Werror=pedantic]
   31 | # define RBIMPL_ATTR_MAYBE_UNUSED() [[maybe_unused]]
      |                                     ^
/nix/store/kj9xkgqsiz5h24k2f947z3p6h3mcn2hc-ruby-3.3.10/include/ruby-3.3.0/ruby/internal/anyargs.h:252:38: note: in expansion of macro ‘RBIMPL_ATTR_MAYBE_UNUSED’
  252 | # define RBIMPL_ANYARGS_ATTRSET(sym) RBIMPL_ATTR_MAYBE_UNUSED() RBIMPL_ATTR_NONNULL(()) RBIMPL_ATTR_WEAKREF(sym)
      |                                      ^~~~~~~~~~~~~~~~~~~~~~~~
/nix/store/kj9xkgqsiz5h24k2f947z3p6h3mcn2hc-ruby-3.3.10/include/ruby-3.3.0/ruby/internal/anyargs.h:256:1: note: in expansion of macro ‘RBIMPL_ANYARGS_ATTRSET’
  256 | RBIMPL_ANYARGS_ATTRSET(sym) static void sym ## _m2(__VA_ARGS__, VALUE(*)(VALUE, VALUE), int); \
      | ^~~~~~~~~~~~~~~~~~~~~~
/nix/store/kj9xkgqsiz5h24k2f947z3p6h3mcn2hc-ruby-3.3.10/include/ruby-3.3.0/ruby/internal/anyargs.h:280:1: note: in expansion of macro ‘RBIMPL_ANYARGS_DECL’
  280 | RBIMPL_ANYARGS_DECL(rb_define_method, VALUE, const char *)
      | ^~~~~~~~~~~~~~~~~~~
/nix/store/kj9xkgqsiz5h24k2f947z3p6h3mcn2hc-ruby-3.3.10/include/ruby-3.3.0/ruby/internal/attr/maybe_unused.h:31:37: error: ISO C does not support ‘[[]]’ attributes before C23 [-Werror=pedantic]
   31 | # define RBIMPL_ATTR_MAYBE_UNUSED() [[maybe_unused]]
      |                                     ^
/nix/store/kj9xkgqsiz5h24k2f947z3p6h3mcn2hc-ruby-3.3.10/include/ruby-3.3.0/ruby/internal/anyargs.h:252:38: note: in expansion of macro ‘RBIMPL_ATTR_MAYBE_UNUSED’
  252 | # define RBIMPL_ANYARGS_ATTRSET(sym) RBIMPL_ATTR_MAYBE_UNUSED() RBIMPL_ATTR_NONNULL(()) RBIMPL_ATTR_WEAKREF(sym)
      |                                      ^~~~~~~~~~~~~~~~~~~~~~~~
/nix/store/kj9xkgqsiz5h24k2f947z3p6h3mcn2hc-ruby-3.3.10/include/ruby-3.3.0/ruby/internal/anyargs.h:257:1: note: in expansion of macro ‘RBIMPL_ANYARGS_ATTRSET’
  257 | RBIMPL_ANYARGS_ATTRSET(sym) static void sym ## _m1(__VA_ARGS__, VALUE(*)(int, union { VALUE *x; const VALUE *y; } __attribute__((__transparent_union__)), VALUE), int); \
      | ^~~~~~~~~~~~~~~~~~~~~~
/nix/store/kj9xkgqsiz5h24k2f947z3p6h3mcn2hc-ruby-3.3.10/include/ruby-3.3.0/ruby/internal/anyargs.h:280:1: note: in expansion of macro ‘RBIMPL_ANYARGS_DECL’
  280 | RBIMPL_ANYARGS_DECL(rb_define_method, VALUE, const char *)
      | ^~~~~~~~~~~~~~~~~~~
/nix/store/kj9xkgqsiz5h24k2f947z3p6h3mcn2hc-ruby-3.3.10/include/ruby-3.3.0/ruby/internal/attr/maybe_unused.h:31:37: error: ISO C does not support ‘[[]]’ attributes before C23 [-Werror=pedantic]
   31 | # define RBIMPL_ATTR_MAYBE_UNUSED() [[maybe_unused]]
      |                                     ^
/nix/store/kj9xkgqsiz5h24k2f947z3p6h3mcn2hc-ruby-3.3.10/include/ruby-3.3.0/ruby/internal/anyargs.h:252:38: note: in expansion of macro ‘RBIMPL_ATTR_MAYBE_UNUSED’
  252 | # define RBIMPL_ANYARGS_ATTRSET(sym) RBIMPL_ATTR_MAYBE_UNUSED() RBIMPL_ATTR_NONNULL(()) RBIMPL_ATTR_WEAKREF(sym)
      |                                      ^~~~~~~~~~~~~~~~~~~~~~~~
/nix/store/kj9xkgqsiz5h24k2f947z3p6h3mcn2hc-ruby-3.3.10/include/ruby-3.3.0/ruby/internal/anyargs.h:258:1: note: in expansion of macro ‘RBIMPL_ANYARGS_ATTRSET’
  258 | RBIMPL_ANYARGS_ATTRSET(sym) static void sym ## _00(__VA_ARGS__, VALUE(*)(VALUE), int); \
      | ^~~~~~~~~~~~~~~~~~~~~~
/nix/store/kj9xkgqsiz5h24k2f947z3p6h3mcn2hc-ruby-3.3.10/include/ruby-3.3.0/ruby/internal/anyargs.h:280:1: note: in expansion of macro ‘RBIMPL_ANYARGS_DECL’
  280 | RBIMPL_ANYARGS_DECL(rb_define_method, VALUE, const char *)
      | ^~~~~~~~~~~~~~~~~~~
/nix/store/kj9xkgqsiz5h24k2f947z3p6h3mcn2hc-ruby-3.3.10/include/ruby-3.3.0/ruby/internal/attr/maybe_unused.h:31:37: error: ISO C does not support ‘[[]]’ attributes before C23 [-Werror=pedantic]
   31 | # define RBIMPL_ATTR_MAYBE_UNUSED() [[maybe_unused]]
      |                                     ^
/nix/store/kj9xkgqsiz5h24k2f947z3p6h3mcn2hc-ruby-3.3.10/include/ruby-3.3.0/ruby/internal/anyargs.h:252:38: note: in expansion of macro ‘RBIMPL_ATTR_MAYBE_UNUSED’
  252 | # define RBIMPL_ANYARGS_ATTRSET(sym) RBIMPL_ATTR_MAYBE_UNUSED() RBIMPL_ATTR_NONNULL(()) RBIMPL_ATTR_WEAKREF(sym)
      |                                      ^~~~~~~~~~~~~~~~~~~~~~~~
/nix/store/kj9xkgqsiz5h24k2f947z3p6h3mcn2hc-ruby-3.3.10/include/ruby-3.3.0/ruby/internal/anyargs.h:259:1: note: in expansion of macro ‘RBIMPL_ANYARGS_ATTRSET’
  259 | RBIMPL_ANYARGS_ATTRSET(sym) static void sym ## _01(__VA_ARGS__, VALUE(*)(VALUE, VALUE), int); \
      | ^~~~~~~~~~~~~~~~~~~~~~
/nix/store/kj9xkgqsiz5h24k2f947z3p6h3mcn2hc-ruby-3.3.10/include/ruby-3.3.0/ruby/internal/anyargs.h:280:1: note: in expansion of macro ‘RBIMPL_ANYARGS_DECL’
  280 | RBIMPL_ANYARGS_DECL(rb_define_method, VALUE, const char *)
      | ^~~~~~~~~~~~~~~~~~~
/nix/store/kj9xkgqsiz5h24k2f947z3p6h3mcn2hc-ruby-3.3.10/include/ruby-3.3.0/ruby/internal/attr/maybe_unused.h:31:37: error: ISO C does not support ‘[[]]’ attributes before C23 [-Werror=pedantic]
   31 | # define RBIMPL_ATTR_MAYBE_UNUSED() [[maybe_unused]]
      |                                     ^
/nix/store/kj9xkgqsiz5h24k2f947z3p6h3mcn2hc-ruby-3.3.10/include/ruby-3.3.0/ruby/internal/anyargs.h:252:38: note: in expansion of macro ‘RBIMPL_ATTR_MAYBE_UNUSED’
  252 | # define RBIMPL_ANYARGS_ATTRSET(sym) RBIMPL_ATTR_MAYBE_UNUSED() RBIMPL_ATTR_NONNULL(()) RBIMPL_ATTR_WEAKREF(sym)
      |                                      ^~~~~~~~~~~~~~~~~~~~~~~~
/nix/store/kj9xkgqsiz5h24k2f947z3p6h3mcn2hc-ruby-3.3.10/include/ruby-3.3.0/ruby/internal/anyargs.h:260:1: note: in expansion of macro ‘RBIMPL_ANYARGS_ATTRSET’
  260 | RBIMPL_ANYARGS_ATTRSET(sym) static void sym ## _02(__VA_ARGS__, VALUE(*)(VALUE, VALUE, VALUE), int); \
      | ^~~~~~~~~~~~~~~~~~~~~~
/nix/store/kj9xkgqsiz5h24k2f947z3p6h3mcn2hc-ruby-3.3.10/include/ruby-3.3.0/ruby/internal/anyargs.h:280:1: note: in expansion of macro ‘RBIMPL_ANYARGS_DECL’
  280 | RBIMPL_ANYARGS_DECL(rb_define_method, VALUE, const char *)
      | ^~~~~~~~~~~~~~~~~~~
/nix/store/kj9xkgqsiz5h24k2f947z3p6h3mcn2hc-ruby-3.3.10/include/ruby-3.3.0/ruby/internal/attr/maybe_unused.h:31:37: error: ISO C does not support ‘[[]]’ attributes before C23 [-Werror=pedantic]
   31 | # define RBIMPL_ATTR_MAYBE_UNUSED() [[maybe_unused]]
      |                                     ^
/nix/store/kj9xkgqsiz5h24k2f947z3p6h3mcn2hc-ruby-3.3.10/include/ruby-3.3.0/ruby/internal/anyargs.h:252:38: note: in expansion of macro ‘RBIMPL_ATTR_MAYBE_UNUSED’
  252 | # define RBIMPL_ANYARGS_ATTRSET(sym) RBIMPL_ATTR_MAYBE_UNUSED() RBIMPL_ATTR_NONNULL(()) RBIMPL_ATTR_WEAKREF(sym)
      |                                      ^~~~~~~~~~~~~~~~~~~~~~~~
/nix/store/kj9xkgqsiz5h24k2f947z3p6h3mcn2hc-ruby-3.3.10/include/ruby-3.3.0/ruby/internal/anyargs.h:261:1: note: in expansion of macro ‘RBIMPL_ANYARGS_ATTRSET’
  261 | RBIMPL_ANYARGS_ATTRSET(sym) static void sym ## _03(__VA_ARGS__, VALUE(*)(VALUE, VALUE, VALUE, VALUE), int); \
      | ^~~~~~~~~~~~~~~~~~~~~~
/nix/store/kj9xkgqsiz5h24k2f947z3p6h3mcn2hc-ruby-3.3.10/include/ruby-3.3.0/ruby/internal/anyargs.h:280:1: note: in expansion of macro ‘RBIMPL_ANYARGS_DECL’
  280 | RBIMPL_ANYARGS_DECL(rb_define_method, VALUE, const char *)
      | ^~~~~~~~~~~~~~~~~~~
/nix/store/kj9xkgqsiz5h24k2f947z3p6h3mcn2hc-ruby-3.3.10/include/ruby-3.3.0/ruby/internal/attr/maybe_unused.h:31:37: error: ISO C does not support ‘[[]]’ attributes before C23 [-Werror=pedantic]
   31 | # define RBIMPL_ATTR_MAYBE_UNUSED() [[maybe_unused]]
      |                                     ^
/nix/store/kj9xkgqsiz5h24k2f947z3p6h3mcn2hc-ruby-3.3.10/include/ruby-3.3.0/ruby/internal/anyargs.h:252:38: note: in expansion of macro ‘RBIMPL_ATTR_MAYBE_UNUSED’
  252 | # define RBIMPL_ANYARGS_ATTRSET(sym) RBIMPL_ATTR_MAYBE_UNUSED() RBIMPL_ATTR_NONNULL(()) RBIMPL_ATTR_WEAKREF(sym)
      |                                      ^~~~~~~~~~~~~~~~~~~~~~~~
/nix/store/kj9xkgqsiz5h24k2f947z3p6h3mcn2hc-ruby-3.3.10/include/ruby-3.3.0/ruby/internal/anyargs.h:262:1: note: in expansion of macro ‘RBIMPL_ANYARGS_ATTRSET’
  262 | RBIMPL_ANYARGS_ATTRSET(sym) static void sym ## _04(__VA_ARGS__, VALUE(*)(VALUE, VALUE, VALUE, VALUE, VALUE), int); \
      | ^~~~~~~~~~~~~~~~~~~~~~
/nix/store/kj9xkgqsiz5h24k2f947z3p6h3mcn2hc-ruby-3.3.10/include/ruby-3.3.0/ruby/internal/anyargs.h:280:1: note: in expansion of macro ‘RBIMPL_ANYARGS_DECL’
  280 | RBIMPL_ANYARGS_DECL(rb_define_method, VALUE, const char *)
      | ^~~~~~~~~~~~~~~~~~~
/nix/store/kj9xkgqsiz5h24k2f947z3p6h3mcn2hc-ruby-3.3.10/include/ruby-3.3.0/ruby/internal/attr/maybe_unused.h:31:37: error: ISO C does not support ‘[[]]’ attributes before C23 [-Werror=pedantic]
   31 | # define RBIMPL_ATTR_MAYBE_UNUSED() [[maybe_unused]]
      |                                     ^
/nix/store/kj9xkgqsiz5h24k2f947z3p6h3mcn2hc-ruby-3.3.10/include/ruby-3.3.0/ruby/internal/anyargs.h:252:38: note: in expansion of macro ‘RBIMPL_ATTR_MAYBE_UNUSED’
  252 | # define RBIMPL_ANYARGS_ATTRSET(sym) RBIMPL_ATTR_MAYBE_UNUSED() RBIMPL_ATTR_NONNULL(()) RBIMPL_ATTR_WEAKREF(sym)
      |                                      ^~~~~~~~~~~~~~~~~~~~~~~~
/nix/store/kj9xkgqsiz5h24k2f947z3p6h3mcn2hc-ruby-3.3.10/include/ruby-3.3.0/ruby/internal/anyargs.h:263:1: note: in expansion of macro ‘RBIMPL_ANYARGS_ATTRSET’
  263 | RBIMPL_ANYARGS_ATTRSET(sym) static void sym ## _05(__VA_ARGS__, VALUE(*)(VALUE, VALUE, VALUE, VALUE, VALUE, VALUE), int); \
      | ^~~~~~~~~~~~~~~~~~~~~~
/nix/store/kj9xkgqsiz5h24k2f947z3p6h3mcn2hc-ruby-3.3.10/include/ruby-3.3.0/ruby/internal/anyargs.h:280:1: note: in expansion of macro ‘RBIMPL_ANYARGS_DECL’
  280 | RBIMPL_ANYARGS_DECL(rb_define_method, VALUE, const char *)
      | ^~~~~~~~~~~~~~~~~~~
/nix/store/kj9xkgqsiz5h24k2f947z3p6h3mcn2hc-ruby-3.3.10/include/ruby-3.3.0/ruby/internal/attr/maybe_unused.h:31:37: error: ISO C does not support ‘[[]]’ attributes before C23 [-Werror=pedantic]
   31 | # define RBIMPL_ATTR_MAYBE_UNUSED() [[maybe_unused]]
      |                                     ^
/nix/store/kj9xkgqsiz5h24k2f947z3p6h3mcn2hc-ruby-3.3.10/include/ruby-3.3.0/ruby/internal/anyargs.h:252:38: note: in expansion of macro ‘RBIMPL_ATTR_MAYBE_UNUSED’
  252 | # define RBIMPL_ANYARGS_ATTRSET(sym) RBIMPL_ATTR_MAYBE_UNUSED() RBIMPL_ATTR_NONNULL(()) RBIMPL_ATTR_WEAKREF(sym)
      |                                      ^~~~~~~~~~~~~~~~~~~~~~~~
/nix/store/kj9xkgqsiz5h24k2f947z3p6h3mcn2hc-ruby-3.3.10/include/ruby-3.3.0/ruby/internal/anyargs.h:264:1: note: in expansion of macro ‘RBIMPL_ANYARGS_ATTRSET’
  264 | RBIMPL_ANYARGS_ATTRSET(sym) static void sym ## _06(__VA_ARGS__, VALUE(*)(VALUE, VALUE, VALUE, VALUE, VALUE, VALUE, VALUE), int); \
      | ^~~~~~~~~~~~~~~~~~~~~~
/nix/store/kj9xkgqsiz5h24k2f947z3p6h3mcn2hc-ruby-3.3.10/include/ruby-3.3.0/ruby/internal/anyargs.h:280:1: note: in expansion of macro ‘RBIMPL_ANYARGS_DECL’
  280 | RBIMPL_ANYARGS_DECL(rb_define_method, VALUE, const char *)
      | ^~~~~~~~~~~~~~~~~~~
/nix/store/kj9xkgqsiz5h24k2f947z3p6h3mcn2hc-ruby-3.3.10/include/ruby-3.3.0/ruby/internal/attr/maybe_unused.h:31:37: error: ISO C does not support ‘[[]]’ attributes before C23 [-Werror=pedantic]
   31 | # define RBIMPL_ATTR_MAYBE_UNUSED() [[maybe_unused]]
      |                                     ^
/nix/store/kj9xkgqsiz5h24k2f947z3p6h3mcn2hc-ruby-3.3.10/include/ruby-3.3.0/ruby/internal/anyargs.h:252:38: note: in expansion of macro ‘RBIMPL_ATTR_MAYBE_UNUSED’
  252 | # define RBIMPL_ANYARGS_ATTRSET(sym) RBIMPL_ATTR_MAYBE_UNUSED() RBIMPL_ATTR_NONNULL(()) RBIMPL_ATTR_WEAKREF(sym)
      |                                      ^~~~~~~~~~~~~~~~~~~~~~~~
/nix/store/kj9xkgqsiz5h24k2f947z3p6h3mcn2hc-ruby-3.3.10/include/ruby-3.3.0/ruby/internal/anyargs.h:265:1: note: in expansion of macro ‘RBIMPL_ANYARGS_ATTRSET’
  265 | RBIMPL_ANYARGS_ATTRSET(sym) static void sym ## _07(__VA_ARGS__, VALUE(*)(VALUE, VALUE, VALUE, VALUE, VALUE, VALUE, VALUE, VALUE), int); \
      | ^~~~~~~~~~~~~~~~~~~~~~
/nix/store/kj9xkgqsiz5h24k2f947z3p6h3mcn2hc-ruby-3.3.10/include/ruby-3.3.0/ruby/internal/anyargs.h:280:1: note: in expansion of macro ‘RBIMPL_ANYARGS_DECL’
  280 | RBIMPL_ANYARGS_DECL(rb_define_method, VALUE, const char *)
      | ^~~~~~~~~~~~~~~~~~~
/nix/store/kj9xkgqsiz5h24k2f947z3p6h3mcn2hc-ruby-3.3.10/include/ruby-3.3.0/ruby/internal/attr/maybe_unused.h:31:37: error: ISO C does not support ‘[[]]’ attributes before C23 [-Werror=pedantic]
   31 | # define RBIMPL_ATTR_MAYBE_UNUSED() [[maybe_unused]]
      |                                     ^
/nix/store/kj9xkgqsiz5h24k2f947z3p6h3mcn2hc-ruby-3.3.10/include/ruby-3.3.0/ruby/internal/anyargs.h:252:38: note: in expansion of macro ‘RBIMPL_ATTR_MAYBE_UNUSED’
  252 | # define RBIMPL_ANYARGS_ATTRSET(sym) RBIMPL_ATTR_MAYBE_UNUSED() RBIMPL_ATTR_NONNULL(()) RBIMPL_ATTR_WEAKREF(sym)
      |                                      ^~~~~~~~~~~~~~~~~~~~~~~~
/nix/store/kj9xkgqsiz5h24k2f947z3p6h3mcn2hc-ruby-3.3.10/include/ruby-3.3.0/ruby/internal/anyargs.h:266:1: note: in expansion of macro ‘RBIMPL_ANYARGS_ATTRSET’
  266 | RBIMPL_ANYARGS_ATTRSET(sym) static void sym ## _08(__VA_ARGS__, VALUE(*)(VALUE, VALUE, VALUE, VALUE, VALUE, VALUE, VALUE, VALUE, VALUE), int); \
      | ^~~~~~~~~~~~~~~~~~~~~~
/nix/store/kj9xkgqsiz5h24k2f947z3p6h3mcn2hc-ruby-3.3.10/include/ruby-3.3.0/ruby/internal/anyargs.h:280:1: note: in expansion of macro ‘RBIMPL_ANYARGS_DECL’
  280 | RBIMPL_ANYARGS_DECL(rb_define_method, VALUE, const char *)
      | ^~~~~~~~~~~~~~~~~~~
/nix/store/kj9xkgqsiz5h24k2f947z3p6h3mcn2hc-ruby-3.3.10/include/ruby-3.3.0/ruby/internal/attr/maybe_unused.h:31:37: error: ISO C does not support ‘[[]]’ attributes before C23 [-Werror=pedantic]
   31 | # define RBIMPL_ATTR_MAYBE_UNUSED() [[maybe_unused]]
      |                                     ^
/nix/store/kj9xkgqsiz5h24k2f947z3p6h3mcn2hc-ruby-3.3.10/include/ruby-3.3.0/ruby/internal/anyargs.h:252:38: note: in expansion of macro ‘RBIMPL_ATTR_MAYBE_UNUSED’
  252 | # define RBIMPL_ANYARGS_ATTRSET(sym) RBIMPL_ATTR_MAYBE_UNUSED() RBIMPL_ATTR_NONNULL(()) RBIMPL_ATTR_WEAKREF(sym)
      |                                      ^~~~~~~~~~~~~~~~~~~~~~~~
/nix/store/kj9xkgqsiz5h24k2f947z3p6h3mcn2hc-ruby-3.3.10/include/ruby-3.3.0/ruby/internal/anyargs.h:267:1: note: in expansion of macro ‘RBIMPL_ANYARGS_ATTRSET’
  267 | RBIMPL_ANYARGS_ATTRSET(sym) static void sym ## _09(__VA_ARGS__, VALUE(*)(VALUE, VALUE, VALUE, VALUE, VALUE, VALUE, VALUE, VALUE, VALUE, VALUE), int); \
      | ^~~~~~~~~~~~~~~~~~~~~~
/nix/store/kj9xkgqsiz5h24k2f947z3p6h3mcn2hc-ruby-3.3.10/include/ruby-3.3.0/ruby/internal/anyargs.h:280:1: note: in expansion of macro ‘RBIMPL_ANYARGS_DECL’
  280 | RBIMPL_ANYARGS_DECL(rb_define_method, VALUE, const char *)
      | ^~~~~~~~~~~~~~~~~~~
/nix/store/kj9xkgqsiz5h24k2f947z3p6h3mcn2hc-ruby-3.3.10/include/ruby-3.3.0/ruby/internal/attr/maybe_unused.h:31:37: error: ISO C does not support ‘[[]]’ attributes before C23 [-Werror=pedantic]
   31 | # define RBIMPL_ATTR_MAYBE_UNUSED() [[maybe_unused]]
      |                                     ^
/nix/store/kj9xkgqsiz5h24k2f947z3p6h3mcn2hc-ruby-3.3.10/include/ruby-3.3.0/ruby/internal/anyargs.h:252:38: note: in expansion of macro ‘RBIMPL_ATTR_MAYBE_UNUSED’
  252 | # define RBIMPL_ANYARGS_ATTRSET(sym) RBIMPL_ATTR_MAYBE_UNUSED() RBIMPL_ATTR_NONNULL(()) RBIMPL_ATTR_WEAKREF(sym)
      |                                      ^~~~~~~~~~~~~~~~~~~~~~~~
/nix/store/kj9xkgqsiz5h24k2f947z3p6h3mcn2hc-ruby-3.3.10/include/ruby-3.3.0/ruby/internal/anyargs.h:268:1: note: in expansion of macro ‘RBIMPL_ANYARGS_ATTRSET’
  268 | RBIMPL_ANYARGS_ATTRSET(sym) static void sym ## _10(__VA_ARGS__, VALUE(*)(VALUE, VALUE, VALUE, VALUE, VALUE, VALUE, VALUE, VALUE, VALUE, VALUE, VALUE), int); \
      | ^~~~~~~~~~~~~~~~~~~~~~
/nix/store/kj9xkgqsiz5h24k2f947z3p6h3mcn2hc-ruby-3.3.10/include/ruby-3.3.0/ruby/internal/anyargs.h:280:1: note: in expansion of macro ‘RBIMPL_ANYARGS_DECL’
  280 | RBIMPL_ANYARGS_DECL(rb_define_method, VALUE, const char *)
      | ^~~~~~~~~~~~~~~~~~~
/nix/store/kj9xkgqsiz5h24k2f947z3p6h3mcn2hc-ruby-3.3.10/include/ruby-3.3.0/ruby/internal/attr/maybe_unused.h:31:37: error: ISO C does not support ‘[[]]’ attributes before C23 [-Werror=pedantic]
   31 | # define RBIMPL_ATTR_MAYBE_UNUSED() [[maybe_unused]]
      |                                     ^
/nix/store/kj9xkgqsiz5h24k2f947z3p6h3mcn2hc-ruby-3.3.10/include/ruby-3.3.0/ruby/internal/anyargs.h:252:38: note: in expansion of macro ‘RBIMPL_ATTR_MAYBE_UNUSED’
  252 | # define RBIMPL_ANYARGS_ATTRSET(sym) RBIMPL_ATTR_MAYBE_UNUSED() RBIMPL_ATTR_NONNULL(()) RBIMPL_ATTR_WEAKREF(sym)
      |                                      ^~~~~~~~~~~~~~~~~~~~~~~~
/nix/store/kj9xkgqsiz5h24k2f947z3p6h3mcn2hc-ruby-3.3.10/include/ruby-3.3.0/ruby/internal/anyargs.h:269:1: note: in expansion of macro ‘RBIMPL_ANYARGS_ATTRSET’
  269 | RBIMPL_ANYARGS_ATTRSET(sym) static void sym ## _11(__VA_ARGS__, VALUE(*)(VALUE, VALUE, VALUE, VALUE, VALUE, VALUE, VALUE, VALUE, VALUE, VALUE, VALUE, VALUE), int); \
      | ^~~~~~~~~~~~~~~~~~~~~~
/nix/store/kj9xkgqsiz5h24k2f947z3p6h3mcn2hc-ruby-3.3.10/include/ruby-3.3.0/ruby/internal/anyargs.h:280:1: note: in expansion of macro ‘RBIMPL_ANYARGS_DECL’
  280 | RBIMPL_ANYARGS_DECL(rb_define_method, VALUE, const char *)
      | ^~~~~~~~~~~~~~~~~~~
/nix/store/kj9xkgqsiz5h24k2f947z3p6h3mcn2hc-ruby-3.3.10/include/ruby-3.3.0/ruby/internal/attr/maybe_unused.h:31:37: error: ISO C does not support ‘[[]]’ attributes before C23 [-Werror=pedantic]
   31 | # define RBIMPL_ATTR_MAYBE_UNUSED() [[maybe_unused]]
      |                                     ^
/nix/store/kj9xkgqsiz5h24k2f947z3p6h3mcn2hc-ruby-3.3.10/include/ruby-3.3.0/ruby/internal/anyargs.h:252:38: note: in expansion of macro ‘RBIMPL_ATTR_MAYBE_UNUSED’
  252 | # define RBIMPL_ANYARGS_ATTRSET(sym) RBIMPL_ATTR_MAYBE_UNUSED() RBIMPL_ATTR_NONNULL(()) RBIMPL_ATTR_WEAKREF(sym)
      |                                      ^~~~~~~~~~~~~~~~~~~~~~~~
/nix/store/kj9xkgqsiz5h24k2f947z3p6h3mcn2hc-ruby-3.3.10/include/ruby-3.3.0/ruby/internal/anyargs.h:270:1: note: in expansion of macro ‘RBIMPL_ANYARGS_ATTRSET’
  270 | RBIMPL_ANYARGS_ATTRSET(sym) static void sym ## _12(__VA_ARGS__, VALUE(*)(VALUE, VALUE, VALUE, VALUE, VALUE, VALUE, VALUE, VALUE, VALUE, VALUE, VALUE, VALUE, VALUE), int); \
      | ^~~~~~~~~~~~~~~~~~~~~~
/nix/store/kj9xkgqsiz5h24k2f947z3p6h3mcn2hc-ruby-3.3.10/include/ruby-3.3.0/ruby/internal/anyargs.h:280:1: note: in expansion of macro ‘RBIMPL_ANYARGS_DECL’
  280 | RBIMPL_ANYARGS_DECL(rb_define_method, VALUE, const char *)
      | ^~~~~~~~~~~~~~~~~~~
/nix/store/kj9xkgqsiz5h24k2f947z3p6h3mcn2hc-ruby-3.3.10/include/ruby-3.3.0/ruby/internal/attr/maybe_unused.h:31:37: error: ISO C does not support ‘[[]]’ attributes before C23 [-Werror=pedantic]
   31 | # define RBIMPL_ATTR_MAYBE_UNUSED() [[maybe_unused]]
      |                                     ^
/nix/store/kj9xkgqsiz5h24k2f947z3p6h3mcn2hc-ruby-3.3.10/include/ruby-3.3.0/ruby/internal/anyargs.h:252:38: note: in expansion of macro ‘RBIMPL_ATTR_MAYBE_UNUSED’
  252 | # define RBIMPL_ANYARGS_ATTRSET(sym) RBIMPL_ATTR_MAYBE_UNUSED() RBIMPL_ATTR_NONNULL(()) RBIMPL_ATTR_WEAKREF(sym)
      |                                      ^~~~~~~~~~~~~~~~~~~~~~~~
/nix/store/kj9xkgqsiz5h24k2f947z3p6h3mcn2hc-ruby-3.3.10/include/ruby-3.3.0/ruby/internal/anyargs.h:271:1: note: in expansion of macro ‘RBIMPL_ANYARGS_ATTRSET’
  271 | RBIMPL_ANYARGS_ATTRSET(sym) static void sym ## _13(__VA_ARGS__, VALUE(*)(VALUE, VALUE, VALUE, VALUE, VALUE, VALUE, VALUE, VALUE, VALUE, VALUE, VALUE, VALUE, VALUE, VALUE), int); \
      | ^~~~~~~~~~~~~~~~~~~~~~
/nix/store/kj9xkgqsiz5h24k2f947z3p6h3mcn2hc-ruby-3.3.10/include/ruby-3.3.0/ruby/internal/anyargs.h:280:1: note: in expansion of macro ‘RBIMPL_ANYARGS_DECL’
  280 | RBIMPL_ANYARGS_DECL(rb_define_method, VALUE, const char *)
      | ^~~~~~~~~~~~~~~~~~~
/nix/store/kj9xkgqsiz5h24k2f947z3p6h3mcn2hc-ruby-3.3.10/include/ruby-3.3.0/ruby/internal/attr/maybe_unused.h:31:37: error: ISO C does not support ‘[[]]’ attributes before C23 [-Werror=pedantic]
   31 | # define RBIMPL_ATTR_MAYBE_UNUSED() [[maybe_unused]]
      |                                     ^
/nix/store/kj9xkgqsiz5h24k2f947z3p6h3mcn2hc-ruby-3.3.10/include/ruby-3.3.0/ruby/internal/anyargs.h:252:38: note: in expansion of macro ‘RBIMPL_ATTR_MAYBE_UNUSED’
  252 | # define RBIMPL_ANYARGS_ATTRSET(sym) RBIMPL_ATTR_MAYBE_UNUSED() RBIMPL_ATTR_NONNULL(()) RBIMPL_ATTR_WEAKREF(sym)
      |                                      ^~~~~~~~~~~~~~~~~~~~~~~~
/nix/store/kj9xkgqsiz5h24k2f947z3p6h3mcn2hc-ruby-3.3.10/include/ruby-3.3.0/ruby/internal/anyargs.h:272:1: note: in expansion of macro ‘RBIMPL_ANYARGS_ATTRSET’
  272 | RBIMPL_ANYARGS_ATTRSET(sym) static void sym ## _14(__VA_ARGS__, VALUE(*)(VALUE, VALUE, VALUE, VALUE, VALUE, VALUE, VALUE, VALUE, VALUE, VALUE, VALUE, VALUE, VALUE, VALUE, VALUE), int); \
      | ^~~~~~~~~~~~~~~~~~~~~~
/nix/store/kj9xkgqsiz5h24k2f947z3p6h3mcn2hc-ruby-3.3.10/include/ruby-3.3.0/ruby/internal/anyargs.h:280:1: note: in expansion of macro ‘RBIMPL_ANYARGS_DECL’
  280 | RBIMPL_ANYARGS_DECL(rb_define_method, VALUE, const char *)
      | ^~~~~~~~~~~~~~~~~~~
/nix/store/kj9xkgqsiz5h24k2f947z3p6h3mcn2hc-ruby-3.3.10/include/ruby-3.3.0/ruby/internal/attr/maybe_unused.h:31:37: error: ISO C does not support ‘[[]]’ attributes before C23 [-Werror=pedantic]
   31 | # define RBIMPL_ATTR_MAYBE_UNUSED() [[maybe_unused]]
      |                                     ^
/nix/store/kj9xkgqsiz5h24k2f947z3p6h3mcn2hc-ruby-3.3.10/include/ruby-3.3.0/ruby/internal/anyargs.h:252:38: note: in expansion of macro ‘RBIMPL_ATTR_MAYBE_UNUSED’
  252 | # define RBIMPL_ANYARGS_ATTRSET(sym) RBIMPL_ATTR_MAYBE_UNUSED() RBIMPL_ATTR_NONNULL(()) RBIMPL_ATTR_WEAKREF(sym)
      |                                      ^~~~~~~~~~~~~~~~~~~~~~~~
/nix/store/kj9xkgqsiz5h24k2f947z3p6h3mcn2hc-ruby-3.3.10/include/ruby-3.3.0/ruby/internal/anyargs.h:273:1: note: in expansion of macro ‘RBIMPL_ANYARGS_ATTRSET’
  273 | RBIMPL_ANYARGS_ATTRSET(sym) static void sym ## _15(__VA_ARGS__, VALUE(*)(VALUE, VALUE, VALUE, VALUE, VALUE, VALUE, VALUE, VALUE, VALUE, VALUE, VALUE, VALUE, VALUE, VALUE, VALUE, VALUE), int);
      | ^~~~~~~~~~~~~~~~~~~~~~
/nix/store/kj9xkgqsiz5h24k2f947z3p6h3mcn2hc-ruby-3.3.10/include/ruby-3.3.0/ruby/internal/anyargs.h:280:1: note: in expansion of macro ‘RBIMPL_ANYARGS_DECL’
  280 | RBIMPL_ANYARGS_DECL(rb_define_method, VALUE, const char *)
      | ^~~~~~~~~~~~~~~~~~~
/nix/store/kj9xkgqsiz5h24k2f947z3p6h3mcn2hc-ruby-3.3.10/include/ruby-3.3.0/ruby/internal/attr/maybe_unused.h:31:37: error: ISO C does not support ‘[[]]’ attributes before C23 [-Werror=pedantic]
   31 | # define RBIMPL_ATTR_MAYBE_UNUSED() [[maybe_unused]]
      |                                     ^
/nix/store/kj9xkgqsiz5h24k2f947z3p6h3mcn2hc-ruby-3.3.10/include/ruby-3.3.0/ruby/internal/gc.h:764:5: note: in expansion of macro ‘RBIMPL_ATTR_MAYBE_UNUSED’
  764 |     RBIMPL_ATTR_MAYBE_UNUSED()
      |     ^~~~~~~~~~~~~~~~~~~~~~~~
/nix/store/kj9xkgqsiz5h24k2f947z3p6h3mcn2hc-ruby-3.3.10/include/ruby-3.3.0/ruby/internal/attr/maybe_unused.h:31:37: error: ISO C does not support ‘[[]]’ attributes before C23 [-Werror=pedantic]
   31 | # define RBIMPL_ATTR_MAYBE_UNUSED() [[maybe_unused]]
      |                                     ^
/nix/store/kj9xkgqsiz5h24k2f947z3p6h3mcn2hc-ruby-3.3.10/include/ruby-3.3.0/ruby/internal/gc.h:766:5: note: in expansion of macro ‘RBIMPL_ATTR_MAYBE_UNUSED’
  766 |     RBIMPL_ATTR_MAYBE_UNUSED()
      |     ^~~~~~~~~~~~~~~~~~~~~~~~
/nix/store/kj9xkgqsiz5h24k2f947z3p6h3mcn2hc-ruby-3.3.10/include/ruby-3.3.0/ruby/internal/attr/maybe_unused.h:31:37: error: ISO C does not support ‘[[]]’ attributes before C23 [-Werror=pedantic]
   31 | # define RBIMPL_ATTR_MAYBE_UNUSED() [[maybe_unused]]
      |                                     ^
/nix/store/kj9xkgqsiz5h24k2f947z3p6h3mcn2hc-ruby-3.3.10/include/ruby-3.3.0/ruby/internal/gc.h:792:5: note: in expansion of macro ‘RBIMPL_ATTR_MAYBE_UNUSED’
  792 |     RBIMPL_ATTR_MAYBE_UNUSED()
      |     ^~~~~~~~~~~~~~~~~~~~~~~~
/nix/store/kj9xkgqsiz5h24k2f947z3p6h3mcn2hc-ruby-3.3.10/include/ruby-3.3.0/ruby/internal/attr/maybe_unused.h:31:37: error: ISO C does not support ‘[[]]’ attributes before C23 [-Werror=pedantic]
   31 | # define RBIMPL_ATTR_MAYBE_UNUSED() [[maybe_unused]]
      |                                     ^
/nix/store/kj9xkgqsiz5h24k2f947z3p6h3mcn2hc-ruby-3.3.10/include/ruby-3.3.0/ruby/internal/gc.h:795:5: note: in expansion of macro ‘RBIMPL_ATTR_MAYBE_UNUSED’
  795 |     RBIMPL_ATTR_MAYBE_UNUSED()
      |     ^~~~~~~~~~~~~~~~~~~~~~~~
/nix/store/kj9xkgqsiz5h24k2f947z3p6h3mcn2hc-ruby-3.3.10/include/ruby-3.3.0/ruby/internal/attr/maybe_unused.h:31:37: error: ISO C does not support ‘[[]]’ attributes before C23 [-Werror=pedantic]
   31 | # define RBIMPL_ATTR_MAYBE_UNUSED() [[maybe_unused]]
      |                                     ^
/nix/store/kj9xkgqsiz5h24k2f947z3p6h3mcn2hc-ruby-3.3.10/include/ruby-3.3.0/ruby/internal/gc.h:797:5: note: in expansion of macro ‘RBIMPL_ATTR_MAYBE_UNUSED’
  797 |     RBIMPL_ATTR_MAYBE_UNUSED()
      |     ^~~~~~~~~~~~~~~~~~~~~~~~
/nix/store/kj9xkgqsiz5h24k2f947z3p6h3mcn2hc-ruby-3.3.10/include/ruby-3.3.0/ruby/internal/attr/maybe_unused.h:31:37: error: ISO C does not support ‘[[]]’ attributes before C23 [-Werror=pedantic]
   31 | # define RBIMPL_ATTR_MAYBE_UNUSED() [[maybe_unused]]
      |                                     ^
/nix/store/kj9xkgqsiz5h24k2f947z3p6h3mcn2hc-ruby-3.3.10/include/ruby-3.3.0/ruby/internal/gc.h:827:5: note: in expansion of macro ‘RBIMPL_ATTR_MAYBE_UNUSED’
  827 |     RBIMPL_ATTR_MAYBE_UNUSED()
      |     ^~~~~~~~~~~~~~~~~~~~~~~~
/nix/store/kj9xkgqsiz5h24k2f947z3p6h3mcn2hc-ruby-3.3.10/include/ruby-3.3.0/ruby/internal/attr/maybe_unused.h:31:37: error: ISO C does not support ‘[[]]’ attributes before C23 [-Werror=pedantic]
   31 | # define RBIMPL_ATTR_MAYBE_UNUSED() [[maybe_unused]]
      |                                     ^
/nix/store/kj9xkgqsiz5h24k2f947z3p6h3mcn2hc-ruby-3.3.10/include/ruby-3.3.0/ruby/internal/gc.h:829:5: note: in expansion of macro ‘RBIMPL_ATTR_MAYBE_UNUSED’
  829 |     RBIMPL_ATTR_MAYBE_UNUSED()
      |     ^~~~~~~~~~~~~~~~~~~~~~~~
/nix/store/kj9xkgqsiz5h24k2f947z3p6h3mcn2hc-ruby-3.3.10/include/ruby-3.3.0/ruby/internal/attr/maybe_unused.h:31:37: error: ISO C does not support ‘[[]]’ attributes before C23 [-Werror=pedantic]
   31 | # define RBIMPL_ATTR_MAYBE_UNUSED() [[maybe_unused]]
      |                                     ^
/nix/store/kj9xkgqsiz5h24k2f947z3p6h3mcn2hc-ruby-3.3.10/include/ruby-3.3.0/ruby/backward/2/attributes.h:159:28: note: in expansion of macro ‘RBIMPL_ATTR_MAYBE_UNUSED’
  159 | #define RB_UNUSED_VAR(x) x RBIMPL_ATTR_MAYBE_UNUSED()
      |                            ^~~~~~~~~~~~~~~~~~~~~~~~
/nix/store/kj9xkgqsiz5h24k2f947z3p6h3mcn2hc-ruby-3.3.10/include/ruby-3.3.0/ruby/internal/scan_args.h:391:33: note: in expansion of macro ‘RB_UNUSED_VAR’
  391 |                  VALUE *vars[], RB_UNUSED_VAR(const char *fmt), RB_UNUSED_VAR(int varc))
      |                                 ^~~~~~~~~~~~~
/nix/store/kj9xkgqsiz5h24k2f947z3p6h3mcn2hc-ruby-3.3.10/include/ruby-3.3.0/ruby/internal/attr/maybe_unused.h:31:37: error: ISO C does not support ‘[[]]’ attributes before C23 [-Werror=pedantic]
   31 | # define RBIMPL_ATTR_MAYBE_UNUSED() [[maybe_unused]]
      |                                     ^
/nix/store/kj9xkgqsiz5h24k2f947z3p6h3mcn2hc-ruby-3.3.10/include/ruby-3.3.0/ruby/backward/2/attributes.h:159:28: note: in expansion of macro ‘RBIMPL_ATTR_MAYBE_UNUSED’
  159 | #define RB_UNUSED_VAR(x) x RBIMPL_ATTR_MAYBE_UNUSED()
      |                            ^~~~~~~~~~~~~~~~~~~~~~~~
/nix/store/kj9xkgqsiz5h24k2f947z3p6h3mcn2hc-ruby-3.3.10/include/ruby-3.3.0/ruby/internal/scan_args.h:391:65: note: in expansion of macro ‘RB_UNUSED_VAR’
  391 |                  VALUE *vars[], RB_UNUSED_VAR(const char *fmt), RB_UNUSED_VAR(int varc))
      |                                                                 ^~~~~~~~~~~~~
In file included from /nix/store/kj9xkgqsiz5h24k2f947z3p6h3mcn2hc-ruby-3.3.10/include/ruby-3.3.0/ruby/ruby.h:46:
/nix/store/kj9xkgqsiz5h24k2f947z3p6h3mcn2hc-ruby-3.3.10/include/ruby-3.3.0/ruby/internal/scan_args.h:502:41: error: ‘__VA_OPT__’ is not available until C23 [-Werror=pedantic]
  502 |         (rb_scan_args)(argc, argvp, fmt __VA_OPT__(, __VA_ARGS__)))
      |                                         ^
/nix/store/kj9xkgqsiz5h24k2f947z3p6h3mcn2hc-ruby-3.3.10/include/ruby-3.3.0/ruby/internal/scan_args.h:510:53: error: ‘__VA_OPT__’ is not available until C23 [-Werror=pedantic]
  510 |         (rb_scan_args_kw)(kw_flag, argc, argvp, fmt __VA_OPT__(, __VA_ARGS__)))
      |                                                     ^
cc1: all warnings being treated as errors
checked program was:
/* begin */
1: #include "ruby.h"
2: 
3: int main(int argc, char **argv)
4: {
5:   return !!argv[argc];
6: }
/* end */

--------------------

